Age,Gender,Blood Type,Medical Condition,Date of Admission,Doctor,Hospital,Insurance Provider,Billing Amount,Admission Type,Discharge Date,Medication,Test Results,Length of Stay,Admission Year,Admission Month
30,Male,B-,Cancer,2024-01-31,Matthew Smith,Sons and Miller,Blue Cross,18856.281305978155,Urgent,2024-02-02,Paracetamol,Normal,2,2024,1
62,Male,A+,Obesity,2019-08-20,Samantha Davies,Kim Inc,Medicare,33643.327286577885,Emergency,2019-08-26,Ibuprofen,Inconclusive,6,2019,8
76,Female,A-,Obesity,2022-09-22,Tiffany Mitchell,Cook PLC,Aetna,27955.096078842456,Emergency,2022-10-07,Aspirin,Normal,15,2022,9
28,Female,O+,Diabetes,2020-11-18,Kevin Wells,"Hernandez Rogers and Vang,",Medicare,37909.78240987528,Elective,2020-12-18,Ibuprofen,Abnormal,30,2020,11
43,Female,AB+,Cancer,2022-09-19,Kathleen Hanna,White-White,Aetna,14238.317813937623,Urgent,2022-10-09,Penicillin,Abnormal,20,2022,9
36,Male,A+,Asthma,2023-12-20,Taylor Newton,Nunez-Humphrey,UnitedHealthcare,48145.11095104189,Urgent,2023-12-24,Ibuprofen,Normal,4,2023,12
21,Female,AB-,Diabetes,2020-11-03,Kelly Olson,Group Middleton,Medicare,19580.87234486093,Emergency,2020-11-15,Paracetamol,Inconclusive,12,2020,11
20,Female,A+,Cancer,2021-12-28,Suzanne Thomas,"Powell Robinson and Valdez,",Cigna,45820.46272159459,Emergency,2022-01-07,Paracetamol,Inconclusive,10,2021,12
82,Male,AB+,Asthma,2020-07-01,Daniel Ferguson,Sons Rich and,Cigna,50119.222791548505,Elective,2020-07-14,Aspirin,Abnormal,13,2020,7
58,Female,AB-,Cancer,2021-05-23,Heather Day,Padilla-Walker,UnitedHealthcare,19784.63106221073,Elective,2021-06-22,Paracetamol,Inconclusive,30,2021,5
72,Male,O+,Cancer,2020-04-19,John Duncan,Schaefer-Porter,Medicare,12576.795609050234,Urgent,2020-04-22,Paracetamol,Normal,3,2020,4
38,Female,A-,Hypertension,2023-08-13,Douglas Mayo,Lyons-Blair,Medicare,7999.586879604188,Urgent,2023-09-05,Lipitor,Inconclusive,23,2023,8
75,Female,A+,Diabetes,2019-12-12,Kenneth Fletcher,"Powers Miller, and Flores",Cigna,43282.28335770435,Emergency,2019-12-28,Penicillin,Abnormal,16,2019,12
68,Female,AB+,Asthma,2020-05-22,Theresa Freeman,Rivera-Gutierrez,UnitedHealthcare,33207.706633729606,Urgent,2020-06-19,Lipitor,Normal,28,2020,5
44,Female,AB+,Cancer,2021-10-08,Roberta Stewart,Morris-Arellano,UnitedHealthcare,40701.599227308754,Urgent,2021-10-13,Paracetamol,Normal,5,2021,10
46,Female,AB-,Obesity,2023-01-01,Maria Dougherty,Cline-Williams,Blue Cross,12263.357425021362,Elective,2023-01-11,Aspirin,Inconclusive,10,2023,1
63,Female,A+,Arthritis,2020-06-23,Erica Spencer,Cervantes-Wells,UnitedHealthcare,24499.847903736576,Elective,2020-07-14,Paracetamol,Normal,21,2020,6
38,Male,AB-,Obesity,2020-03-08,Justin Kim,"Torres, and Harrison Jones",Cigna,17440.465444124675,Urgent,2020-04-02,Paracetamol,Abnormal,25,2020,3
34,Female,A-,Hypertension,2021-03-04,Justin Moore Jr.,Houston PLC,Blue Cross,18843.02301783416,Elective,2021-03-14,Aspirin,Abnormal,10,2021,3
63,Male,B+,Asthma,2022-11-15,Denise Galloway,Hammond Ltd,Cigna,23762.203579059587,Elective,2022-11-22,Penicillin,Normal,7,2022,11
67,Female,A-,Asthma,2023-06-28,Krista Smith,Jones LLC,Blue Cross,42.5145885533243,Elective,2023-07-02,Aspirin,Normal,4,2023,6
48,Male,B+,Asthma,2020-01-21,Gregory Smith,Williams-Davis,Aetna,17695.911622343818,Urgent,2020-02-09,Lipitor,Normal,19,2020,1
58,Female,O+,Arthritis,2022-05-12,Vanessa Newton,Clark-Mayo,Aetna,5998.10290819591,Urgent,2022-06-10,Lipitor,Inconclusive,29,2022,5
59,Male,A+,Asthma,2021-08-02,Donna Martinez MD,and Sons Smith,Aetna,25250.05242821613,Urgent,2021-08-12,Lipitor,Inconclusive,10,2021,8
72,Female,AB+,Hypertension,2020-05-15,Stephanie Kramer,Wilson Group,Medicare,33211.29541901202,Emergency,2020-06-08,Paracetamol,Inconclusive,24,2020,5
73,Male,AB+,Obesity,2020-05-15,Angela Contreras,Garner-Bowman,Medicare,19746.83200760437,Urgent,2020-05-20,Aspirin,Abnormal,5,2020,5
51,Female,O-,Asthma,2023-12-23,Wendy Glenn,"Brown, and Jones Weaver",Blue Cross,26786.52955531129,Elective,2024-01-19,Ibuprofen,Normal,27,2023,12
34,Female,A+,Diabetes,2022-06-21,James Ellis,Serrano-Dixon,UnitedHealthcare,18834.80134117836,Emergency,2022-06-30,Lipitor,Abnormal,9,2022,6
38,Female,O-,Hypertension,2021-01-03,Jared Bruce Jr.,Gardner-Miller,Cigna,32643.299353277187,Emergency,2021-01-16,Penicillin,Normal,13,2021,1
63,Female,B+,Hypertension,2023-10-03,Brandy Mitchell,Guerrero-Boone,Aetna,5767.011053816016,Elective,2023-10-12,Paracetamol,Abnormal,9,2023,10
34,Male,B-,Asthma,2019-08-18,Jacob Huynh,Hart Ltd,Cigna,47909.12880987492,Urgent,2019-09-01,Ibuprofen,Inconclusive,14,2019,8
23,Female,A+,Arthritis,2019-11-03,Kristina Frazier,Cruz-Santiago,UnitedHealthcare,25835.323594688223,Urgent,2019-11-29,Penicillin,Abnormal,26,2019,11
78,Male,AB-,Arthritis,2023-05-18,John Hartman,Group Duncan,Medicare,17993.226200015546,Elective,2023-06-15,Penicillin,Normal,28,2023,5
43,Male,AB-,Cancer,2023-05-24,Heather Garcia,Lopez-Phillips,Medicare,21185.953530394218,Elective,2023-06-03,Ibuprofen,Normal,10,2023,5
30,Female,AB+,Diabetes,2020-01-17,Lynn Young,Poole Inc,Blue Cross,8408.94935429195,Emergency,2020-02-10,Lipitor,Normal,24,2020,1
25,Female,AB+,Asthma,2021-01-07,Emma Allison,Sons and Cox,Medicare,45453.41854566515,Elective,2021-01-26,Lipitor,Abnormal,19,2021,1
33,Male,AB+,Diabetes,2019-10-14,Laura Myers,LLC Martin,Aetna,4397.776995413336,Urgent,2019-10-19,Paracetamol,Inconclusive,5,2019,10
26,Female,B-,Hypertension,2021-12-19,Travis Parsons,Espinoza-Stone,Aetna,9380.325967528432,Urgent,2022-01-16,Ibuprofen,Normal,28,2021,12
70,Female,O-,Diabetes,2022-03-12,Christine Johnson,"and Garcia Morris Cunningham,",Cigna,48290.69340736419,Emergency,2022-03-29,Lipitor,Abnormal,17,2022,3
57,Female,B-,Obesity,2021-01-17,Emily Taylor,Walton-Meyer,Medicare,32973.94083296627,Urgent,2021-01-29,Penicillin,Abnormal,12,2021,1
74,Female,B-,Hypertension,2021-09-15,William Reynolds,PLC Young,Cigna,49943.27849878726,Emergency,2021-10-05,Lipitor,Normal,20,2021,9
81,Male,A+,Hypertension,2020-01-27,Jennifer Carter,Meadows Group,Cigna,35633.95545438785,Urgent,2020-02-09,Aspirin,Normal,13,2020,1
49,Female,A-,Asthma,2022-06-24,Matthew Thomas,"and Howell Brooks, Rogers",Cigna,25966.328610220968,Elective,2022-07-18,Paracetamol,Normal,24,2022,6
26,Female,AB+,Obesity,2021-06-09,Mary Logan,"and Mcclure White Boone,",UnitedHealthcare,21784.44507072369,Urgent,2021-07-01,Paracetamol,Normal,22,2021,6
81,Female,AB-,Cancer,2020-08-23,Kristin Martinez,"Gates Brown, and Stuart",Medicare,42684.55888455027,Urgent,2020-09-08,Penicillin,Abnormal,16,2020,8
65,Male,O+,Cancer,2022-10-12,Daniel Murphy,Group Armstrong,Medicare,45585.8865599394,Emergency,2022-11-02,Penicillin,Normal,21,2022,10
31,Female,O+,Hypertension,2021-12-01,Emily Patterson,Ltd Schwartz,Cigna,29615.441863646167,Elective,2021-12-09,Paracetamol,Normal,8,2021,12
58,Male,A-,Diabetes,2020-05-04,Heather Smith,Nelson-Phillips,Cigna,36992.27368828386,Urgent,2020-05-13,Aspirin,Normal,9,2020,5
22,Male,O+,Hypertension,2023-09-09,John Smith,"Knight and Nguyen, Riggs",UnitedHealthcare,28051.499483946325,Urgent,2023-09-23,Ibuprofen,Abnormal,14,2023,9
77,Female,O+,Asthma,2019-07-19,Cameron Young,Lopez PLC,Cigna,16320.232447271888,Urgent,2019-07-29,Ibuprofen,Abnormal,10,2019,7
30,Male,AB-,Hypertension,2024-04-05,Vicki Nguyen,"Fernandez and Phillips, Singh",Medicare,30590.54180634067,Emergency,2024-04-22,Paracetamol,Inconclusive,17,2024,4
42,Female,A-,Cancer,2019-06-15,Mary Moss,Beck-Galloway,Aetna,14681.016360125932,Emergency,2019-07-05,Ibuprofen,Abnormal,20,2019,6
67,Female,AB+,Cancer,2022-10-29,Alexander Garcia,"Decker Glover, and Christensen",Aetna,21879.53191106356,Urgent,2022-11-20,Penicillin,Inconclusive,22,2022,10
24,Female,A-,Obesity,2022-04-08,Patrick Burns,"Nelson Walker Myers, and",UnitedHealthcare,6767.634396544945,Elective,2022-04-13,Lipitor,Abnormal,5,2022,4
84,Female,B-,Asthma,2023-08-17,Kayla Powers,Mitchell-Navarro,Cigna,19973.46292615957,Elective,2023-09-11,Ibuprofen,Inconclusive,25,2023,8
73,Female,A-,Hypertension,2023-11-05,Julia Cox,Group Delgado,UnitedHealthcare,14362.31448750232,Emergency,2023-11-07,Paracetamol,Inconclusive,2,2023,11
55,Female,A+,Cancer,2023-04-09,Penny Pruitt,"and Montes Graves, Thomas",Cigna,10300.65731137592,Emergency,2023-04-21,Paracetamol,Normal,12,2023,4
23,Male,O-,Hypertension,2022-09-21,Mrs. Lori Hurst PhD,Hall-Bentley,Aetna,37951.66490984979,Emergency,2022-09-25,Ibuprofen,Inconclusive,4,2022,9
40,Female,AB-,Cancer,2021-01-21,Stephen Carr,Taylor-Nguyen,Aetna,6733.990947068834,Urgent,2021-02-06,Ibuprofen,Normal,16,2021,1
51,Male,O+,Hypertension,2020-07-10,Jacob Daniel,Hunter-Grant,Aetna,17839.745651647165,Elective,2020-07-20,Paracetamol,Abnormal,10,2020,7
83,Male,AB+,Obesity,2019-11-06,Tyler Braun,Miller-Lawson,Aetna,24637.090064033247,Elective,2019-11-22,Paracetamol,Inconclusive,16,2019,11
63,Male,A-,Asthma,2024-04-07,Cindy Ellis,Scott-Kelly,UnitedHealthcare,39723.16605142787,Emergency,2024-05-04,Ibuprofen,Inconclusive,27,2024,4
18,Male,A+,Cancer,2022-07-06,Megan Hahn,"Moss and Ferguson, Baker",UnitedHealthcare,48407.38629110051,Emergency,2022-07-18,Aspirin,Normal,12,2022,7
23,Female,B-,Hypertension,2022-08-03,Eric Kelly,"and Mason Smith Chase,",Cigna,5517.393642223992,Elective,2022-08-10,Aspirin,Inconclusive,7,2022,8
58,Male,A-,Hypertension,2020-05-08,Jennifer Larson,"Khan, and Rodriguez Fischer",Medicare,19183.168885395546,Emergency,2020-06-01,Aspirin,Abnormal,24,2020,5
27,Male,AB-,Cancer,2019-12-09,William Hess,Sons Watson and,Medicare,8320.660803287437,Urgent,2019-12-21,Lipitor,Abnormal,12,2019,12
59,Male,B+,Diabetes,2019-11-21,Patricia Dunn,Rhodes-Carey,Medicare,10107.18765105721,Emergency,2019-12-08,Penicillin,Abnormal,17,2019,11
27,Male,B-,Hypertension,2023-01-07,Jack Jackson,Bullock-Ramsey,Cigna,49402.29837252711,Elective,2023-01-27,Lipitor,Inconclusive,20,2023,1
31,Male,B+,Diabetes,2024-02-06,Jonathan Drake,"Clark Brown, and Myers",UnitedHealthcare,35776.81511145377,Emergency,2024-02-10,Penicillin,Normal,4,2024,2
19,Female,A+,Arthritis,2020-01-30,Ian Benitez,"Jackson and Lane, Dillon",Medicare,20227.86372674477,Elective,2020-02-12,Penicillin,Normal,13,2020,1
29,Female,O+,Cancer,2022-10-24,Jamie Baker,"Turner Cook, Banks and",Blue Cross,19328.118579079928,Urgent,2022-11-07,Ibuprofen,Normal,14,2022,10
18,Male,A-,Obesity,2022-01-09,Erika Jackson,"Miles, and Weaver Hudson",Aetna,46956.54573063246,Emergency,2022-01-15,Aspirin,Inconclusive,6,2022,1
24,Male,AB-,Cancer,2023-12-28,Amanda Garcia,Evans Ltd,Cigna,10709.690388900191,Emergency,2024-01-02,Paracetamol,Abnormal,5,2023,12
27,Male,AB-,Diabetes,2021-09-16,Raven Wong,Sons and Schaefer,Aetna,45353.99077738541,Urgent,2021-10-14,Penicillin,Abnormal,28,2021,9
57,Female,AB-,Arthritis,2023-07-24,Cynthia Scott,Sons Hodges and,Aetna,8451.001758478955,Elective,2023-08-11,Paracetamol,Abnormal,18,2023,7
74,Female,A+,Arthritis,2021-11-13,Mark Padilla,Simpson-Mccall,UnitedHealthcare,29850.879728183794,Emergency,2021-12-07,Paracetamol,Inconclusive,24,2021,11
22,Female,A-,Arthritis,2023-10-11,Julie Ramirez,"Lin Thompson Wells, and",Blue Cross,42696.52116389919,Urgent,2023-10-27,Penicillin,Normal,16,2023,10
33,Female,B-,Diabetes,2021-01-30,Jacob Rich,Jones-Scott,Cigna,2305.139139538494,Emergency,2021-02-04,Penicillin,Inconclusive,5,2021,1
57,Male,B+,Arthritis,2021-11-21,Mark Hartman Jr.,Howe-Kelly,UnitedHealthcare,44437.47067335722,Emergency,2021-12-05,Penicillin,Inconclusive,14,2021,11
61,Male,B+,Cancer,2024-03-02,Timothy Baker,and Sons Reyes,UnitedHealthcare,29504.387442211457,Urgent,2024-03-26,Ibuprofen,Inconclusive,24,2024,3
20,Male,O+,Arthritis,2020-12-04,Lori Sanchez,Shaw-Young,Blue Cross,34617.788344937246,Emergency,2020-12-08,Ibuprofen,Abnormal,4,2020,12
67,Male,AB+,Hypertension,2020-08-26,Connie Boyd,Inc Skinner,Aetna,46814.011195111656,Urgent,2020-08-27,Penicillin,Abnormal,1,2020,8
80,Female,AB-,Diabetes,2023-11-12,James Tucker,Clark-Johnson,Blue Cross,20257.54428293241,Elective,2023-12-12,Penicillin,Abnormal,30,2023,11
44,Male,O+,Obesity,2020-05-30,Juan Acevedo,Perez and Sons,Cigna,22841.36387690568,Emergency,2020-06-14,Aspirin,Inconclusive,15,2020,5
26,Female,B-,Asthma,2023-05-12,Julie Finley,Kemp LLC,Medicare,10283.716858129152,Emergency,2023-06-10,Ibuprofen,Abnormal,29,2023,5
80,Male,AB+,Cancer,2022-07-07,Miguel Parker,LLC Dixon,UnitedHealthcare,1586.476601438285,Emergency,2022-07-23,Ibuprofen,Normal,16,2022,7
63,Male,B-,Asthma,2020-09-24,Jermaine Peters,"and Morales Jennings Cook,",Aetna,34774.351127057584,Emergency,2020-10-08,Penicillin,Inconclusive,14,2020,9
58,Female,B-,Arthritis,2023-08-19,Lisa Edwards,Group Hood,UnitedHealthcare,24870.10365893384,Emergency,2023-08-25,Ibuprofen,Inconclusive,6,2023,8
38,Female,A+,Cancer,2023-05-16,Matthew Walker,Lindsey Inc,Cigna,39476.94751437997,Elective,2023-06-01,Aspirin,Abnormal,16,2023,5
60,Male,B+,Hypertension,2022-08-22,Gregory Hansen,Ltd Wang,Blue Cross,26062.43432029105,Elective,2022-09-07,Paracetamol,Inconclusive,16,2022,8
49,Male,B+,Cancer,2022-06-17,Jessica Cruz,Inc Ford,Medicare,25302.112634011213,Elective,2022-06-28,Penicillin,Abnormal,11,2022,6
80,Male,A+,Diabetes,2022-11-05,Robert Salazar,Dean-Hawkins,UnitedHealthcare,10661.51064913277,Emergency,2022-11-25,Lipitor,Abnormal,20,2022,11
35,Female,B+,Diabetes,2021-09-10,Kyle Patterson,Walter PLC,Blue Cross,30358.1945795447,Elective,2021-09-18,Ibuprofen,Inconclusive,8,2021,9
84,Male,A+,Asthma,2022-09-06,John Summers,Sons Horn and,Cigna,23684.52547274483,Urgent,2022-09-27,Ibuprofen,Inconclusive,21,2022,9
76,Male,A+,Diabetes,2021-04-17,Scott Grant,"Powell Ward, and Mercado",Aetna,3908.9465679463137,Elective,2021-05-10,Lipitor,Inconclusive,23,2021,4
79,Female,A-,Hypertension,2019-08-19,David Ruiz,James Ltd,Medicare,25503.673806852043,Elective,2019-08-26,Lipitor,Abnormal,7,2019,8
76,Female,O+,Diabetes,2024-03-24,Kyle Smith,Kemp-Munoz,Aetna,6312.607691018524,Elective,2024-04-14,Aspirin,Abnormal,21,2024,3
55,Female,A+,Diabetes,2022-12-10,Jason Price,Henderson-Taylor,UnitedHealthcare,21772.34139864964,Elective,2022-12-31,Ibuprofen,Normal,21,2022,12
53,Male,B-,Cancer,2022-09-14,Stephanie Clements,"Parsons, Hartman Martinez and",Blue Cross,30437.001787641067,Elective,2022-09-18,Aspirin,Normal,4,2022,9
18,Male,B+,Asthma,2022-10-18,Steven James,Luna Inc,UnitedHealthcare,28837.6770525072,Elective,2022-11-11,Aspirin,Abnormal,24,2022,10
69,Male,O+,Arthritis,2021-11-13,Jeremiah Wolf,"Hernandez, Ritter and Huffman",Cigna,25425.72786260709,Elective,2021-11-21,Aspirin,Normal,8,2021,11
70,Male,B+,Diabetes,2022-07-08,Roberto Petersen,Reed LLC,Aetna,7187.272346099509,Emergency,2022-07-25,Aspirin,Normal,17,2022,7
21,Male,A+,Diabetes,2023-06-25,Christina Hammond,Thompson-Walker,UnitedHealthcare,3125.7364766012533,Urgent,2023-07-11,Ibuprofen,Normal,16,2023,6
47,Male,A-,Diabetes,2019-07-09,Patricia Colon,Group Nguyen,Medicare,31516.10073437436,Elective,2019-08-05,Penicillin,Inconclusive,27,2019,7
85,Male,A-,Arthritis,2021-05-14,Dominic Mitchell,Newton-White,UnitedHealthcare,40014.7623484579,Emergency,2021-06-03,Aspirin,Abnormal,20,2021,5
28,Male,O+,Cancer,2024-01-15,Wendy Davis,Ltd Thomas,Medicare,40782.92780848658,Elective,2024-02-07,Ibuprofen,Abnormal,23,2024,1
62,Male,A-,Obesity,2019-09-30,Daniel Carson,"Pierce Ward, Torres and",Cigna,3879.0846018133934,Elective,2019-10-15,Aspirin,Inconclusive,15,2019,9
49,Female,B-,Arthritis,2021-03-05,Erin Henderson MD,"Evans and Hall Schneider,",Medicare,24948.47782402692,Emergency,2021-03-20,Penicillin,Abnormal,15,2021,3
52,Male,AB-,Hypertension,2021-05-14,Christopher Butler,Stout-Brown,Cigna,37734.74218038699,Elective,2021-06-06,Penicillin,Abnormal,23,2021,5
53,Male,B+,Cancer,2023-06-08,Samuel Robles,Cruz Ltd,UnitedHealthcare,27360.46189055129,Elective,2023-07-05,Ibuprofen,Abnormal,27,2023,6
55,Male,AB-,Asthma,2022-05-13,Benjamin Webb,Stewart Sons and,Aetna,37405.69652863123,Elective,2022-05-20,Paracetamol,Normal,7,2022,5
18,Male,B-,Arthritis,2022-09-22,Krystal Fox,"Hall Roberts and Duarte,",Medicare,31485.9731617159,Emergency,2022-10-14,Ibuprofen,Normal,22,2022,9
52,Male,AB-,Hypertension,2023-08-25,Bruce Garrett,Ramirez-Robinson,Medicare,23737.399323627065,Urgent,2023-09-18,Lipitor,Normal,24,2023,8
67,Male,AB-,Obesity,2019-06-02,Jonathan Watson,"Garcia, and Bishop Hernandez",Aetna,3326.382674681516,Emergency,2019-06-04,Lipitor,Inconclusive,2,2019,6
82,Female,A+,Hypertension,2021-11-19,Christopher Guerra,"and Brown Oneal, Shah",Medicare,23067.672165245425,Elective,2021-12-12,Ibuprofen,Normal,23,2021,11
37,Female,O+,Asthma,2019-12-02,Steven Adams,Group White,Aetna,8521.214252671094,Elective,2019-12-13,Penicillin,Abnormal,11,2019,12
52,Female,AB-,Cancer,2020-08-21,Victoria Patel,"Hughes and Erickson, Anderson",Cigna,47985.16733832777,Elective,2020-09-06,Penicillin,Inconclusive,16,2020,8
37,Female,B+,Asthma,2021-02-12,Louis Bell,Lane-Kelly,UnitedHealthcare,25230.24688180245,Elective,2021-03-11,Ibuprofen,Inconclusive,27,2021,2
83,Female,A+,Diabetes,2024-01-13,Michael Baker,Cox-Hester,Blue Cross,10352.20848674086,Urgent,2024-01-22,Aspirin,Abnormal,9,2024,1
33,Male,O-,Arthritis,2021-12-26,Douglas Fleming,"Jarvis Scott, Fleming and",Medicare,6175.867249292427,Urgent,2022-01-12,Aspirin,Abnormal,17,2021,12
22,Female,A-,Obesity,2022-08-22,Patrick Carter,Cline-Carpenter,Blue Cross,23499.936250978782,Urgent,2022-09-07,Penicillin,Normal,16,2022,8
19,Female,B+,Cancer,2021-07-03,Sarah Shaffer,"Johnson, and Ross Harris",Medicare,33681.57264410157,Elective,2021-07-31,Ibuprofen,Abnormal,28,2021,7
85,Female,O+,Obesity,2020-05-31,Matthew Carter,"Kim Rosario, and Hammond",Aetna,39957.94062222976,Urgent,2020-06-01,Ibuprofen,Normal,1,2020,5
19,Male,B+,Cancer,2020-10-26,Brian Wagner,PLC Jimenez,UnitedHealthcare,49833.70771785452,Elective,2020-11-17,Lipitor,Inconclusive,22,2020,10
50,Female,B-,Asthma,2021-06-03,Lucas Cole,Cantu-Berry,Aetna,48175.466116807904,Urgent,2021-07-01,Paracetamol,Inconclusive,28,2021,6
50,Female,O-,Obesity,2020-10-24,Julia Yoder,Wright-Alexander,UnitedHealthcare,40133.96739245519,Urgent,2020-11-13,Ibuprofen,Normal,20,2020,10
40,Male,O+,Obesity,2019-08-27,Crystal Chavez,Guzman-Carlson,Aetna,9585.952127993727,Urgent,2019-09-06,Lipitor,Inconclusive,10,2019,8
57,Male,AB-,Obesity,2021-11-30,Brenda Lopez,Meyer-Hill,Medicare,40693.35422395354,Emergency,2021-12-09,Aspirin,Abnormal,9,2021,11
82,Male,AB+,Obesity,2023-10-15,Michael Cole,Dudley-Atkinson,UnitedHealthcare,16399.265761001818,Emergency,2023-11-08,Penicillin,Abnormal,24,2023,10
20,Male,AB+,Diabetes,2024-03-17,Michael Larson,Kelly-Allen,Blue Cross,44939.56552476109,Emergency,2024-03-28,Ibuprofen,Inconclusive,11,2024,3
20,Male,B+,Hypertension,2019-10-13,Tracey Spence,"Lewis Livingston, Lowe and",Blue Cross,10663.910005038557,Emergency,2019-10-16,Aspirin,Normal,3,2019,10
19,Female,A-,Hypertension,2020-03-02,Susan Gibson,Rodriguez Ltd,Cigna,22564.787983517257,Elective,2020-03-07,Paracetamol,Normal,5,2020,3
55,Male,B-,Diabetes,2021-02-07,Todd Sanchez,"Holmes and Hughes, Phillips",Cigna,34758.256750986024,Emergency,2021-03-05,Aspirin,Normal,26,2021,2
81,Male,B+,Hypertension,2021-10-25,Elizabeth Morales,"and Smith, Tucker Cross",UnitedHealthcare,46377.86514923159,Urgent,2021-11-22,Lipitor,Normal,28,2021,10
26,Male,O-,Hypertension,2022-07-24,Kimberly Petersen,Sons and Lozano,Blue Cross,7555.772964808847,Elective,2022-07-31,Paracetamol,Abnormal,7,2022,7
54,Female,AB+,Cancer,2020-03-04,Misty Garcia,Russell Ltd,UnitedHealthcare,14299.9934469067,Emergency,2020-03-05,Lipitor,Abnormal,1,2020,3
57,Male,B-,Arthritis,2021-08-01,Melissa Fernandez,Jones Ltd,Cigna,46429.50820372262,Elective,2021-08-19,Paracetamol,Inconclusive,18,2021,8
38,Female,AB+,Asthma,2020-01-24,Kari Moore,Gordon-Ward,Medicare,17978.950744896145,Elective,2020-02-12,Ibuprofen,Abnormal,19,2020,1
54,Male,O+,Obesity,2021-07-30,David Hubbard,Barnes and Sons,Medicare,32629.06774823525,Elective,2021-08-13,Paracetamol,Normal,14,2021,7
42,Male,A+,Diabetes,2024-01-04,Lonnie Morgan,Levine-Miller,Medicare,22356.226491833422,Urgent,2024-02-03,Aspirin,Inconclusive,30,2024,1
20,Male,O-,Diabetes,2024-01-05,Victoria Gonzales,"and Marquez Silva Smith,",Medicare,48995.98059165719,Elective,2024-02-04,Lipitor,Normal,30,2024,1
44,Female,O-,Hypertension,2020-08-11,Cindy White,Jackson-Copeland,UnitedHealthcare,4532.483553616875,Emergency,2020-09-04,Lipitor,Inconclusive,24,2020,8
54,Male,B+,Diabetes,2022-06-17,Douglas Li,"Perez and Ochoa White,",Medicare,35521.58214827759,Elective,2022-06-24,Paracetamol,Normal,7,2022,6
21,Female,AB-,Arthritis,2022-04-02,Lori Mendoza,Ltd Conrad,Aetna,1589.50352318586,Emergency,2022-04-09,Aspirin,Inconclusive,7,2022,4
45,Female,AB+,Diabetes,2020-06-03,Ryan Ross,Hampton-Thomas,Medicare,22950.65113918257,Elective,2020-06-22,Ibuprofen,Abnormal,19,2020,6
68,Female,B+,Arthritis,2019-08-16,Brian Walton,Thomas-Kelley,Aetna,2678.9539360591048,Urgent,2019-08-21,Paracetamol,Abnormal,5,2019,8
27,Male,A+,Hypertension,2024-02-22,Michael Berg,Myers-Monroe,UnitedHealthcare,39615.60065570468,Urgent,2024-02-24,Penicillin,Inconclusive,2,2024,2
42,Male,AB-,Asthma,2021-05-06,Scott Davis,"and Ford Lee, Rodriguez",Medicare,13355.782085480903,Elective,2021-05-29,Ibuprofen,Inconclusive,23,2021,5
27,Female,B-,Asthma,2021-10-27,Daniel Shelton,Sons Garcia and,Aetna,32561.53040642269,Elective,2021-11-04,Ibuprofen,Inconclusive,8,2021,10
80,Male,B+,Asthma,2020-09-01,Tara Moreno,"Perry Little, and Moore",Medicare,29221.340207679117,Emergency,2020-09-17,Paracetamol,Inconclusive,16,2020,9
21,Male,O+,Diabetes,2021-05-26,Kristie Morgan,Anderson Group,Medicare,12880.652412771487,Urgent,2021-06-22,Penicillin,Normal,27,2021,5
84,Female,A-,Obesity,2022-06-22,Joseph Jones,Rodriguez and Sons,Aetna,15475.403236542532,Elective,2022-07-22,Ibuprofen,Abnormal,30,2022,6
67,Female,O-,Arthritis,2023-05-17,Maria Tran,Thomas-Huber,Medicare,27309.436760697277,Elective,2023-05-31,Aspirin,Abnormal,14,2023,5
66,Male,AB+,Arthritis,2021-06-23,Kelly Murphy,Robinson Inc,Medicare,1897.891727147679,Elective,2021-07-09,Ibuprofen,Abnormal,16,2021,6
37,Female,A-,Cancer,2023-11-17,Katherine Brown,Wood-Mathews,Aetna,31308.20600849512,Urgent,2023-11-25,Penicillin,Normal,8,2023,11
30,Female,A-,Diabetes,2020-10-11,Elizabeth Frank,"Walker and Gardner Fernandez,",Medicare,42792.24128217486,Elective,2020-10-21,Ibuprofen,Abnormal,10,2020,10
78,Male,O+,Diabetes,2021-08-10,Alyssa Edwards,"Smith and Johnston, Collins",Cigna,14377.33431849461,Emergency,2021-08-27,Penicillin,Abnormal,17,2021,8
39,Female,A+,Diabetes,2023-08-29,Jesse Thomas,Sons Miller and,UnitedHealthcare,1150.8749860875837,Urgent,2023-09-07,Penicillin,Abnormal,9,2023,8
29,Male,O-,Asthma,2020-02-27,Erica Mccormick,Donaldson-Frey,Medicare,41939.11993669633,Elective,2020-03-26,Ibuprofen,Normal,28,2020,2
81,Female,AB-,Cancer,2021-07-07,Amber Holmes,Brown-Yoder,UnitedHealthcare,41982.374396232575,Elective,2021-07-15,Aspirin,Abnormal,8,2021,7
66,Female,AB-,Obesity,2022-06-03,Austin Jackson,"Morgan Rios and Keller,",Cigna,33861.01863174469,Elective,2022-06-27,Aspirin,Normal,24,2022,6
65,Male,B-,Asthma,2020-02-20,Shane Morris,Gonzalez-King,Aetna,49321.15763149177,Emergency,2020-03-01,Penicillin,Abnormal,10,2020,2
80,Male,AB-,Asthma,2021-02-05,Brent Smith,Wagner Ltd,Cigna,47433.27865471116,Elective,2021-03-05,Penicillin,Inconclusive,28,2021,2
72,Female,O-,Arthritis,2020-10-24,Kayla Davis,"and Brown White, Jones",Medicare,19065.060885516963,Emergency,2020-11-02,Paracetamol,Abnormal,9,2020,10
85,Male,O-,Cancer,2023-12-06,Rose Zuniga,James-Smith,Cigna,50142.02694785304,Elective,2023-12-19,Ibuprofen,Abnormal,13,2023,12
68,Female,O+,Hypertension,2021-12-21,Ethan Wagner,Hanson Group,Aetna,12081.679034664963,Urgent,2021-12-30,Lipitor,Abnormal,9,2021,12
56,Female,A-,Cancer,2023-09-03,Phillip Williams,Mcclain-Reed,Aetna,18030.790780235697,Elective,2023-09-30,Lipitor,Inconclusive,27,2023,9
53,Female,O-,Asthma,2020-10-18,Maureen Hill,Young-Smith,Medicare,5142.1637634746885,Elective,2020-11-10,Paracetamol,Abnormal,23,2020,10
37,Female,B+,Asthma,2021-07-07,Heidi Compton MD,Hart-Brock,UnitedHealthcare,19851.242925188475,Elective,2021-07-24,Penicillin,Normal,17,2021,7
57,Female,O+,Hypertension,2023-08-28,Kimberly Gonzalez,"Jones and Jones, Turner",Cigna,20545.871762829884,Urgent,2023-09-16,Penicillin,Abnormal,19,2023,8
36,Male,O+,Arthritis,2019-11-17,Rebecca Morgan,Spears-Shah,Cigna,36869.72573903982,Urgent,2019-12-01,Penicillin,Normal,14,2019,11
20,Female,B+,Cancer,2020-11-22,Sabrina Rogers,"and Anderson Smith Sanchez,",Cigna,40598.42257087868,Elective,2020-12-17,Paracetamol,Normal,25,2020,11
83,Male,O-,Asthma,2021-11-13,Kevin Brown,"Tran, and Ferrell Garcia",Aetna,18198.05851785389,Urgent,2021-12-08,Ibuprofen,Normal,25,2021,11
79,Male,B+,Obesity,2022-02-13,Sarah Cole,Ltd Walton,Blue Cross,4920.041189088703,Elective,2022-02-20,Paracetamol,Normal,7,2022,2
62,Male,O+,Diabetes,2019-05-16,Jennifer Hall,Group Rodriguez,UnitedHealthcare,3864.139498871634,Urgent,2019-05-31,Aspirin,Inconclusive,15,2019,5
38,Male,AB+,Asthma,2021-08-04,Emily Cruz,Carr LLC,Blue Cross,21562.86105102036,Urgent,2021-08-26,Paracetamol,Normal,22,2021,8
75,Female,B-,Cancer,2020-01-03,Michael Anderson,Rodriguez-Guerra,Medicare,11815.202741487685,Elective,2020-01-27,Ibuprofen,Abnormal,24,2020,1
28,Male,A+,Hypertension,2022-09-13,Natalie Sellers,"Sullivan Mullins, Macias and",Cigna,25796.869669293414,Urgent,2022-10-07,Lipitor,Abnormal,24,2022,9
36,Male,O-,Hypertension,2020-12-19,Patrick Ochoa,Ballard PLC,UnitedHealthcare,4266.78430718752,Emergency,2021-01-09,Lipitor,Normal,21,2020,12
54,Male,AB+,Obesity,2023-03-31,Daniel Rodgers,Liu-Wilson,Cigna,4751.162741032384,Urgent,2023-04-29,Penicillin,Inconclusive,29,2023,3
81,Female,B-,Diabetes,2020-05-08,Taylor Baldwin,LLC Lewis,Aetna,17968.495987590006,Emergency,2020-05-28,Lipitor,Inconclusive,20,2020,5
56,Female,AB+,Obesity,2023-07-31,Adam Ross,"Stokes Chambers and Martin,",Cigna,11311.327347997592,Urgent,2023-08-02,Lipitor,Normal,2,2023,7
30,Male,AB-,Hypertension,2022-01-09,Amy Williams,Hernandez-Green,Blue Cross,47242.224297681045,Emergency,2022-01-12,Ibuprofen,Inconclusive,3,2022,1
64,Female,A-,Diabetes,2023-12-16,Martha Graham,Inc Lee,Cigna,17670.5052173935,Elective,2024-01-15,Paracetamol,Inconclusive,30,2023,12
76,Male,A+,Obesity,2020-12-05,Emily Thomas,Wilkins Group,Medicare,5714.748017914666,Elective,2020-12-18,Lipitor,Abnormal,13,2020,12
21,Female,AB+,Diabetes,2021-11-11,Terrance Rosales,Valentine Ltd,Cigna,5985.978487240192,Urgent,2021-12-04,Penicillin,Normal,23,2021,11
59,Female,O+,Obesity,2019-09-11,Daniel Smith,Alvarado-Deleon,Blue Cross,27385.736227988127,Emergency,2019-09-15,Penicillin,Inconclusive,4,2019,9
31,Female,A-,Diabetes,2020-12-15,Marissa Stevenson,"Alexander and Jensen Andrews,",UnitedHealthcare,3730.002190896625,Urgent,2021-01-01,Ibuprofen,Abnormal,17,2020,12
36,Female,O+,Asthma,2022-12-08,Katie Fitzpatrick,"and Black, Henson Rhodes",Blue Cross,22480.96592893073,Elective,2023-01-02,Ibuprofen,Inconclusive,25,2022,12
42,Female,B+,Diabetes,2021-07-15,Dennis Small,Sons and Marshall,Aetna,35022.31671236063,Elective,2021-08-05,Aspirin,Inconclusive,21,2021,7
18,Female,AB+,Asthma,2022-06-16,Chris Holt,Rodriguez-Franco,Blue Cross,45072.41825894104,Urgent,2022-07-04,Lipitor,Inconclusive,18,2022,6
62,Female,A+,Obesity,2024-02-09,Jenny Griffith,"Fritz Henderson Stanton, and",UnitedHealthcare,45902.70764469024,Urgent,2024-02-19,Aspirin,Normal,10,2024,2
53,Male,AB+,Hypertension,2024-03-04,Gregory Lambert,West-Young,Medicare,28899.18575874838,Emergency,2024-03-18,Paracetamol,Abnormal,14,2024,3
82,Female,A+,Obesity,2022-02-11,Michael Armstrong,Ltd Solis,Blue Cross,39003.18143809496,Elective,2022-02-25,Lipitor,Normal,14,2022,2
19,Female,O-,Diabetes,2022-02-08,Melissa Terry,Mcneil-Blake,Blue Cross,10348.818521438636,Emergency,2022-02-17,Ibuprofen,Inconclusive,9,2022,2
83,Female,A-,Hypertension,2023-06-15,Thomas Bruce,Moore-Waters,UnitedHealthcare,14371.539698666104,Urgent,2023-06-30,Paracetamol,Inconclusive,15,2023,6
26,Male,O-,Diabetes,2021-10-11,James James DVM,Group Scott,UnitedHealthcare,13769.40312876381,Urgent,2021-10-24,Ibuprofen,Abnormal,13,2021,10
51,Male,O+,Arthritis,2021-12-12,Sean Smith,and Simmons Sons,Aetna,35868.53863676558,Elective,2021-12-30,Lipitor,Abnormal,18,2021,12
20,Male,O+,Obesity,2023-07-09,John Hansen,"Humphrey and Browning Fitzgerald,",Blue Cross,35205.28459802445,Emergency,2023-07-15,Lipitor,Abnormal,6,2023,7
61,Female,A-,Obesity,2020-09-08,Teresa Mccarthy,Adams-Molina,Blue Cross,21576.502345538735,Emergency,2020-10-03,Ibuprofen,Abnormal,25,2020,9
44,Male,AB-,Hypertension,2020-08-31,Stephanie Barnett,Guzman LLC,Aetna,18771.010687105834,Urgent,2020-09-18,Lipitor,Abnormal,18,2020,8
74,Female,AB+,Cancer,2024-04-10,Mr. Luke Nunez Jr.,Gonzalez-Pacheco,Blue Cross,21668.56450834912,Emergency,2024-05-03,Lipitor,Abnormal,23,2024,4
82,Female,B-,Diabetes,2021-08-10,Stacy Stewart,"Hunt, Carlson and Cherry",Cigna,36339.81908117465,Elective,2021-09-09,Lipitor,Inconclusive,30,2021,8
83,Male,O-,Diabetes,2022-01-25,Andrea Oneal,Ltd Barnes,Cigna,40825.18442360509,Elective,2022-01-28,Aspirin,Abnormal,3,2022,1
62,Female,AB-,Cancer,2023-09-12,Eric Coleman,"Gordon, Fox Lane and",Blue Cross,40469.56625910051,Elective,2023-10-12,Penicillin,Normal,30,2023,9
62,Female,B-,Obesity,2020-08-05,Anthony Barnes,Petersen Ltd,Medicare,25749.52083554032,Elective,2020-08-14,Ibuprofen,Inconclusive,9,2020,8
18,Male,A-,Asthma,2022-05-07,Michael Hickman,and Mcdonald Sons,Aetna,15841.20167651258,Urgent,2022-06-03,Ibuprofen,Abnormal,27,2022,5
66,Male,A+,Arthritis,2022-02-13,Dustin Wolf,"Smith, Elliott and Blackburn",Medicare,36086.57207805436,Urgent,2022-02-23,Paracetamol,Normal,10,2022,2
26,Female,AB+,Asthma,2024-03-03,Amanda Wells,PLC Oliver,Blue Cross,32085.227646508723,Urgent,2024-03-27,Penicillin,Inconclusive,24,2024,3
45,Female,B+,Cancer,2020-03-14,Jason Miller,"Griffin and Lyons Rivers,",Cigna,12356.560651293956,Emergency,2020-04-03,Aspirin,Inconclusive,20,2020,3
26,Male,AB-,Asthma,2024-02-07,Holly James,Craig-Garcia,Aetna,15367.411315522832,Emergency,2024-02-24,Ibuprofen,Inconclusive,17,2024,2
26,Male,O+,Cancer,2019-07-21,April Cox,Baker-Jones,Medicare,40190.20291801758,Elective,2019-08-05,Penicillin,Abnormal,15,2019,7
79,Female,O+,Diabetes,2023-04-14,Virginia Lynch,Duffy-Kelly,Aetna,3872.0969851910872,Elective,2023-04-18,Penicillin,Inconclusive,4,2023,4
33,Female,B-,Arthritis,2024-01-17,Patricia Fuller,Rodriguez-Becker,Cigna,3311.5891055535576,Elective,2024-02-05,Lipitor,Normal,19,2024,1
34,Female,O+,Cancer,2019-06-25,Michelle Ward,Group Brown,UnitedHealthcare,18524.866637485757,Urgent,2019-06-30,Lipitor,Abnormal,5,2019,6
76,Female,AB-,Hypertension,2021-05-20,Robin Adams,Powers-Vincent,UnitedHealthcare,30107.48703517196,Emergency,2021-06-12,Ibuprofen,Inconclusive,23,2021,5
50,Female,B-,Obesity,2020-04-03,Emily Morales,"and Ramos Brown Edwards,",UnitedHealthcare,15826.10127625393,Emergency,2020-04-11,Paracetamol,Normal,8,2020,4
44,Male,B-,Diabetes,2020-01-21,Adriana Morrow,Johnson Group,Blue Cross,26437.77463014572,Emergency,2020-01-30,Ibuprofen,Abnormal,9,2020,1
38,Female,AB-,Arthritis,2021-12-02,Michael Mitchell,Atkins Inc,Aetna,49663.45287102048,Emergency,2021-12-07,Paracetamol,Normal,5,2021,12
43,Male,AB+,Cancer,2021-05-28,Caroline Choi,Marshall LLC,Aetna,27278.2368852241,Urgent,2021-06-18,Ibuprofen,Abnormal,21,2021,5
27,Female,AB+,Hypertension,2020-03-23,Michael Robinson,Ltd Cruz,Cigna,33170.43674003852,Urgent,2020-04-11,Paracetamol,Abnormal,19,2020,3
78,Male,A+,Asthma,2022-08-06,Heather Miller,Harrison-Parker,Medicare,1791.3890011113167,Urgent,2022-09-05,Paracetamol,Normal,30,2022,8
40,Male,A+,Diabetes,2024-03-09,Howard Obrien,Lee-Clayton,Blue Cross,31188.04149174116,Elective,2024-04-05,Ibuprofen,Normal,27,2024,3
25,Male,AB-,Arthritis,2022-03-15,Faith Cook,Mcdaniel and Sons,Medicare,13854.645763663511,Elective,2022-04-10,Penicillin,Inconclusive,26,2022,3
67,Female,AB+,Obesity,2020-08-08,Donna Colon,Inc Lynch,Blue Cross,11870.90838014169,Elective,2020-08-14,Ibuprofen,Abnormal,6,2020,8
47,Female,AB+,Obesity,2019-06-09,David Lindsey,"and Mendoza Rich Morales,",UnitedHealthcare,25574.127619098694,Elective,2019-07-01,Aspirin,Inconclusive,22,2019,6
75,Male,AB-,Arthritis,2019-09-07,Anthony Nixon,Proctor-Jones,Aetna,6132.404095238648,Urgent,2019-10-06,Paracetamol,Normal,29,2019,9
58,Female,A-,Obesity,2021-02-14,Doris Hawkins,"and Ramirez Figueroa May,",Medicare,33343.902493747875,Elective,2021-02-26,Lipitor,Inconclusive,12,2021,2
26,Female,A-,Hypertension,2019-11-10,Caleb James,Michael-Jenkins,Medicare,43484.24974644057,Urgent,2019-11-26,Penicillin,Abnormal,16,2019,11
22,Male,O+,Obesity,2023-04-16,Patricia Moore,Hardy Inc,UnitedHealthcare,7858.926859946798,Urgent,2023-05-14,Penicillin,Normal,28,2023,4
29,Female,B+,Asthma,2020-04-25,Matthew Gray,"Turner, and Williams Mercado",Cigna,33161.93840299814,Urgent,2020-04-28,Paracetamol,Inconclusive,3,2020,4
30,Male,A-,Cancer,2021-08-21,Justin Lowe,PLC Williams,Cigna,2879.460532054243,Urgent,2021-08-28,Ibuprofen,Normal,7,2021,8
22,Female,O+,Asthma,2021-01-14,Danny Mcdonald,Evans Ltd,Aetna,46492.86177294896,Elective,2021-01-27,Aspirin,Inconclusive,13,2021,1
34,Male,AB+,Hypertension,2020-09-12,Gina Weaver,Merritt-Gray,Aetna,5259.273049647717,Elective,2020-09-26,Paracetamol,Abnormal,14,2020,9
20,Male,AB+,Arthritis,2020-03-27,Eddie Jackson,"Huang Travis Thomas, and",UnitedHealthcare,2784.582489978357,Emergency,2020-04-16,Aspirin,Inconclusive,20,2020,3
37,Female,A-,Arthritis,2019-07-26,Miss Valerie Saunders MD,Rodriguez-Zimmerman,Aetna,13418.216367935536,Emergency,2019-08-17,Penicillin,Abnormal,22,2019,7
25,Female,A+,Cancer,2023-12-07,Richard Petty,Miller PLC,Blue Cross,36990.455775325325,Urgent,2023-12-14,Aspirin,Normal,7,2023,12
45,Female,B-,Cancer,2021-06-11,Patricia Bean,"May, Mullins and Martin",Aetna,43567.14415797098,Urgent,2021-07-03,Paracetamol,Normal,22,2021,6
18,Male,O-,Diabetes,2022-02-11,Ronald Jones,Moore-Robbins,UnitedHealthcare,35570.07655709629,Emergency,2022-02-23,Ibuprofen,Inconclusive,12,2022,2
56,Male,O+,Arthritis,2020-09-12,Jack Wall,Ltd Howard,Blue Cross,6848.130427196583,Emergency,2020-09-22,Aspirin,Normal,10,2020,9
44,Male,AB-,Asthma,2020-05-25,Felicia Morrison,Group Crosby,Aetna,4677.595846504441,Emergency,2020-06-05,Lipitor,Inconclusive,11,2020,5
34,Male,O+,Hypertension,2023-09-25,Crystal Schultz,Cook Ltd,Aetna,35157.17026732283,Elective,2023-10-21,Penicillin,Normal,26,2023,9
26,Male,B+,Obesity,2022-06-22,Bailey Gonzalez,"Rivas, Mcconnell Hill and",UnitedHealthcare,34719.17385017646,Elective,2022-07-20,Lipitor,Normal,28,2022,6
32,Male,O+,Obesity,2020-01-12,Michael Guzman,Conner-Flores,Aetna,23775.4490069404,Elective,2020-01-19,Aspirin,Normal,7,2020,1
64,Male,B+,Arthritis,2022-07-29,Elizabeth Flowers,Suarez-Nelson,UnitedHealthcare,17732.469366062764,Urgent,2022-08-07,Ibuprofen,Normal,9,2022,7
80,Male,A-,Asthma,2023-02-20,Whitney Vaughan,"and Walker Glenn, Long",Cigna,3845.397495626474,Emergency,2023-03-10,Penicillin,Normal,18,2023,2
80,Male,A-,Cancer,2021-07-14,Seth Nelson,PLC Anderson,Blue Cross,22401.55035343757,Elective,2021-07-24,Lipitor,Inconclusive,10,2021,7
37,Female,O+,Hypertension,2024-04-17,Erin Wright,Blackwell-Gamble,UnitedHealthcare,23340.30471921353,Urgent,2024-05-07,Aspirin,Normal,20,2024,4
52,Female,A+,Hypertension,2021-02-04,Jennifer Flores,Wagner PLC,Blue Cross,3042.4091835970225,Urgent,2021-02-28,Aspirin,Abnormal,24,2021,2
83,Female,O-,Diabetes,2021-09-02,Brandi Knight,Goodman-Kelly,Blue Cross,41817.67918250646,Urgent,2021-09-19,Paracetamol,Inconclusive,17,2021,9
28,Female,B-,Arthritis,2022-09-10,Chad Irwin,"and Boyd Powell, Sims",Cigna,49700.32420655215,Elective,2022-10-01,Paracetamol,Abnormal,21,2022,9
63,Male,A+,Diabetes,2022-11-25,Victoria Williams,"and Conrad Boyd, Burnett",Blue Cross,45157.47112483898,Elective,2022-12-20,Lipitor,Normal,25,2022,11
85,Male,O-,Asthma,2023-08-04,Travis Walton,Ayala-Armstrong,Cigna,18832.100342779697,Emergency,2023-08-12,Ibuprofen,Abnormal,8,2023,8
37,Male,O-,Hypertension,2020-11-20,Catherine Hernandez,"and Lambert White, Vargas",Aetna,31732.130077881917,Elective,2020-12-06,Lipitor,Normal,16,2020,11
22,Male,AB-,Diabetes,2019-10-23,Kristen Johnson,Group Doyle,Blue Cross,42214.97969771428,Urgent,2019-11-09,Paracetamol,Abnormal,17,2019,10
80,Female,AB+,Arthritis,2020-10-17,Tammy Chavez,Henderson-Johnson,Medicare,12400.205098810646,Elective,2020-10-29,Aspirin,Normal,12,2020,10
48,Female,O+,Arthritis,2022-12-27,Savannah Colon,"Baker Conrad and Andrews,",Blue Cross,1133.586476058062,Urgent,2022-12-31,Penicillin,Abnormal,4,2022,12
29,Male,B+,Obesity,2023-06-16,Jessica Parks MD,"Perkins, Salazar and Johnson",Blue Cross,24340.322856965668,Emergency,2023-07-14,Aspirin,Inconclusive,28,2023,6
76,Male,A+,Arthritis,2023-11-06,Joshua Singleton,Johnson-Perez,Blue Cross,39390.93554708493,Elective,2023-11-21,Aspirin,Abnormal,15,2023,11
23,Female,A+,Hypertension,2023-12-26,Vincent Ramirez,Powell-Werner,Medicare,17012.50740222721,Elective,2024-01-22,Penicillin,Normal,27,2023,12
33,Male,B-,Asthma,2023-02-10,Natasha Smith,Morales Group,Cigna,14493.613903218427,Emergency,2023-03-05,Penicillin,Inconclusive,23,2023,2
34,Male,O+,Hypertension,2020-07-01,John Sparks,"and Fernandez, Wilson Morrison",Aetna,32679.268592696208,Emergency,2020-07-10,Paracetamol,Normal,9,2020,7
44,Female,AB+,Obesity,2023-09-21,Michelle Gutierrez,Mayo and Sons,UnitedHealthcare,6232.001786847094,Emergency,2023-09-25,Ibuprofen,Inconclusive,4,2023,9
84,Male,B+,Diabetes,2020-11-25,Rachel Williams,"Huffman Hall Orozco, and",Cigna,22982.252121727623,Urgent,2020-12-02,Ibuprofen,Abnormal,7,2020,11
25,Female,A+,Cancer,2020-07-10,Sergio Shelton,White-Buchanan,Aetna,28213.8154666384,Urgent,2020-07-18,Aspirin,Abnormal,8,2020,7
42,Male,B-,Arthritis,2022-12-24,Mr. Michael White MD,"and Dixon Taylor Hunter,",Cigna,10645.565853008928,Emergency,2023-01-06,Ibuprofen,Normal,13,2022,12
57,Male,B+,Arthritis,2019-10-05,Mary Drake,"Anderson and Medina, Sullivan",Blue Cross,35041.0309676033,Elective,2019-10-20,Lipitor,Normal,15,2019,10
75,Female,O-,Arthritis,2022-03-13,Tonya Wade,PLC Dixon,Cigna,45980.29229379609,Emergency,2022-03-26,Aspirin,Inconclusive,13,2022,3
24,Female,AB+,Obesity,2020-05-15,Charles Torres,Bowman-Keith,UnitedHealthcare,25163.822483831256,Elective,2020-06-10,Ibuprofen,Normal,26,2020,5
43,Female,AB-,Asthma,2020-12-02,Jennifer Freeman,Tyler PLC,UnitedHealthcare,43670.37819166898,Elective,2020-12-23,Aspirin,Normal,21,2020,12
22,Male,AB+,Asthma,2024-01-08,Reginald Becker,Velazquez-Patton,UnitedHealthcare,33706.59767068356,Emergency,2024-01-15,Aspirin,Inconclusive,7,2024,1
64,Female,AB-,Arthritis,2019-08-16,Charles Webb,Bass Inc,Medicare,5549.785435792208,Emergency,2019-09-06,Ibuprofen,Inconclusive,21,2019,8
66,Female,AB+,Arthritis,2023-03-23,Emily Perez,"Newton, Smith Ruiz and",Blue Cross,49078.4690110566,Elective,2023-04-19,Penicillin,Abnormal,27,2023,3
19,Male,O+,Obesity,2020-01-20,Rachel Thomas,Graham-Fisher,UnitedHealthcare,23687.993642467663,Emergency,2020-02-11,Ibuprofen,Normal,22,2020,1
79,Female,B-,Diabetes,2024-01-23,Christopher Flores,Scott Ltd,UnitedHealthcare,17720.318726459016,Elective,2024-02-22,Paracetamol,Abnormal,30,2024,1
76,Male,B-,Asthma,2022-12-20,Jennifer Stevenson,Rosales-Sweeney,UnitedHealthcare,27361.249684806888,Emergency,2023-01-02,Paracetamol,Normal,13,2022,12
37,Female,A+,Obesity,2021-08-10,Matthew Garcia,"Larson Andrews, and Lynch",UnitedHealthcare,39265.64605454515,Elective,2021-09-03,Ibuprofen,Normal,24,2021,8
62,Male,O-,Arthritis,2020-11-23,Brett Meyer,PLC York,Aetna,32868.08277092278,Emergency,2020-11-28,Paracetamol,Inconclusive,5,2020,11
80,Male,A-,Asthma,2020-02-10,David Murphy,Kelly-Watson,Blue Cross,22032.38958674227,Emergency,2020-02-29,Ibuprofen,Normal,19,2020,2
49,Female,A+,Diabetes,2019-06-04,Erin Henson,"Smith Gonzalez Robinson, and",Blue Cross,43165.69408601025,Elective,2019-06-17,Ibuprofen,Abnormal,13,2019,6
66,Female,O+,Obesity,2023-09-24,Katrina Fuentes,Cook-Taylor,Blue Cross,1870.6084397725908,Emergency,2023-10-11,Penicillin,Inconclusive,17,2023,9
50,Male,B-,Diabetes,2021-08-16,Harold Jackson,Robinson-Reyes,Blue Cross,50254.201831162274,Elective,2021-08-20,Aspirin,Inconclusive,4,2021,8
39,Male,AB-,Arthritis,2020-07-06,Christopher Merritt,Reid Inc,Aetna,23159.66303363933,Elective,2020-07-22,Penicillin,Inconclusive,16,2020,7
31,Female,B-,Diabetes,2022-12-07,Haley Kim,"Kemp and Taylor, Jones",Aetna,11469.390589717055,Elective,2022-12-29,Paracetamol,Abnormal,22,2022,12
84,Male,AB-,Cancer,2023-12-29,Dr. Steven Johnson,Richards-Mack,Aetna,35435.17015269561,Elective,2024-01-16,Ibuprofen,Abnormal,18,2023,12
71,Male,O-,Cancer,2023-02-16,Erin Cole,"and Smith Harmon, Marshall",UnitedHealthcare,26139.785948846744,Urgent,2023-02-25,Paracetamol,Abnormal,9,2023,2
79,Male,B+,Cancer,2022-05-12,Breanna Nielsen,"Velasquez and Walker Russo,",UnitedHealthcare,21296.51872696384,Emergency,2022-05-16,Paracetamol,Abnormal,4,2022,5
56,Male,O+,Arthritis,2023-09-20,John Smith,"Harrington, and Owens Preston",UnitedHealthcare,8421.915384516322,Emergency,2023-09-25,Paracetamol,Inconclusive,5,2023,9
36,Male,O-,Obesity,2020-01-11,Frank Gonzalez,Downs PLC,Cigna,23892.55266922649,Emergency,2020-01-16,Aspirin,Normal,5,2020,1
38,Male,O-,Obesity,2022-03-30,Matthew Williams,"Zhang Long Eaton, and",Blue Cross,8171.462614714922,Elective,2022-04-26,Ibuprofen,Inconclusive,27,2022,3
21,Male,AB+,Arthritis,2020-05-11,Jonathan Gray,PLC Mills,UnitedHealthcare,23457.30928650795,Elective,2020-05-20,Lipitor,Normal,9,2020,5
55,Female,O+,Cancer,2022-01-20,Timothy Rodriguez,"Hoffman Cox Mcdonald, and",Cigna,25787.43914374591,Emergency,2022-02-16,Paracetamol,Normal,27,2022,1
79,Female,A-,Hypertension,2019-11-13,Victor Welch,Carpenter and Sons,Blue Cross,28525.52476768826,Urgent,2019-11-24,Aspirin,Abnormal,11,2019,11
55,Male,AB-,Arthritis,2021-02-03,Robert Adams MD,"Collins and Moore Chan,",UnitedHealthcare,17182.869811876913,Emergency,2021-02-20,Lipitor,Abnormal,17,2021,2
24,Male,AB+,Asthma,2020-10-24,Andrew Jefferson,"and Wood Lewis, Monroe",Cigna,20980.303064872245,Elective,2020-11-15,Aspirin,Inconclusive,22,2020,10
39,Female,O+,Hypertension,2022-10-03,Sharon Hensley,"and Keller, Ortega Miller",Medicare,4243.202643830592,Urgent,2022-10-06,Ibuprofen,Abnormal,3,2022,10
63,Female,B+,Cancer,2023-12-24,Eugene Branch,"Austin, and Reynolds Duran",Cigna,40137.789171480654,Elective,2024-01-02,Ibuprofen,Normal,9,2023,12
26,Male,AB-,Asthma,2023-11-18,Anthony Greer,Lopez LLC,Medicare,30676.441759527013,Elective,2023-11-26,Ibuprofen,Normal,8,2023,11
76,Female,AB+,Hypertension,2024-03-12,Bob Moyer,Clark-Tran,Aetna,45594.88907063597,Urgent,2024-04-09,Paracetamol,Abnormal,28,2024,3
69,Male,A+,Cancer,2023-04-12,Heather Shea,"Villanueva and Carter Hughes,",Medicare,29076.629611154083,Urgent,2023-05-07,Ibuprofen,Abnormal,25,2023,4
38,Female,O+,Obesity,2021-06-16,Nicholas Stevenson,Ltd Osborn,Cigna,5223.502081344052,Emergency,2021-07-11,Paracetamol,Abnormal,25,2021,6
19,Male,AB-,Hypertension,2021-11-24,Laura Guerra,LLC Hodge,Blue Cross,41840.65803442384,Elective,2021-12-13,Penicillin,Abnormal,19,2021,11
61,Male,B-,Obesity,2020-07-06,Michele Bradford,"Lopez and Shepard Smith,",Blue Cross,26504.86591103471,Emergency,2020-07-22,Aspirin,Normal,16,2020,7
42,Female,AB-,Arthritis,2022-06-26,Mr. Jesse Cook,"Moss and Meadows Jones,",Cigna,7946.129112957691,Elective,2022-07-01,Ibuprofen,Inconclusive,5,2022,6
57,Male,AB-,Diabetes,2020-07-21,Heather Simon,Young-Williams,Cigna,18689.13844793402,Urgent,2020-07-31,Lipitor,Normal,10,2020,7
36,Female,A-,Arthritis,2019-11-04,Larry Mendez,"Bailey Morgan Frey, and",Blue Cross,30051.9750727672,Urgent,2019-12-03,Ibuprofen,Abnormal,29,2019,11
68,Female,AB+,Hypertension,2021-11-01,Taylor Smith,"Neal Price and Smith,",Medicare,22913.554253007936,Urgent,2021-11-03,Paracetamol,Normal,2,2021,11
25,Female,B+,Obesity,2019-11-17,Ian Singleton,"and Johnson Hobbs Owens,",UnitedHealthcare,36238.5768493334,Elective,2019-11-30,Ibuprofen,Inconclusive,13,2019,11
37,Female,B+,Obesity,2022-12-19,Angela Burton,Melton Inc,Medicare,25217.45618433945,Urgent,2023-01-06,Aspirin,Normal,18,2022,12
68,Male,A+,Asthma,2020-10-06,Lisa Payne,and Weber Sons,Aetna,41548.40831447708,Urgent,2020-10-20,Aspirin,Normal,14,2020,10
81,Female,AB-,Arthritis,2022-01-16,Sara Perry,"Chung Rodriguez Bradley, and",Aetna,7562.394379642121,Elective,2022-01-22,Ibuprofen,Abnormal,6,2022,1
74,Female,A+,Asthma,2023-07-06,Ann Brown,"White Wilson and Farmer,",UnitedHealthcare,386.0540546913368,Elective,2023-08-03,Aspirin,Normal,28,2023,7
75,Male,O+,Arthritis,2021-06-12,David Marshall,Group Thompson,Cigna,31491.61471074435,Urgent,2021-06-15,Ibuprofen,Abnormal,3,2021,6
74,Female,AB+,Cancer,2019-08-27,Shirley Dawson,and Sons Rangel,UnitedHealthcare,34224.34834458022,Elective,2019-09-01,Lipitor,Abnormal,5,2019,8
28,Female,AB-,Diabetes,2022-05-17,Susan Hernandez,"Travis, and Richardson Hampton",Medicare,23673.721739330173,Urgent,2022-06-12,Ibuprofen,Abnormal,26,2022,5
35,Male,AB+,Hypertension,2020-10-02,Gina Edwards,"and Wilson Matthews, Faulkner",UnitedHealthcare,40301.9973092428,Elective,2020-10-17,Ibuprofen,Inconclusive,15,2020,10
79,Female,O+,Asthma,2021-08-20,Laura Howell,Group Bailey,Medicare,37116.16381410085,Elective,2021-09-16,Lipitor,Abnormal,27,2021,8
59,Female,O-,Asthma,2019-11-05,Scott Beltran,Rosales-Johnson,Aetna,38606.963796832526,Elective,2019-11-17,Aspirin,Inconclusive,12,2019,11
84,Female,O-,Arthritis,2024-02-06,William Campbell,Bush-Brown,Cigna,17813.930503887397,Emergency,2024-02-28,Penicillin,Inconclusive,22,2024,2
36,Female,O-,Asthma,2024-02-07,Ethan Brock,Saunders-Smith,Aetna,20773.023318885946,Urgent,2024-02-21,Ibuprofen,Normal,14,2024,2
69,Male,O+,Arthritis,2023-06-22,Nicholas Gomez,"and Mckay, Morrow Myers",Blue Cross,9609.522307149366,Urgent,2023-07-11,Lipitor,Normal,19,2023,6
54,Male,A-,Cancer,2020-11-19,Richard Buchanan,Sherman-Martinez,Blue Cross,3771.237165573879,Urgent,2020-11-27,Penicillin,Abnormal,8,2020,11
30,Female,O+,Asthma,2021-11-24,David Gonzalez,"Baker, Weber Patton and",Medicare,51587.93681650202,Emergency,2021-12-07,Ibuprofen,Abnormal,13,2021,11
31,Male,O-,Cancer,2019-07-26,Kristin Schmitt,"and Fitzgerald Shaw, Edwards",Medicare,28456.69855744684,Elective,2019-07-29,Lipitor,Inconclusive,3,2019,7
81,Female,AB+,Cancer,2022-07-05,Kelly King,Kim-Higgins,Cigna,33870.120904948504,Elective,2022-07-08,Ibuprofen,Abnormal,3,2022,7
61,Female,O+,Diabetes,2019-08-29,Jeffery Morgan,"Morgan, Kramer Munoz and",Medicare,2303.998422756669,Elective,2019-09-07,Paracetamol,Normal,9,2019,8
52,Male,B+,Hypertension,2024-05-02,Patricia Fowler,Harvey Group,Aetna,1878.0073018178916,Elective,2024-05-21,Paracetamol,Abnormal,19,2024,5
25,Male,B+,Asthma,2020-05-26,David Patterson,Mercer-Rogers,Blue Cross,19160.993728264,Elective,2020-05-31,Penicillin,Normal,5,2020,5
56,Male,B+,Cancer,2024-03-20,Daisy Eaton,Duran Sons and,Blue Cross,5811.629851037733,Urgent,2024-04-06,Paracetamol,Normal,17,2024,3
44,Male,O+,Diabetes,2024-03-27,Benjamin Bryant,"Vaughan Parker and Wagner,",Medicare,22868.530342201582,Elective,2024-04-08,Ibuprofen,Abnormal,12,2024,3
30,Female,O+,Arthritis,2021-03-22,Cynthia Velazquez,Lee-Jacobson,Blue Cross,48281.91194019209,Urgent,2021-03-25,Ibuprofen,Abnormal,3,2021,3
82,Male,O-,Cancer,2020-10-03,William Brock,"Hayes Robbins and Gallagher,",Medicare,30562.56762520042,Emergency,2020-10-28,Paracetamol,Abnormal,25,2020,10
67,Male,B+,Obesity,2023-05-17,Douglas Lambert,"Evans and Byrd, Smith",Medicare,24293.633025826664,Emergency,2023-05-31,Ibuprofen,Normal,14,2023,5
41,Male,A+,Arthritis,2022-08-12,Alex Mcknight,and Howell Sons,Aetna,5878.778853323267,Emergency,2022-08-31,Ibuprofen,Abnormal,19,2022,8
84,Male,A-,Arthritis,2020-06-20,Gregory Fox,"Clements and Scott, Peters",UnitedHealthcare,28410.43876792736,Urgent,2020-06-22,Ibuprofen,Abnormal,2,2020,6
85,Female,AB+,Asthma,2023-04-20,Carrie Navarro,Gomez-Olson,Medicare,27414.018804721723,Emergency,2023-05-05,Ibuprofen,Normal,15,2023,4
26,Female,A-,Hypertension,2019-10-28,Laura Murillo,"and Medina Morgan, Whitehead",Aetna,5826.244027054134,Emergency,2019-11-21,Penicillin,Abnormal,24,2019,10
49,Female,O+,Diabetes,2021-08-31,Alyssa Walsh,Miller LLC,Cigna,2133.7372022713957,Urgent,2021-09-05,Ibuprofen,Normal,5,2021,8
47,Female,A+,Hypertension,2021-07-14,Jeff Barton,Jones-Aguirre,Blue Cross,34262.609469234085,Urgent,2021-08-06,Penicillin,Inconclusive,23,2021,7
69,Male,A-,Diabetes,2022-01-21,Ricky Anderson,PLC Gonzalez,Aetna,44897.04901485058,Elective,2022-02-02,Paracetamol,Normal,12,2022,1
78,Female,O+,Asthma,2019-09-16,John Hurst,and Davies Sons,Cigna,22230.122763982992,Urgent,2019-10-16,Penicillin,Normal,30,2019,9
29,Male,AB+,Diabetes,2023-01-20,Cristina Wyatt,Soto-Richmond,Cigna,32895.10189130326,Urgent,2023-01-29,Aspirin,Abnormal,9,2023,1
73,Male,A+,Cancer,2020-01-04,Christina Fowler,"and Morrison Ho Woods,",Medicare,5349.056116311976,Emergency,2020-01-16,Paracetamol,Normal,12,2020,1
53,Male,AB-,Obesity,2024-03-03,Gary Barr,Lewis and Sons,Cigna,23235.854410034462,Elective,2024-03-15,Aspirin,Inconclusive,12,2024,3
34,Male,AB+,Diabetes,2019-07-06,Frederick Whitney,Wood-Sandoval,Aetna,25683.279862215622,Elective,2019-08-01,Paracetamol,Inconclusive,26,2019,7
38,Female,AB-,Obesity,2022-12-01,Mary Miller,Ball LLC,Cigna,45560.28183872589,Elective,2022-12-03,Ibuprofen,Normal,2,2022,12
70,Female,B-,Arthritis,2020-05-10,Evan Lewis,Scott LLC,UnitedHealthcare,16850.88631219279,Urgent,2020-05-30,Penicillin,Abnormal,20,2020,5
59,Female,AB+,Hypertension,2024-03-10,Adrienne Howard,"and Wright, Long Schroeder",Aetna,34365.99712395978,Elective,2024-03-16,Ibuprofen,Inconclusive,6,2024,3
43,Male,AB+,Arthritis,2020-01-14,Daniel Jones,Ltd Crawford,UnitedHealthcare,11968.023816835155,Urgent,2020-01-19,Paracetamol,Inconclusive,5,2020,1
49,Male,B-,Diabetes,2020-06-07,Craig Wolfe,Group Moore,Cigna,10076.892532991216,Elective,2020-06-26,Penicillin,Inconclusive,19,2020,6
63,Male,AB-,Asthma,2020-11-11,Tina Griffin,Burch-Marks,Blue Cross,44582.81735925928,Elective,2020-11-30,Penicillin,Abnormal,19,2020,11
40,Female,O+,Asthma,2021-05-07,John Hansen,Koch-Alvarado,Medicare,30334.98906605058,Urgent,2021-05-31,Aspirin,Abnormal,24,2021,5
80,Male,B-,Arthritis,2021-07-13,Trevor Evans,"Garcia Edwards and Daniel,",Cigna,6196.635136069902,Urgent,2021-08-05,Penicillin,Normal,23,2021,7
74,Female,B+,Cancer,2024-03-25,Mark Johnson,Carter-Camacho,Cigna,45438.90694636938,Emergency,2024-04-03,Lipitor,Normal,9,2024,3
70,Male,O+,Diabetes,2020-03-25,James Hays,Malone LLC,Aetna,43707.1792421982,Urgent,2020-04-02,Lipitor,Normal,8,2020,3
39,Female,AB-,Diabetes,2023-05-14,Nicholas Ferguson,Zamora PLC,Blue Cross,20105.02992927688,Urgent,2023-05-20,Penicillin,Normal,6,2023,5
47,Female,AB+,Diabetes,2022-11-19,Mr. Jeffrey Powell,Ltd Hernandez,UnitedHealthcare,11938.06769468013,Urgent,2022-11-23,Penicillin,Normal,4,2022,11
49,Male,AB+,Diabetes,2021-03-10,Timothy Carter,"Gomez Ray, and Jones",Cigna,10836.211217334956,Emergency,2021-03-30,Lipitor,Abnormal,20,2021,3
64,Male,A-,Obesity,2020-11-15,Jennifer Gonzales,"Davis, Ray and Thompson",Cigna,40037.47998677874,Urgent,2020-11-20,Ibuprofen,Inconclusive,5,2020,11
40,Male,A+,Asthma,2024-01-28,Leonard Chen,Mckinney-Edwards,Medicare,42959.29981431829,Elective,2024-02-21,Paracetamol,Abnormal,24,2024,1
77,Male,A-,Arthritis,2020-07-07,Margaret Ramos,Parker-Shannon,Medicare,40196.82527780484,Urgent,2020-08-05,Paracetamol,Abnormal,29,2020,7
61,Male,AB-,Hypertension,2023-01-22,Joy Davis,Lawrence LLC,Aetna,39827.66341723615,Elective,2023-01-27,Ibuprofen,Inconclusive,5,2023,1
36,Female,A-,Asthma,2020-05-10,Mary Mckee,"and Thompson Burke, Harrington",Aetna,3516.8478500906785,Emergency,2020-05-24,Aspirin,Inconclusive,14,2020,5
19,Female,O+,Diabetes,2021-07-09,John Evans,"Johnson Goodman Clark, and",Cigna,25414.79593362392,Elective,2021-08-04,Aspirin,Abnormal,26,2021,7
21,Male,O-,Cancer,2020-06-11,Benjamin Payne,"Doyle Hess, and Dudley",Cigna,36230.38776095568,Elective,2020-06-21,Paracetamol,Inconclusive,10,2020,6
49,Male,AB-,Asthma,2020-04-21,Jeanne Allen,Bass PLC,UnitedHealthcare,22427.174137366856,Emergency,2020-05-09,Lipitor,Inconclusive,18,2020,4
62,Female,A+,Obesity,2019-10-06,Kelly Jackson,"Willis and Hunt Pope,",Cigna,39250.44743870776,Urgent,2019-11-04,Aspirin,Normal,29,2019,10
54,Female,O-,Hypertension,2020-07-11,Michael Barber,"Gray, Hensley and Hanson",UnitedHealthcare,5226.001297134632,Urgent,2020-07-31,Penicillin,Normal,20,2020,7
22,Male,AB-,Obesity,2022-04-03,Steven Clark,Moore-Woods,Cigna,7732.672264734952,Elective,2022-04-17,Paracetamol,Abnormal,14,2022,4
74,Male,A-,Hypertension,2020-01-21,Amy Bailey,Moore-Franco,Medicare,11304.002577233756,Urgent,2020-01-29,Aspirin,Abnormal,8,2020,1
35,Female,A+,Asthma,2022-12-16,Cody Houston,Hamilton and Sons,UnitedHealthcare,38403.576578283406,Elective,2023-01-08,Lipitor,Abnormal,23,2022,12
20,Male,B-,Asthma,2022-07-20,Gregory Nichols,Burke Group,UnitedHealthcare,14039.886137560015,Emergency,2022-07-29,Ibuprofen,Inconclusive,9,2022,7
18,Female,B-,Cancer,2021-07-25,Christopher Odom,Anderson LLC,UnitedHealthcare,6958.697671213205,Elective,2021-07-28,Paracetamol,Abnormal,3,2021,7
55,Female,O+,Cancer,2023-07-19,Raymond Bell,Sims-Jimenez,Medicare,3254.032219680625,Urgent,2023-08-02,Lipitor,Normal,14,2023,7
66,Male,B-,Diabetes,2023-05-22,Autumn Fitzgerald,Holloway PLC,Aetna,11855.952019065971,Urgent,2023-06-08,Ibuprofen,Inconclusive,17,2023,5
62,Female,O-,Hypertension,2020-07-08,James Armstrong,Cain-Stone,Blue Cross,22368.375938444704,Emergency,2020-07-25,Ibuprofen,Inconclusive,17,2020,7
43,Female,A-,Asthma,2022-12-27,Darius Schaefer,Garner Group,Medicare,48511.654733842326,Urgent,2023-01-24,Lipitor,Inconclusive,28,2022,12
24,Female,B-,Diabetes,2019-06-21,Katherine Dunn,Ltd Logan,Aetna,10126.50257254376,Urgent,2019-07-12,Ibuprofen,Abnormal,21,2019,6
46,Female,O+,Diabetes,2021-01-01,Katherine Flynn,Bishop PLC,UnitedHealthcare,8470.641299553332,Elective,2021-01-27,Penicillin,Inconclusive,26,2021,1
58,Male,AB-,Asthma,2022-09-07,Julian Perkins,Lewis-Mitchell,Medicare,25086.01391506719,Urgent,2022-09-28,Lipitor,Inconclusive,21,2022,9
58,Male,B+,Obesity,2022-06-09,Holly Taylor,and Campbell Sons,Cigna,36524.37724655174,Urgent,2022-06-26,Ibuprofen,Abnormal,17,2022,6
48,Male,B+,Cancer,2023-11-01,Mark King,James PLC,UnitedHealthcare,5945.011816435908,Elective,2023-11-10,Paracetamol,Inconclusive,9,2023,11
43,Male,O-,Obesity,2023-08-06,Shelby Johnson,Colon-Meyer,Blue Cross,3601.6816793720545,Urgent,2023-08-13,Lipitor,Inconclusive,7,2023,8
74,Female,AB+,Obesity,2022-07-30,Angela Logan MD,"and Woods Liu, Berry",Cigna,4920.190418431115,Elective,2022-08-25,Aspirin,Abnormal,26,2022,7
47,Female,AB-,Diabetes,2021-02-04,Gloria Schultz,LLC Clayton,UnitedHealthcare,48887.23452420244,Elective,2021-02-28,Ibuprofen,Inconclusive,24,2021,2
35,Male,A+,Cancer,2021-11-26,Victor Morales,Le-Hawkins,Blue Cross,48826.38705657961,Urgent,2021-12-09,Paracetamol,Normal,13,2021,11
28,Male,B-,Arthritis,2020-07-02,Nancy Vaughn,"Martinez Taylor Lopez, and",UnitedHealthcare,5509.59580144552,Emergency,2020-07-03,Lipitor,Abnormal,1,2020,7
49,Male,A-,Diabetes,2021-08-09,Christopher Rivera,Williams Group,Medicare,37636.4416616169,Elective,2021-09-06,Ibuprofen,Normal,28,2021,8
28,Male,AB-,Obesity,2024-01-18,Brittany Rocha,Schmidt-Douglas,Cigna,20885.91950752417,Emergency,2024-02-04,Ibuprofen,Inconclusive,17,2024,1
50,Male,O-,Obesity,2023-01-17,Patricia Hall,Ltd Fleming,Aetna,35114.48997394837,Elective,2023-02-10,Paracetamol,Normal,24,2023,1
59,Male,A-,Obesity,2024-03-27,Christopher Hudson,"Smith Brown Wallace, and",Blue Cross,6191.39265563093,Elective,2024-04-21,Lipitor,Normal,25,2024,3
22,Female,O+,Hypertension,2023-01-10,Walter Perez,Boyer Inc,Blue Cross,40697.96894754518,Elective,2023-01-23,Ibuprofen,Normal,13,2023,1
62,Female,B+,Arthritis,2019-07-14,Jonathan Chang,Miranda-Collins,Aetna,43465.9527835804,Urgent,2019-07-18,Lipitor,Normal,4,2019,7
21,Female,A+,Cancer,2020-05-18,Maria Ritter,Hoffman and Sons,Cigna,16866.06882400553,Elective,2020-06-02,Ibuprofen,Normal,15,2020,5
44,Male,B-,Obesity,2022-06-15,Elizabeth Snyder,Group Ortega,Aetna,41454.68526155622,Emergency,2022-06-25,Ibuprofen,Inconclusive,10,2022,6
27,Male,B+,Hypertension,2020-03-27,Dennis Harris,"Mitchell, Vasquez and Chaney",Cigna,47735.38424265113,Urgent,2020-04-05,Penicillin,Normal,9,2020,3
47,Male,O-,Diabetes,2020-02-20,Caroline Fields,Villa-Simpson,UnitedHealthcare,2826.8129812995794,Elective,2020-03-01,Lipitor,Normal,10,2020,2
51,Male,O-,Hypertension,2020-06-16,Joseph Rivera,LLC Haynes,Blue Cross,26524.17280425105,Elective,2020-06-21,Penicillin,Inconclusive,5,2020,6
48,Female,B-,Hypertension,2019-06-06,Charles Reynolds,Inc Cummings,UnitedHealthcare,36727.581005121705,Urgent,2019-07-02,Ibuprofen,Normal,26,2019,6
83,Male,B-,Arthritis,2022-01-18,Patricia Valentine,Downs-Stephens,Blue Cross,4509.403060894499,Elective,2022-02-05,Paracetamol,Abnormal,18,2022,1
64,Male,A+,Arthritis,2021-01-11,Angela Reed,"Carson and Nielsen, Buchanan",Aetna,25709.584431718995,Elective,2021-01-23,Aspirin,Abnormal,12,2021,1
19,Male,O+,Obesity,2021-02-04,Doris Johnson,Hicks-Perez,Medicare,20086.217102867195,Urgent,2021-02-15,Aspirin,Abnormal,11,2021,2
39,Male,B-,Asthma,2022-05-30,Devin Pratt,"Wilson and Brown, Ortiz",UnitedHealthcare,36862.17180296319,Elective,2022-06-01,Aspirin,Inconclusive,2,2022,5
23,Female,O+,Hypertension,2021-12-19,Angela Allison,Berg-Mcconnell,Blue Cross,40065.33889297497,Elective,2021-12-30,Paracetamol,Normal,11,2021,12
24,Male,B+,Diabetes,2021-07-20,Phyllis Nguyen,Gilbert Ltd,UnitedHealthcare,41997.35455928204,Elective,2021-08-07,Lipitor,Abnormal,18,2021,7
73,Female,AB-,Cancer,2022-12-27,Melissa Mendoza,Gutierrez-Webster,Blue Cross,22601.56744684815,Elective,2023-01-19,Paracetamol,Abnormal,23,2022,12
56,Male,O-,Obesity,2022-09-05,Christopher Bates,Group Thompson,UnitedHealthcare,36204.73233064327,Urgent,2022-10-04,Penicillin,Normal,29,2022,9
36,Male,B+,Cancer,2022-07-27,April Cummings,Cooley-Reid,Cigna,41311.29390113734,Emergency,2022-08-19,Lipitor,Inconclusive,23,2022,7
33,Male,A+,Cancer,2024-05-03,Andrew Hill,"and Davenport Davis Hobbs,",Aetna,36890.26905497426,Elective,2024-05-15,Lipitor,Normal,12,2024,5
21,Male,O+,Arthritis,2019-08-28,Susan Sampson,Thompson-Becker,Aetna,5716.104207616128,Emergency,2019-09-16,Aspirin,Abnormal,19,2019,8
80,Male,B-,Diabetes,2024-04-21,Darren Becker,Mitchell Inc,Blue Cross,10461.980685017636,Emergency,2024-05-07,Aspirin,Abnormal,16,2024,4
79,Female,O+,Arthritis,2024-03-12,Lee Santiago,"Mack, Wilson and Fowler",Blue Cross,37879.97903164024,Urgent,2024-04-04,Aspirin,Abnormal,23,2024,3
44,Male,A+,Obesity,2019-09-29,Holly Walton,"Johnson Garcia, and Anthony",UnitedHealthcare,44355.20415019394,Elective,2019-10-05,Aspirin,Inconclusive,6,2019,9
23,Male,AB+,Obesity,2022-08-19,Craig Howard,"and Young Powell Mitchell,",Medicare,28355.452457265368,Urgent,2022-08-24,Penicillin,Normal,5,2022,8
75,Male,A-,Cancer,2021-10-18,Diane Riley,Bishop Inc,Blue Cross,22935.41170801031,Elective,2021-11-01,Ibuprofen,Normal,14,2021,10
60,Male,A-,Hypertension,2023-04-07,John Schroeder,Coleman-Dawson,Medicare,42605.6353407704,Elective,2023-05-05,Lipitor,Normal,28,2023,4
83,Male,AB-,Asthma,2019-10-28,Mark Watson,Cunningham-King,UnitedHealthcare,24023.95612282017,Elective,2019-11-24,Ibuprofen,Inconclusive,27,2019,10
61,Female,AB+,Hypertension,2020-06-29,Diane Griffin,Anderson PLC,UnitedHealthcare,20577.70892665962,Elective,2020-07-26,Penicillin,Normal,27,2020,6
82,Female,AB+,Diabetes,2022-09-21,Kenneth Mcintosh,"Freeman King Hodges, and",Aetna,7264.885037350545,Emergency,2022-10-03,Aspirin,Normal,12,2022,9
40,Male,A-,Arthritis,2023-08-10,Victoria Hernandez,Sons Wilson and,Cigna,29913.84933018692,Urgent,2023-08-15,Ibuprofen,Normal,5,2023,8
70,Female,B+,Hypertension,2022-05-16,David Zavala,Woodward Ltd,Cigna,43353.40395231945,Elective,2022-05-26,Lipitor,Normal,10,2022,5
68,Female,O+,Cancer,2020-08-25,Frederick Fields,"Powell Branch Osborn, and",Blue Cross,18382.66405465011,Elective,2020-09-15,Lipitor,Abnormal,21,2020,8
31,Female,B-,Cancer,2023-10-04,Michael Nguyen,"Brown Brown, and Sanders",Blue Cross,49419.86801455786,Elective,2023-10-11,Ibuprofen,Inconclusive,7,2023,10
28,Male,O+,Asthma,2022-04-28,Casey Fowler,Harris-Oconnor,Aetna,9958.02390082406,Emergency,2022-05-27,Penicillin,Inconclusive,29,2022,4
84,Male,O+,Hypertension,2019-05-29,Michael Miller,"Paul Richardson Haynes, and",Blue Cross,21438.27898593383,Elective,2019-06-17,Aspirin,Abnormal,19,2019,5
34,Female,AB+,Arthritis,2024-03-09,Kaylee Hampton,Patterson-Lee,Aetna,1820.0158207199445,Emergency,2024-03-23,Aspirin,Abnormal,14,2024,3
25,Female,B+,Hypertension,2020-01-07,Amber Gordon,"and Yang Fox Scott,",Cigna,32760.468759879863,Urgent,2020-02-01,Aspirin,Normal,25,2020,1
58,Female,B+,Asthma,2019-11-10,Colleen Meyers,"Burch, and Sexton Sandoval",Medicare,35421.825825482214,Elective,2019-12-06,Paracetamol,Abnormal,26,2019,11
78,Female,O+,Diabetes,2023-01-24,Eileen Hernandez,"Johnson and Delgado, Bennett",Medicare,44393.180527655255,Elective,2023-02-01,Aspirin,Inconclusive,8,2023,1
56,Male,AB+,Diabetes,2019-07-28,Carrie Wright,Garza Group,Blue Cross,16578.90583657894,Urgent,2019-08-26,Penicillin,Inconclusive,29,2019,7
77,Male,AB-,Arthritis,2022-07-18,Jeffrey Schmidt,"Olson, Andrade and Dixon",Medicare,33749.85876855787,Emergency,2022-08-07,Paracetamol,Abnormal,20,2022,7
61,Female,A+,Asthma,2020-06-07,Jaime Bell,Fisher Inc,UnitedHealthcare,3903.7562434997735,Urgent,2020-07-01,Penicillin,Abnormal,24,2020,6
40,Female,B-,Cancer,2020-12-07,Brian Cooper,Farrell-Lyons,Medicare,22720.333703383392,Emergency,2020-12-20,Lipitor,Abnormal,13,2020,12
80,Male,AB-,Diabetes,2020-04-10,Anthony Graves,"Greer Cain and Taylor,",Medicare,35411.47137378961,Elective,2020-04-30,Paracetamol,Abnormal,20,2020,4
35,Male,A-,Hypertension,2023-07-12,Traci White MD,Turner Ltd,Medicare,27342.226743452517,Urgent,2023-07-22,Aspirin,Normal,10,2023,7
85,Female,A+,Cancer,2022-09-10,Eric Lutz,Johnson Group,Blue Cross,27971.280360766315,Emergency,2022-09-14,Lipitor,Abnormal,4,2022,9
64,Male,AB-,Hypertension,2021-04-15,Brenda Hill,Sherman Inc,Cigna,26894.07493234706,Emergency,2021-05-07,Aspirin,Normal,22,2021,4
30,Female,O-,Cancer,2020-08-20,Peter Brown,"and Garcia Wade Richardson,",Medicare,36551.05475160793,Emergency,2020-08-23,Ibuprofen,Abnormal,3,2020,8
19,Female,A+,Arthritis,2020-08-14,Benjamin Banks,White-Graham,Medicare,10693.389264097665,Elective,2020-08-28,Ibuprofen,Abnormal,14,2020,8
64,Male,A+,Diabetes,2021-07-17,Natalie Perez,and Miller Sons,UnitedHealthcare,28835.4411907577,Urgent,2021-08-03,Lipitor,Inconclusive,17,2021,7
44,Male,B+,Diabetes,2023-01-27,Erica Williams,"Taylor, and Mullins Lara",Medicare,7083.614266337014,Elective,2023-02-02,Lipitor,Inconclusive,6,2023,1
66,Female,O-,Asthma,2020-09-04,Jasmine Webb,"and King, Vega Jones",Medicare,2068.429203629516,Urgent,2020-09-20,Penicillin,Inconclusive,16,2020,9
79,Female,AB+,Hypertension,2020-02-08,David Cabrera,Alvarez-Cruz,Blue Cross,42956.12895295784,Elective,2020-02-21,Aspirin,Normal,13,2020,2
59,Female,O+,Diabetes,2019-07-01,Julie Gonzales,"Walker Cisneros and Adams,",Aetna,17307.366222435077,Urgent,2019-07-05,Penicillin,Abnormal,4,2019,7
47,Male,O+,Asthma,2024-01-01,Julia Campbell,Ltd Lewis,Aetna,41492.12758889828,Elective,2024-01-12,Aspirin,Normal,11,2024,1
49,Male,AB+,Obesity,2021-03-10,Zachary Robinson,Esparza-Martinez,UnitedHealthcare,16097.76216434909,Emergency,2021-04-07,Paracetamol,Normal,28,2021,3
35,Male,AB+,Cancer,2019-09-19,Christine Smith,"Baker Hernandez and Scott,",Blue Cross,44495.73103847668,Elective,2019-10-16,Paracetamol,Inconclusive,27,2019,9
69,Female,B+,Obesity,2023-02-24,Barbara Burgess,Group Lopez,Blue Cross,2936.8944986229376,Emergency,2023-02-25,Aspirin,Abnormal,1,2023,2
57,Male,O+,Obesity,2022-03-30,Malik Goodwin,"and Le Martin Young,",UnitedHealthcare,43374.011464690346,Emergency,2022-04-14,Lipitor,Inconclusive,15,2022,3
51,Female,A+,Asthma,2019-08-30,Diana Shaw,PLC Cook,Aetna,6949.875644995354,Urgent,2019-09-17,Paracetamol,Inconclusive,18,2019,8
31,Female,O+,Arthritis,2019-12-21,Michael Mason,"Baker, Davis Hill and",Blue Cross,15449.063973707853,Elective,2019-12-31,Lipitor,Abnormal,10,2019,12
34,Female,A-,Obesity,2019-08-31,Alexis Bradford,Johnson-Gray,Blue Cross,37458.15927894109,Elective,2019-09-28,Paracetamol,Abnormal,28,2019,8
57,Male,O+,Cancer,2022-03-30,Jasmine Parker,"Mitchell, and Garcia Saunders",Medicare,5919.300084398267,Elective,2022-04-11,Ibuprofen,Normal,12,2022,3
51,Female,O+,Arthritis,2023-08-11,Christina Lopez,Dennis-Roth,Cigna,21534.715569914784,Emergency,2023-08-20,Penicillin,Normal,9,2023,8
85,Male,B+,Asthma,2021-10-29,Richard Franco,"Mcgee Patton Aguirre, and",Cigna,43393.92291514785,Elective,2021-11-25,Penicillin,Inconclusive,27,2021,10
51,Male,A-,Cancer,2020-09-18,Marc Reid,Foster-Thomas,Medicare,50332.93241120667,Emergency,2020-10-12,Aspirin,Abnormal,24,2020,9
39,Male,AB+,Cancer,2021-02-24,Ryan Simmons,Group Mann,Aetna,18062.596843506755,Urgent,2021-03-17,Paracetamol,Inconclusive,21,2021,2
75,Male,AB-,Hypertension,2023-07-07,Clinton Sanchez,Martinez-Strickland,UnitedHealthcare,30064.18079021653,Urgent,2023-07-13,Paracetamol,Normal,6,2023,7
46,Female,O+,Hypertension,2023-06-26,Cindy Gonzalez,"Shaw Tapia and Barnes,",Blue Cross,45440.79280966989,Elective,2023-07-23,Ibuprofen,Inconclusive,27,2023,6
47,Male,O-,Obesity,2021-11-12,Christy Ochoa,Morris-Campbell,Aetna,12073.067265369198,Urgent,2021-12-04,Paracetamol,Normal,22,2021,11
38,Female,O+,Arthritis,2021-10-23,Gabriel Livingston,"Anderson Morton and Vang,",UnitedHealthcare,48065.46239315386,Urgent,2021-11-08,Paracetamol,Abnormal,16,2021,10
25,Female,O+,Arthritis,2019-11-30,Mackenzie Phillips,Olson LLC,Aetna,16342.363733357644,Emergency,2019-12-20,Lipitor,Inconclusive,20,2019,11
65,Male,AB+,Hypertension,2023-03-19,Gabriel Lane,Juarez and Sons,Cigna,21767.231674942213,Elective,2023-04-16,Lipitor,Normal,28,2023,3
50,Female,O-,Hypertension,2022-02-02,Whitney Chavez,"Ramos Hansen Clark, and",Blue Cross,16055.930395419682,Emergency,2022-02-05,Aspirin,Inconclusive,3,2022,2
40,Male,AB+,Obesity,2023-09-25,Tara Tucker,PLC Aguirre,UnitedHealthcare,30123.538567926087,Urgent,2023-10-05,Aspirin,Normal,10,2023,9
70,Male,B+,Arthritis,2021-10-28,Dustin Alvarez,"Nelson Baldwin, Boyd and",UnitedHealthcare,38572.16947791579,Emergency,2021-10-31,Ibuprofen,Inconclusive,3,2021,10
56,Female,AB-,Hypertension,2020-06-16,Jessica Conway,"Martinez, and Moore White",Blue Cross,37798.95058783797,Urgent,2020-07-14,Ibuprofen,Abnormal,28,2020,6
25,Male,O+,Diabetes,2021-10-07,Heidi Wood,"Barker, Costa Hahn and",Medicare,38716.355934862506,Emergency,2021-11-06,Ibuprofen,Normal,30,2021,10
20,Male,A-,Diabetes,2021-04-29,David Gordon,"Anderson and Higgins Galvan,",Aetna,13666.283370731851,Elective,2021-05-17,Paracetamol,Inconclusive,18,2021,4
73,Female,AB-,Diabetes,2019-05-12,Jonathan Thomas,Flores-Roman,Cigna,30753.68882330775,Elective,2019-06-07,Lipitor,Abnormal,26,2019,5
82,Male,B-,Obesity,2021-09-12,Lori Diaz,"Miller, Moon Boyd and",UnitedHealthcare,44278.23165677635,Elective,2021-09-17,Aspirin,Inconclusive,5,2021,9
31,Male,B+,Diabetes,2021-01-25,Martin Dominguez,Inc Harmon,Aetna,6267.540561718074,Urgent,2021-01-27,Ibuprofen,Normal,2,2021,1
74,Male,O-,Cancer,2020-05-22,Adam Roberts,"Elliott Jones Hinton, and",Aetna,26276.792663524604,Elective,2020-06-17,Ibuprofen,Normal,26,2020,5
38,Female,B-,Asthma,2022-06-20,Nancy Beck,Sons Mckinney and,Blue Cross,33171.03008875718,Elective,2022-07-14,Aspirin,Inconclusive,24,2022,6
63,Female,AB-,Cancer,2020-11-16,Christy Hughes,Carroll-Howard,UnitedHealthcare,44984.24155625038,Elective,2020-12-06,Paracetamol,Normal,20,2020,11
62,Female,B-,Obesity,2020-10-09,Charles Hernandez,"and Park, Garcia Lam",Cigna,27091.86037319376,Urgent,2020-10-14,Ibuprofen,Inconclusive,5,2020,10
80,Male,O+,Obesity,2023-12-12,Hannah Clay,"Chavez Valenzuela, and Gutierrez",UnitedHealthcare,32387.92514860232,Urgent,2023-12-27,Ibuprofen,Normal,15,2023,12
25,Female,AB-,Cancer,2022-06-14,Steven Dixon,Hill-Hernandez,Cigna,32905.47679380129,Emergency,2022-07-03,Lipitor,Abnormal,19,2022,6
51,Male,A-,Diabetes,2023-02-23,Monica Thomas,Skinner LLC,Blue Cross,1332.3384328468917,Emergency,2023-03-18,Aspirin,Abnormal,23,2023,2
46,Female,AB+,Obesity,2024-04-25,Alexander Moore,Inc Cox,Aetna,17702.569386018386,Urgent,2024-05-12,Ibuprofen,Inconclusive,17,2024,4
18,Female,A+,Asthma,2022-06-08,Curtis Mckinney,Perez Sons and,UnitedHealthcare,33443.55248615018,Emergency,2022-06-22,Penicillin,Normal,14,2022,6
30,Female,B-,Cancer,2023-12-07,Stephanie Shepard,"Parker Turner, Houston and",Cigna,23175.497028595324,Emergency,2023-12-24,Ibuprofen,Normal,17,2023,12
43,Male,AB-,Cancer,2020-11-03,Russell Soto,Wilson-Chen,Medicare,14224.312292911767,Emergency,2020-12-01,Paracetamol,Abnormal,28,2020,11
21,Male,AB+,Hypertension,2023-10-03,Charles Cardenas,Boone-Duffy,Medicare,23483.49684387744,Urgent,2023-10-18,Paracetamol,Normal,15,2023,10
28,Female,B-,Hypertension,2022-06-11,Brandon Montoya,Reid-Simmons,UnitedHealthcare,31326.72671721238,Emergency,2022-06-28,Paracetamol,Abnormal,17,2022,6
26,Female,O-,Hypertension,2021-07-03,Andrew Bishop,Dunn-Bentley,Aetna,48651.7366550091,Urgent,2021-07-29,Penicillin,Inconclusive,26,2021,7
24,Male,A-,Asthma,2024-03-19,Daniel Sanders,Inc Cherry,Aetna,18932.31466702556,Elective,2024-04-02,Penicillin,Inconclusive,14,2024,3
55,Female,AB-,Diabetes,2024-01-11,Jeremiah Nunez,Zavala-Fernandez,Blue Cross,22063.229031651204,Elective,2024-01-30,Paracetamol,Inconclusive,19,2024,1
41,Female,A+,Cancer,2021-06-26,Carolyn Peters,Jones-Fleming,Medicare,20714.7067340702,Urgent,2021-07-21,Lipitor,Inconclusive,25,2021,6
85,Male,O+,Asthma,2024-01-19,Paul Ruiz,Christian-Hall,UnitedHealthcare,34510.884904131046,Elective,2024-02-05,Ibuprofen,Inconclusive,17,2024,1
45,Male,O-,Hypertension,2020-12-15,Robert Palmer,LLC Cabrera,Blue Cross,42200.51465496005,Elective,2021-01-13,Lipitor,Inconclusive,29,2020,12
22,Female,B+,Hypertension,2021-05-14,Lisa Grimes,"Hernandez and Delacruz, Kramer",Cigna,24451.289481048025,Emergency,2021-05-28,Paracetamol,Abnormal,14,2021,5
18,Male,B+,Diabetes,2021-07-10,Ronald Russell,Cervantes-Herrera,UnitedHealthcare,30289.70490881633,Emergency,2021-07-12,Paracetamol,Normal,2,2021,7
60,Male,B-,Diabetes,2020-07-25,Tracey Smith,Garrison-Mcfarland,Medicare,35317.49303975063,Urgent,2020-07-29,Lipitor,Normal,4,2020,7
22,Female,AB+,Obesity,2019-09-17,Mark Baker,Warren-Brown,Cigna,8033.61165471249,Elective,2019-10-01,Lipitor,Inconclusive,14,2019,9
65,Female,A+,Obesity,2019-05-14,Austin Perry,Ruiz Group,Medicare,7391.534745436652,Elective,2019-05-20,Aspirin,Inconclusive,6,2019,5
73,Female,B+,Asthma,2020-05-31,Dr. Mackenzie Bell,Anderson-Brown,Aetna,35945.884474187944,Emergency,2020-06-28,Ibuprofen,Inconclusive,28,2020,5
82,Female,AB+,Hypertension,2020-03-27,Kimberly Calhoun,Hull Sons and,Medicare,10780.742007834762,Emergency,2020-04-04,Ibuprofen,Inconclusive,8,2020,3
32,Female,O-,Arthritis,2019-12-23,Timothy Aguilar,"Oliver Mcdonald, and Johnson",Aetna,28743.00383788984,Elective,2019-12-30,Penicillin,Normal,7,2019,12
76,Male,A-,Obesity,2024-02-08,Cynthia Stanton MD,Lara-Allen,Blue Cross,47270.24573913907,Elective,2024-02-16,Aspirin,Abnormal,8,2024,2
61,Female,A-,Asthma,2023-09-23,Craig Delgado,Group Summers,Aetna,37846.35220674832,Emergency,2023-09-24,Ibuprofen,Abnormal,1,2023,9
63,Male,AB+,Cancer,2020-05-14,Courtney Parsons,"Phillips Medina, Rivera and",Aetna,46502.76578958709,Elective,2020-05-20,Paracetamol,Inconclusive,6,2020,5
54,Female,B+,Hypertension,2020-02-11,Sandra Barker,LLC Flores,Aetna,27660.28504754122,Urgent,2020-03-01,Lipitor,Normal,19,2020,2
77,Male,AB+,Hypertension,2021-09-13,Michael Hogan,Inc Pace,UnitedHealthcare,36686.655929617344,Urgent,2021-10-09,Paracetamol,Normal,26,2021,9
64,Male,B+,Diabetes,2020-10-24,Toni Perry MD,Garcia-Robinson,Aetna,19563.20303028985,Urgent,2020-10-25,Penicillin,Normal,1,2020,10
69,Male,B+,Arthritis,2020-12-29,William Bailey,Snow-Day,Aetna,23523.596818012746,Elective,2021-01-21,Aspirin,Inconclusive,23,2020,12
31,Male,O+,Cancer,2024-03-19,Tiffany Ortega,Inc Rangel,Cigna,50563.79858462743,Urgent,2024-04-07,Penicillin,Inconclusive,19,2024,3
40,Male,O-,Arthritis,2021-12-13,Willie Lowery,Irwin-Kaufman,UnitedHealthcare,15518.457781567857,Emergency,2021-12-19,Penicillin,Abnormal,6,2021,12
50,Male,O-,Asthma,2022-05-17,Jaime Allen,"Brown and Colon, Anderson",Cigna,42150.70378623512,Urgent,2022-06-03,Paracetamol,Abnormal,17,2022,5
83,Female,A-,Arthritis,2022-12-01,Becky Jones,"and Peterson, Rodriguez Murphy",Cigna,42192.98687233368,Emergency,2022-12-17,Paracetamol,Abnormal,16,2022,12
23,Female,O-,Cancer,2020-03-16,Tiffany Frank,"and Frederick, Jones Garcia",Blue Cross,3925.9338406051943,Emergency,2020-03-22,Lipitor,Normal,6,2020,3
68,Female,AB+,Arthritis,2020-10-20,Joe Mora,"and Fuentes Rogers Gill,",Aetna,12605.74743982124,Emergency,2020-10-27,Paracetamol,Inconclusive,7,2020,10
37,Male,AB-,Asthma,2024-01-05,Teresa Tucker,Group Schneider,Blue Cross,7421.176731919101,Urgent,2024-01-27,Penicillin,Inconclusive,22,2024,1
24,Female,B-,Arthritis,2023-08-17,Ruben Cross,Sandoval-Bennett,Cigna,24561.7371858171,Emergency,2023-09-01,Aspirin,Abnormal,15,2023,8
21,Male,B-,Diabetes,2023-03-31,Timothy Choi,Young Ltd,Cigna,32854.1532647173,Emergency,2023-04-22,Lipitor,Abnormal,22,2023,3
46,Female,AB-,Diabetes,2022-11-21,Robert Lester,Lopez-Brooks,Aetna,18828.764128786574,Elective,2022-11-22,Ibuprofen,Abnormal,1,2022,11
61,Female,B+,Arthritis,2020-08-24,Sandra Bender,"Leblanc Conway, Holt and",Aetna,34381.68871217591,Urgent,2020-09-06,Lipitor,Inconclusive,13,2020,8
25,Male,O-,Arthritis,2022-02-12,Martin Smith,Ltd Roberts,Aetna,31501.71985680136,Elective,2022-03-03,Ibuprofen,Inconclusive,19,2022,2
75,Female,A-,Arthritis,2023-08-15,Martha Johnson,and Carter Sons,Medicare,12098.033219920722,Elective,2023-09-04,Lipitor,Abnormal,20,2023,8
43,Female,O-,Diabetes,2023-01-13,Mercedes Harris,"Moore and Rhodes Lang,",UnitedHealthcare,39547.38118934568,Elective,2023-02-01,Paracetamol,Inconclusive,19,2023,1
38,Female,B-,Obesity,2020-04-28,Gregory Chung,Poole LLC,Aetna,6486.2357259859145,Elective,2020-05-20,Aspirin,Abnormal,22,2020,4
28,Male,AB+,Arthritis,2022-10-21,James Young,Hansen-Torres,Medicare,46657.686081891465,Urgent,2022-10-22,Penicillin,Inconclusive,1,2022,10
80,Male,O+,Hypertension,2022-12-15,Carla Combs,Park-Douglas,Aetna,31709.465028472416,Urgent,2022-12-25,Paracetamol,Abnormal,10,2022,12
63,Female,O+,Asthma,2020-09-01,Peter Martinez,"Ruiz, Scott Mitchell and",Blue Cross,9894.809406640365,Emergency,2020-10-01,Ibuprofen,Inconclusive,30,2020,9
75,Female,AB-,Cancer,2019-11-18,Christopher Spears,"and Rodriguez Gallegos Henry,",Blue Cross,29995.428563873375,Emergency,2019-12-11,Paracetamol,Abnormal,23,2019,11
59,Female,O+,Arthritis,2022-08-22,Carrie Howell,Ltd Miller,Medicare,7796.259614376676,Urgent,2022-08-30,Ibuprofen,Inconclusive,8,2022,8
27,Male,A+,Diabetes,2020-08-01,Tina Ray,"Turner Bradford and Allison,",Blue Cross,48965.17580278538,Emergency,2020-08-26,Aspirin,Abnormal,25,2020,8
77,Male,A+,Arthritis,2024-01-18,Debbie Jones,Goodwin Ltd,Aetna,16128.25262158324,Emergency,2024-02-15,Penicillin,Inconclusive,28,2024,1
19,Female,B-,Asthma,2020-03-17,Anthony Ortiz,Carrillo-Price,Medicare,16920.16153378213,Emergency,2020-04-10,Lipitor,Abnormal,24,2020,3
58,Male,AB+,Arthritis,2022-08-15,Jason Stewart,and Sons Lee,Aetna,49861.874237561446,Emergency,2022-09-01,Ibuprofen,Abnormal,17,2022,8
57,Male,AB+,Cancer,2023-05-15,Derek Dorsey,Rogers-Robles,Blue Cross,36287.38506426071,Elective,2023-05-19,Lipitor,Inconclusive,4,2023,5
59,Male,A+,Hypertension,2019-06-27,William Carter,Massey Inc,Medicare,48035.369334595154,Urgent,2019-07-19,Ibuprofen,Abnormal,22,2019,6
62,Male,B+,Hypertension,2023-10-29,Angel Jones,Arias-Galvan,Aetna,22030.693351067897,Urgent,2023-11-14,Lipitor,Normal,16,2023,10
71,Male,AB-,Diabetes,2024-01-09,Christopher Fowler,Scott-Moore,UnitedHealthcare,45665.85089187852,Elective,2024-01-20,Penicillin,Inconclusive,11,2024,1
35,Female,B+,Cancer,2020-08-23,Stephanie Herrera,Jarvis-Roberts,Aetna,4415.754866840846,Emergency,2020-08-29,Lipitor,Inconclusive,6,2020,8
34,Male,AB+,Asthma,2020-01-07,Scott Herring,Clay LLC,Blue Cross,41122.28913689517,Urgent,2020-01-12,Paracetamol,Normal,5,2020,1
84,Female,O-,Arthritis,2019-10-25,Angela Cook,"Quinn, Bentley and Allen",Cigna,28401.556931871608,Elective,2019-11-15,Ibuprofen,Inconclusive,21,2019,10
77,Female,AB+,Diabetes,2023-09-20,Michael Davis,Williams PLC,UnitedHealthcare,28228.69472245652,Urgent,2023-10-08,Paracetamol,Inconclusive,18,2023,9
85,Male,B+,Arthritis,2020-01-12,Thomas Hunt,"Griffith Mccullough Mendoza, and",UnitedHealthcare,2106.3937567995026,Urgent,2020-01-23,Penicillin,Inconclusive,11,2020,1
34,Female,B+,Asthma,2019-06-04,Dylan Hale,Meyers-Moore,Blue Cross,47398.58620713718,Urgent,2019-06-07,Ibuprofen,Normal,3,2019,6
72,Female,AB-,Asthma,2021-12-14,Bradley Holt,Blair-Bell,Aetna,47454.594675132365,Emergency,2021-12-24,Aspirin,Abnormal,10,2021,12
33,Female,A-,Diabetes,2023-05-30,Sandra Powers,Lester-Fletcher,Cigna,22257.609373733947,Urgent,2023-06-01,Ibuprofen,Abnormal,2,2023,5
80,Female,AB-,Arthritis,2019-08-26,Evan Campbell,Rodriguez LLC,Blue Cross,30324.065977730654,Urgent,2019-09-15,Penicillin,Abnormal,20,2019,8
24,Female,O-,Arthritis,2019-11-16,Sylvia Villarreal,LLC Baldwin,Medicare,10053.924584675826,Emergency,2019-12-02,Aspirin,Abnormal,16,2019,11
44,Female,A-,Arthritis,2022-04-23,Matthew Hopkins,Riley PLC,Medicare,9823.303432847177,Elective,2022-05-19,Lipitor,Normal,26,2022,4
32,Female,B+,Asthma,2020-02-20,Joseph Miller,Snyder-Perry,Medicare,17862.692249893444,Elective,2020-02-21,Paracetamol,Inconclusive,1,2020,2
83,Male,B+,Obesity,2022-10-19,Charles Palmer,Perez-Carlson,Blue Cross,17855.80106776281,Emergency,2022-11-10,Ibuprofen,Inconclusive,22,2022,10
80,Male,O-,Arthritis,2022-02-05,Michael Walters,"Richardson Mccormick, Cruz and",Cigna,40178.46329436952,Elective,2022-02-18,Penicillin,Inconclusive,13,2022,2
41,Female,B+,Cancer,2019-08-01,Scott Smith,Underwood-Mcguire,Cigna,24690.22217668026,Emergency,2019-08-09,Ibuprofen,Abnormal,8,2019,8
39,Male,O-,Arthritis,2021-06-19,Nicole Jensen,"Galvan, Lopez Salazar and",UnitedHealthcare,21862.05635707988,Elective,2021-07-16,Aspirin,Normal,27,2021,6
55,Male,O-,Asthma,2020-06-28,Brent Dickerson,Fisher-Perez,Aetna,29790.846838577025,Urgent,2020-07-24,Ibuprofen,Normal,26,2020,6
59,Male,A-,Asthma,2019-10-06,Nicole Young,"Maldonado Anderson and Adkins,",Cigna,6539.760332212727,Urgent,2019-10-24,Aspirin,Abnormal,18,2019,10
34,Female,A-,Asthma,2022-07-17,Jared Kemp,Ruiz PLC,Aetna,20453.317499341243,Urgent,2022-07-23,Paracetamol,Inconclusive,6,2022,7
27,Female,O+,Hypertension,2021-05-22,Dennis Gilbert,Ltd Watts,Cigna,6827.697954531403,Urgent,2021-06-09,Paracetamol,Normal,18,2021,5
56,Female,O+,Diabetes,2022-08-16,William Mcguire,and Martinez Sons,Cigna,7557.599149968452,Urgent,2022-09-04,Aspirin,Inconclusive,19,2022,8
60,Female,A+,Cancer,2021-03-31,Jesus Wagner,Harrington-Marshall,Aetna,15364.484785297807,Emergency,2021-04-18,Ibuprofen,Abnormal,18,2021,3
71,Female,O-,Obesity,2021-09-06,Jose Cooley,Robbins Inc,Aetna,6664.216916717331,Elective,2021-09-17,Lipitor,Abnormal,11,2021,9
20,Male,AB-,Diabetes,2023-08-26,Andrew Clark,"and Conway George, Huff",Cigna,7235.190690187703,Urgent,2023-08-27,Penicillin,Inconclusive,1,2023,8
75,Male,A+,Asthma,2019-11-27,Evelyn Patterson,Group Thompson,Aetna,20336.492922000565,Emergency,2019-12-07,Penicillin,Normal,10,2019,11
32,Female,A+,Obesity,2023-03-07,Maria Estes,Rodriguez-Arnold,UnitedHealthcare,38668.694588676415,Urgent,2023-03-12,Lipitor,Normal,5,2023,3
66,Female,A-,Diabetes,2022-10-03,Mrs. Linda Miles,"and Sullivan, Mcclure Shields",Aetna,41222.00587136768,Elective,2022-10-14,Lipitor,Abnormal,11,2022,10
78,Female,O-,Diabetes,2023-01-10,Catherine Wiley,Charles LLC,Medicare,38520.011193699655,Urgent,2023-01-30,Lipitor,Abnormal,20,2023,1
49,Male,O-,Cancer,2020-04-12,Olivia Nichols,Morgan-Young,Cigna,44411.12452708084,Urgent,2020-05-04,Aspirin,Normal,22,2020,4
73,Male,B-,Arthritis,2020-11-20,Christie Vargas,"Garcia and Nguyen, Leonard",Aetna,26044.25093809885,Urgent,2020-12-15,Aspirin,Inconclusive,25,2020,11
69,Male,AB-,Hypertension,2024-04-26,Nathaniel Jacobson,PLC Fox,Aetna,7902.420482799194,Emergency,2024-05-24,Ibuprofen,Abnormal,28,2024,4
51,Female,A+,Hypertension,2023-06-29,Kayla Clark,"Bell Preston Washington, and",Medicare,46245.58395229657,Urgent,2023-07-07,Paracetamol,Abnormal,8,2023,6
66,Male,O+,Diabetes,2020-01-11,Jessica Jackson,LLC Hernandez,Aetna,40448.96917281889,Emergency,2020-02-07,Paracetamol,Abnormal,27,2020,1
38,Female,O-,Arthritis,2022-06-05,Lynn Benson,Steele PLC,Medicare,20914.947408227792,Elective,2022-06-15,Paracetamol,Normal,10,2022,6
33,Male,O+,Asthma,2024-01-28,Michael Dodson MD,"and Sims, Gonzalez Huff",Medicare,46682.44679168613,Elective,2024-02-22,Paracetamol,Inconclusive,25,2024,1
27,Male,B-,Cancer,2021-11-06,David Nunez,Allen-Perez,UnitedHealthcare,10965.695749178813,Elective,2021-11-07,Penicillin,Normal,1,2021,11
36,Male,B-,Cancer,2021-07-21,Lindsay Pierce,"and Alexander Crawford Graham,",Aetna,27507.042983304127,Emergency,2021-07-31,Ibuprofen,Normal,10,2021,7
41,Male,A-,Cancer,2019-11-23,Dr. Jeffrey Barnes Jr.,Moyer-Lamb,UnitedHealthcare,12678.096227641516,Urgent,2019-12-06,Penicillin,Normal,13,2019,11
33,Male,AB-,Asthma,2019-05-30,Kristie Roberts,Taylor-Wilson,Aetna,38395.529957277104,Emergency,2019-06-29,Ibuprofen,Inconclusive,30,2019,5
56,Female,AB-,Asthma,2024-03-23,Allison Harper,PLC Sutton,Medicare,28510.807215450037,Emergency,2024-04-14,Lipitor,Inconclusive,22,2024,3
25,Male,O+,Obesity,2019-06-23,Heather Howard,and Sons Sanders,Medicare,43400.66658854206,Emergency,2019-07-12,Aspirin,Abnormal,19,2019,6
21,Female,O-,Asthma,2022-01-30,Vickie King,Gentry and Sons,Aetna,46890.42601269252,Elective,2022-02-26,Aspirin,Abnormal,27,2022,1
57,Male,B-,Cancer,2022-11-12,Christopher Yoder,Haynes-Silva,Cigna,48491.64321008512,Elective,2022-11-22,Penicillin,Normal,10,2022,11
39,Female,O+,Cancer,2020-12-22,Matthew Nelson,"Marshall, and Koch Harper",Blue Cross,13643.730851835093,Elective,2020-12-27,Lipitor,Normal,5,2020,12
51,Female,A-,Diabetes,2022-05-22,Martin Lynch,Duffy-Jackson,Cigna,5415.283510144211,Emergency,2022-06-08,Aspirin,Inconclusive,17,2022,5
31,Male,B+,Hypertension,2021-03-27,David Hall,Brown-Diaz,Aetna,44008.05021162504,Elective,2021-04-23,Lipitor,Abnormal,27,2021,3
85,Male,AB-,Asthma,2022-06-22,Benjamin Tyler,Mcdaniel-Castaneda,UnitedHealthcare,43866.65847598296,Urgent,2022-07-22,Aspirin,Normal,30,2022,6
76,Male,O+,Diabetes,2022-07-15,Tyler Adams DDS,Lyons LLC,Blue Cross,45242.85699278163,Emergency,2022-07-19,Penicillin,Abnormal,4,2022,7
59,Male,A+,Asthma,2022-06-06,William White,PLC French,Aetna,13550.124487195164,Elective,2022-06-30,Paracetamol,Normal,24,2022,6
64,Male,O-,Diabetes,2020-12-29,Amanda Webb,LLC Coleman,Blue Cross,34963.638984568875,Urgent,2021-01-07,Aspirin,Inconclusive,9,2020,12
28,Male,A+,Arthritis,2020-05-23,Travis Holmes,Tucker-Warren,UnitedHealthcare,48890.44781602984,Elective,2020-06-12,Penicillin,Abnormal,20,2020,5
63,Male,A-,Obesity,2022-07-25,Amy Small,Wang-Hill,Medicare,17159.581531514294,Emergency,2022-08-22,Ibuprofen,Normal,28,2022,7
24,Male,A-,Arthritis,2021-04-01,Katherine Gutierrez,Jones Ltd,Cigna,7192.628178237957,Emergency,2021-04-19,Penicillin,Abnormal,18,2021,4
81,Male,B+,Arthritis,2020-07-20,Susan Hess,"White West Herman, and",Medicare,44982.852472054976,Elective,2020-07-29,Lipitor,Normal,9,2020,7
74,Male,A+,Diabetes,2020-02-28,Kristen Thornton,Inc Newton,Medicare,16004.469077228989,Emergency,2020-03-28,Ibuprofen,Inconclusive,29,2020,2
28,Male,AB+,Cancer,2023-08-30,Jerry Fisher,Huerta-Sanchez,UnitedHealthcare,7320.042617086167,Elective,2023-09-17,Ibuprofen,Normal,18,2023,8
27,Male,AB-,Obesity,2020-07-27,Elizabeth Miller,Snyder-Parrish,Blue Cross,28329.824069378898,Emergency,2020-08-24,Aspirin,Normal,28,2020,7
24,Male,AB-,Diabetes,2021-03-28,Reginald Grimes,Inc Bryant,UnitedHealthcare,24130.51675462934,Urgent,2021-04-05,Paracetamol,Inconclusive,8,2021,3
63,Male,A-,Diabetes,2022-05-08,Steven Smith,Williams Inc,Cigna,22361.14759656622,Emergency,2022-05-10,Paracetamol,Normal,2,2022,5
46,Female,O+,Obesity,2021-06-16,Katelyn Davis,"Smith White, and Ryan",Blue Cross,19650.001786591307,Emergency,2021-07-06,Lipitor,Inconclusive,20,2021,6
35,Female,AB+,Arthritis,2023-10-31,Matthew Jones,"Williams Dillon White, and",Aetna,30986.93251693544,Urgent,2023-11-21,Paracetamol,Abnormal,21,2023,10
28,Female,B+,Diabetes,2022-04-23,Diana Tran,Vargas-Cohen,UnitedHealthcare,45987.15677951294,Elective,2022-05-11,Penicillin,Normal,18,2022,4
80,Female,B+,Obesity,2021-12-09,Kevin Kelley,Gardner Group,Medicare,11086.730476357929,Urgent,2021-12-12,Lipitor,Inconclusive,3,2021,12
31,Male,O-,Obesity,2024-01-10,Anthony Green,Garcia-Blake,Medicare,28483.876936659835,Urgent,2024-02-02,Lipitor,Abnormal,23,2024,1
69,Female,O+,Diabetes,2019-11-17,Jordan Porter,Castaneda-Tran,Cigna,37905.95517832426,Emergency,2019-12-15,Lipitor,Inconclusive,28,2019,11
82,Male,AB+,Asthma,2022-01-05,James Thompson,Kim-Ibarra,Medicare,27878.850837775983,Elective,2022-01-11,Ibuprofen,Normal,6,2022,1
64,Female,B+,Arthritis,2024-01-15,Andrea King,Boyer-Burgess,Aetna,13900.054263055275,Urgent,2024-02-10,Ibuprofen,Inconclusive,26,2024,1
77,Female,O+,Arthritis,2022-11-17,Lucas Torres,Cross Ltd,Aetna,30575.7646027089,Urgent,2022-12-15,Paracetamol,Abnormal,28,2022,11
32,Male,O+,Obesity,2021-08-02,Sarah Garcia,"Patel Payne, and Young",Medicare,11941.631298553251,Urgent,2021-08-26,Lipitor,Normal,24,2021,8
70,Female,A+,Diabetes,2020-04-20,Amanda Alvarado,Group Santana,Medicare,7422.725259948824,Elective,2020-04-23,Lipitor,Abnormal,3,2020,4
50,Female,O-,Hypertension,2023-06-28,Samantha Preston,Sons and Cook,Medicare,34005.54699852366,Urgent,2023-06-30,Ibuprofen,Inconclusive,2,2023,6
29,Male,O+,Asthma,2022-04-06,David Maxwell,Martin-Rice,UnitedHealthcare,48574.832438065794,Elective,2022-04-30,Penicillin,Inconclusive,24,2022,4
66,Female,AB+,Cancer,2021-03-31,Kevin Butler,"Ortiz, and Rios Price",Cigna,45010.79763902513,Urgent,2021-04-16,Lipitor,Abnormal,16,2021,3
70,Male,AB+,Obesity,2020-03-07,Shannon Sanchez,Barnes-Williams,UnitedHealthcare,7409.336546368024,Elective,2020-03-29,Aspirin,Normal,22,2020,3
56,Female,B-,Cancer,2020-06-03,Shelly Bright,Hardy-Gutierrez,Cigna,34968.07645040741,Urgent,2020-06-21,Paracetamol,Abnormal,18,2020,6
85,Male,B-,Asthma,2021-08-31,Stephanie Wilcox,Cole LLC,Aetna,5648.175526085927,Elective,2021-09-17,Aspirin,Inconclusive,17,2021,8
67,Male,AB+,Cancer,2022-09-22,Amy Diaz,White-Rowe,UnitedHealthcare,14227.32115830744,Elective,2022-10-11,Paracetamol,Normal,19,2022,9
50,Female,B+,Arthritis,2022-07-02,Stacey Nguyen,"Rodriguez Harris, Willis and",Medicare,47551.57014253019,Elective,2022-07-15,Ibuprofen,Inconclusive,13,2022,7
52,Female,O+,Asthma,2019-06-18,Peter Wright,"Santana Garcia, Alexander and",Aetna,42301.9146193397,Elective,2019-07-08,Aspirin,Abnormal,20,2019,6
84,Male,B-,Hypertension,2019-07-19,Eric Shaw,Collins-Lozano,Aetna,2275.636631828838,Urgent,2019-08-08,Aspirin,Normal,20,2019,7
70,Male,A-,Cancer,2022-01-06,Susan Gaines,Brown-Clark,Cigna,10003.671027381766,Elective,2022-01-27,Paracetamol,Normal,21,2022,1
66,Male,AB-,Diabetes,2022-02-08,Collin Green,"Mcmahon and Kim, Holmes",Aetna,42653.76534463952,Urgent,2022-02-28,Lipitor,Normal,20,2022,2
74,Male,AB-,Hypertension,2022-12-09,Richard Harris,Gomez-Smith,Cigna,10722.49506969614,Elective,2022-12-28,Penicillin,Inconclusive,19,2022,12
75,Female,O+,Obesity,2020-06-14,Charles Fernandez,"Hall Lee Bailey, and",Blue Cross,47516.520546428415,Urgent,2020-06-20,Lipitor,Normal,6,2020,6
61,Male,B+,Obesity,2021-03-12,Kyle Williams MD,"Brennan Bentley, and Hunter",Cigna,41379.38261486649,Urgent,2021-03-25,Lipitor,Inconclusive,13,2021,3
82,Male,AB+,Asthma,2022-12-27,Susan Rios DDS,"Mullins, Gray and Reed",UnitedHealthcare,27481.33147848497,Elective,2023-01-12,Paracetamol,Abnormal,16,2022,12
51,Female,A-,Obesity,2019-12-08,Sarah Ibarra,Anderson Group,Cigna,32006.03156588805,Urgent,2020-01-05,Penicillin,Normal,28,2019,12
37,Female,A-,Arthritis,2023-06-19,Jonathan Burns MD,"Walsh, Howell and Jennings",UnitedHealthcare,14405.939243142044,Elective,2023-07-14,Lipitor,Inconclusive,25,2023,6
51,Male,B+,Hypertension,2019-05-10,Jennifer Miller,Haney-Marshall,UnitedHealthcare,24691.249050914448,Urgent,2019-06-07,Penicillin,Normal,28,2019,5
23,Male,A-,Asthma,2021-06-11,Zachary Scott,"Rich and Roach, King",Blue Cross,47491.39238680917,Elective,2021-06-27,Ibuprofen,Abnormal,16,2021,6
70,Male,B-,Asthma,2019-10-27,Dennis Robbins,"Johnson, and Petty Rubio",Blue Cross,37861.50911059635,Emergency,2019-11-12,Lipitor,Normal,16,2019,10
60,Female,B+,Cancer,2022-08-27,Sean Rodgers,"Morse, Hudson Williams and",Aetna,22952.729823687056,Elective,2022-09-15,Penicillin,Normal,19,2022,8
45,Female,A+,Arthritis,2019-08-08,Nathan Payne,"Kane, and Dickson Schwartz",UnitedHealthcare,2735.031574902377,Emergency,2019-08-14,Penicillin,Inconclusive,6,2019,8
30,Male,A-,Arthritis,2023-02-12,Kristina Gray,Inc Mccullough,Medicare,37755.48077767574,Elective,2023-02-17,Paracetamol,Normal,5,2023,2
35,Male,A+,Hypertension,2021-05-04,Regina Bryant,Taylor-Wong,Medicare,2691.0490643340904,Elective,2021-05-10,Penicillin,Inconclusive,6,2021,5
51,Female,O+,Obesity,2021-07-11,Karen Donovan,Avery-Roy,Aetna,7897.287484905675,Elective,2021-07-28,Lipitor,Normal,17,2021,7
61,Male,A+,Diabetes,2021-02-10,Amber Lopez,LLC Anderson,Medicare,4446.342916829733,Emergency,2021-02-18,Lipitor,Inconclusive,8,2021,2
52,Female,AB+,Diabetes,2021-10-16,Vernon Diaz,Castaneda-Young,Blue Cross,20852.146366162204,Elective,2021-11-04,Penicillin,Normal,19,2021,10
64,Female,B+,Diabetes,2019-10-03,Luke Nunez,"and Thomas Strong, Cook",UnitedHealthcare,47701.4774328691,Urgent,2019-10-25,Lipitor,Inconclusive,22,2019,10
25,Male,A+,Obesity,2020-04-26,Mary Williams,Wells-Price,Aetna,49934.13796344043,Elective,2020-05-02,Aspirin,Abnormal,6,2020,4
76,Female,B-,Obesity,2019-09-13,Gina Richards,Rios Ltd,Medicare,17263.948978830806,Emergency,2019-09-19,Penicillin,Abnormal,6,2019,9
52,Female,B-,Diabetes,2022-01-20,Julie West,Vincent-Hill,Aetna,45274.39656060178,Emergency,2022-02-06,Penicillin,Inconclusive,17,2022,1
77,Male,B+,Obesity,2023-10-14,Greg Scott,Brooks LLC,Medicare,10057.915577642469,Elective,2023-11-04,Paracetamol,Abnormal,21,2023,10
83,Male,A+,Diabetes,2019-11-23,Tracy Serrano,Group Carpenter,Medicare,36369.09117078097,Urgent,2019-11-26,Aspirin,Normal,3,2019,11
57,Female,B-,Cancer,2023-12-05,Rhonda Gilbert,"Henderson Carpenter and Barrett,",Blue Cross,3548.051648233741,Elective,2023-12-31,Lipitor,Abnormal,26,2023,12
54,Male,B+,Arthritis,2021-02-01,Penny Bryant,Mcdaniel-Walsh,UnitedHealthcare,10011.290745005335,Emergency,2021-02-07,Lipitor,Inconclusive,6,2021,2
62,Male,A-,Cancer,2022-06-30,Edward Webster,Ross-Jones,Blue Cross,14876.334221096442,Urgent,2022-07-01,Lipitor,Inconclusive,1,2022,6
37,Male,B-,Arthritis,2023-11-09,Brandon Flores,"Mathews, Smith and Moss",Medicare,30294.651380458647,Elective,2023-11-29,Penicillin,Normal,20,2023,11
56,Female,B+,Hypertension,2020-07-30,Courtney Crane,"and Lawrence, Williams Thomas",Blue Cross,45888.70485797367,Elective,2020-08-10,Paracetamol,Abnormal,11,2020,7
68,Female,O+,Arthritis,2022-04-10,Eric Wallace,Wilkerson Group,UnitedHealthcare,31958.396616157028,Elective,2022-04-19,Lipitor,Normal,9,2022,4
46,Male,A-,Obesity,2020-01-02,Nicole Norton,Villanueva-Garcia,Medicare,22645.786100995923,Urgent,2020-01-16,Paracetamol,Normal,14,2020,1
62,Male,B-,Hypertension,2023-11-10,Angela Cunningham,Duffy-Bowman,Medicare,21297.406511963552,Emergency,2023-12-01,Paracetamol,Abnormal,21,2023,11
49,Female,AB-,Diabetes,2021-02-14,Jessica Morgan,Tyler-Velasquez,Cigna,26432.16098825608,Urgent,2021-02-18,Aspirin,Inconclusive,4,2021,2
75,Male,B-,Hypertension,2022-07-16,Shari Foster,James Inc,Cigna,6336.708013776063,Emergency,2022-08-13,Ibuprofen,Normal,28,2022,7
40,Female,O+,Diabetes,2023-05-15,Danielle Collins,Montgomery-Jones,Medicare,31063.556789556795,Elective,2023-05-27,Penicillin,Normal,12,2023,5
51,Female,AB+,Arthritis,2020-04-30,Beth Mckenzie,Montgomery-Anthony,UnitedHealthcare,10710.325720833796,Urgent,2020-05-22,Penicillin,Abnormal,22,2020,4
64,Male,AB+,Asthma,2021-01-12,Evan Johnson,Davis-Padilla,Blue Cross,25066.521450249456,Urgent,2021-01-25,Ibuprofen,Abnormal,13,2021,1
49,Female,O-,Arthritis,2019-05-23,Wendy Rivera,Ellison-Hayden,Cigna,13396.90016939784,Emergency,2019-06-02,Paracetamol,Normal,10,2019,5
74,Male,A+,Obesity,2023-04-23,Cindy Maxwell,Long-Lee,Blue Cross,29822.09786011805,Emergency,2023-05-09,Lipitor,Normal,16,2023,4
66,Female,A-,Hypertension,2022-12-07,Crystal Hays,Graves LLC,Medicare,12025.347297207634,Urgent,2023-01-01,Aspirin,Abnormal,25,2022,12
52,Female,A-,Arthritis,2020-10-25,Jay Barr,and Sons Dixon,Aetna,33708.85754426482,Elective,2020-11-04,Lipitor,Abnormal,10,2020,10
58,Female,B-,Obesity,2021-04-08,Lisa Long,"Clark, Garza Tate and",Cigna,40825.08466676447,Elective,2021-05-01,Ibuprofen,Normal,23,2021,4
21,Male,B-,Arthritis,2020-09-09,Brianna Kelly,Bates Inc,Aetna,27345.455201931967,Emergency,2020-10-04,Aspirin,Inconclusive,25,2020,9
69,Male,AB+,Arthritis,2019-12-06,David Hanson,LLC Sanford,Aetna,38751.79652054734,Emergency,2019-12-08,Ibuprofen,Inconclusive,2,2019,12
47,Female,AB-,Asthma,2023-02-16,David Stevens,and Harper Sons,Aetna,6252.083556536573,Elective,2023-03-06,Penicillin,Inconclusive,18,2023,2
51,Female,O-,Hypertension,2023-09-12,Richard Ayala,"Young Mcclain, Newman and",UnitedHealthcare,18714.336997419712,Emergency,2023-10-12,Penicillin,Abnormal,30,2023,9
20,Female,A+,Cancer,2019-11-21,Nathan Adams,"Ray, Cain and Miller",Blue Cross,14291.698915695884,Elective,2019-12-11,Ibuprofen,Inconclusive,20,2019,11
38,Female,B-,Hypertension,2019-07-14,Jennifer Munoz,Zamora-Rivers,Blue Cross,38210.96495303578,Elective,2019-07-19,Lipitor,Inconclusive,5,2019,7
70,Female,AB+,Obesity,2019-10-03,Beth Brown,"and Perez Smith, Kim",Aetna,7074.792709264505,Emergency,2019-11-02,Paracetamol,Inconclusive,30,2019,10
73,Male,O-,Arthritis,2019-07-04,Karen Jones,Johnson-Wilson,UnitedHealthcare,35419.512965816204,Elective,2019-07-06,Penicillin,Abnormal,2,2019,7
44,Male,AB+,Hypertension,2019-05-26,Seth Burnett,Delacruz-Chavez,Medicare,3852.9471118220818,Emergency,2019-06-08,Paracetamol,Abnormal,13,2019,5
44,Female,A+,Obesity,2021-12-12,Kevin Johnson,"and Gonzalez, Warren Moore",Cigna,48747.54518563285,Elective,2021-12-18,Paracetamol,Normal,6,2021,12
54,Male,AB-,Hypertension,2021-05-22,Julie Garza,Ramirez-Humphrey,Aetna,40577.60119669361,Urgent,2021-06-01,Penicillin,Abnormal,10,2021,5
45,Male,AB-,Diabetes,2020-09-03,Brian Mack,and Sons Ford,UnitedHealthcare,16648.547398710638,Emergency,2020-09-15,Aspirin,Normal,12,2020,9
18,Female,B-,Arthritis,2022-03-30,Jennifer Johnson,"and Wells, Thomas Kline",UnitedHealthcare,38588.9725626126,Urgent,2022-04-13,Penicillin,Abnormal,14,2022,3
44,Male,B+,Hypertension,2019-12-20,Joseph Barnes,Wood-Herring,Cigna,32990.19438695822,Elective,2020-01-18,Ibuprofen,Normal,29,2019,12
28,Female,A+,Obesity,2022-01-21,Daryl Cross,Wilkerson LLC,Medicare,20115.755871914524,Urgent,2022-02-20,Paracetamol,Abnormal,30,2022,1
42,Male,A+,Obesity,2020-05-19,Jonathan Edwards,Brown-Henry,Medicare,5947.689649654652,Emergency,2020-06-12,Aspirin,Inconclusive,24,2020,5
61,Female,A+,Diabetes,2024-02-20,Adam Hardy,Sheppard-Livingston,Cigna,28281.34837878976,Emergency,2024-03-08,Penicillin,Abnormal,17,2024,2
75,Female,AB-,Cancer,2023-08-31,Robert Ashley,Golden PLC,Medicare,30873.619909168832,Elective,2023-09-07,Ibuprofen,Inconclusive,7,2023,8
85,Male,A+,Hypertension,2023-01-19,Mary Vaughn,"and Perez, Bennett Townsend",Cigna,9542.739708885469,Emergency,2023-01-28,Paracetamol,Abnormal,9,2023,1
74,Male,O-,Obesity,2023-11-20,Steven Simmons,"Johnson, and Benson Harris",Blue Cross,32429.619126939684,Emergency,2023-12-17,Ibuprofen,Inconclusive,27,2023,11
59,Male,AB+,Obesity,2021-07-28,Mrs. Jessica Martinez,"and Clay, Morton Cunningham",Cigna,5588.993884734703,Urgent,2021-08-03,Penicillin,Normal,6,2021,7
49,Male,A-,Asthma,2023-04-04,Erin Arias,Anderson-Estrada,UnitedHealthcare,31497.55487513616,Emergency,2023-04-27,Lipitor,Inconclusive,23,2023,4
85,Female,B-,Obesity,2020-08-11,Daniel Golden,and Sons Carlson,Cigna,14283.015951009833,Elective,2020-08-24,Ibuprofen,Inconclusive,13,2020,8
51,Female,B+,Hypertension,2020-01-28,Anthony Malone,Gonzalez Inc,Cigna,15422.042886846062,Urgent,2020-02-21,Ibuprofen,Inconclusive,24,2020,1
23,Male,AB+,Asthma,2020-01-07,Charlotte Reyes MD,Schaefer-Hoffman,Cigna,40309.277423601096,Emergency,2020-02-05,Penicillin,Inconclusive,29,2020,1
26,Male,O-,Asthma,2020-04-20,Miguel Green,Wilson Group,Aetna,45916.32483386524,Elective,2020-05-17,Penicillin,Abnormal,27,2020,4
59,Female,AB+,Obesity,2020-03-18,Frederick White,"and Vargas Reynolds Evans,",Blue Cross,41632.5248481026,Elective,2020-03-25,Penicillin,Normal,7,2020,3
25,Female,AB-,Diabetes,2020-06-18,Lisa Ruiz,"Cantu and Tanner Rojas,",Medicare,7437.418707997005,Emergency,2020-06-23,Paracetamol,Inconclusive,5,2020,6
29,Male,O-,Cancer,2023-07-15,Cody Rice,"Thornton, Adams Mccarty and",Medicare,38860.0208846444,Elective,2023-07-27,Aspirin,Abnormal,12,2023,7
25,Male,A-,Hypertension,2023-10-02,April Foster,Cantrell-Griffith,Cigna,6662.242853944213,Urgent,2023-10-24,Ibuprofen,Inconclusive,22,2023,10
61,Male,B-,Diabetes,2021-01-13,Justin Russell,Martin Group,Cigna,13074.215280133349,Urgent,2021-02-05,Aspirin,Inconclusive,23,2021,1
46,Male,A+,Hypertension,2022-05-16,Daniel Thomas,and Sons Nelson,Aetna,10443.206903000886,Elective,2022-05-31,Aspirin,Inconclusive,15,2022,5
54,Male,AB-,Hypertension,2019-10-22,Emily Williamson,Ramirez-Hill,Blue Cross,20227.039404011663,Emergency,2019-11-01,Aspirin,Abnormal,10,2019,10
41,Male,A+,Obesity,2019-08-09,Veronica Christian,Jackson-Butler,Medicare,38779.20787465818,Emergency,2019-09-03,Paracetamol,Abnormal,25,2019,8
21,Female,O-,Asthma,2023-12-30,Monica Odonnell,Miller-Avila,Aetna,4561.664207285569,Elective,2024-01-27,Lipitor,Abnormal,28,2023,12
38,Female,AB+,Diabetes,2022-07-11,Cody Berger,Reyes-Crawford,Medicare,1656.548217052969,Elective,2022-08-03,Lipitor,Abnormal,23,2022,7
75,Male,AB+,Obesity,2020-09-19,Jeffrey White,Marshall-Smith,Aetna,28463.86098527085,Emergency,2020-10-06,Penicillin,Inconclusive,17,2020,9
44,Male,B+,Cancer,2019-09-06,Stacey Burgess,"and Peterson Matthews Robinson,",UnitedHealthcare,5268.690457465453,Urgent,2019-09-07,Ibuprofen,Inconclusive,1,2019,9
23,Male,O-,Obesity,2019-11-22,Ethan Spencer,Nelson PLC,Cigna,24011.702249255784,Emergency,2019-12-22,Paracetamol,Inconclusive,30,2019,11
45,Female,B-,Cancer,2020-07-22,Jonathan Baker,Perez-Mitchell,Medicare,18467.079449113528,Elective,2020-07-24,Penicillin,Abnormal,2,2020,7
58,Male,B+,Cancer,2022-03-01,Tonya Burton,"Gross, Thompson Smith and",Aetna,3782.741415790858,Urgent,2022-03-19,Paracetamol,Abnormal,18,2022,3
34,Male,B-,Diabetes,2023-03-01,Phillip Campos,"Burch, Moore and Thompson",Aetna,11921.659510698162,Urgent,2023-03-21,Ibuprofen,Inconclusive,20,2023,3
54,Female,B+,Obesity,2021-04-22,Billy Rodgers,Hamilton Group,Cigna,16725.97958649695,Urgent,2021-05-11,Lipitor,Abnormal,19,2021,4
29,Female,A+,Obesity,2020-09-23,Sherri Campbell,Shaw LLC,Cigna,39700.82412339778,Urgent,2020-09-25,Paracetamol,Inconclusive,2,2020,9
54,Female,A+,Cancer,2023-01-08,Alex Neal,"and Day, Lewis Coleman",Medicare,2568.011966680983,Emergency,2023-01-19,Lipitor,Abnormal,11,2023,1
46,Male,AB-,Asthma,2022-08-17,Mark Martin,Stone-Perez,Medicare,15242.387178999255,Elective,2022-09-08,Paracetamol,Abnormal,22,2022,8
35,Female,AB+,Hypertension,2021-06-15,James Smith,Ltd Foley,UnitedHealthcare,31054.0460643256,Urgent,2021-06-25,Lipitor,Normal,10,2021,6
58,Female,AB+,Obesity,2024-03-01,Amber Walker,Ward-Mayer,Blue Cross,49118.59126152389,Urgent,2024-03-20,Lipitor,Inconclusive,19,2024,3
36,Female,AB+,Hypertension,2023-12-11,Laura Pena,and Martinez Sons,Medicare,3235.5811559615518,Elective,2024-01-08,Aspirin,Normal,28,2023,12
80,Female,B+,Arthritis,2022-05-04,Tracy Wilson,Group Anderson,Medicare,26052.02416481889,Elective,2022-05-05,Aspirin,Abnormal,1,2022,5
43,Male,A-,Arthritis,2021-12-01,Michelle Cox,"Garcia, and Marshall Maxwell",Blue Cross,11095.401850594151,Emergency,2021-12-29,Paracetamol,Inconclusive,28,2021,12
47,Female,B+,Hypertension,2021-09-21,Marie Reed,Inc Martinez,Aetna,10725.825462636272,Elective,2021-10-10,Ibuprofen,Abnormal,19,2021,9
49,Female,B-,Hypertension,2020-03-20,Philip Vaughn,"Mcmahon Ortiz, Owens and",UnitedHealthcare,30038.275975376,Elective,2020-04-09,Ibuprofen,Abnormal,20,2020,3
58,Male,AB-,Asthma,2024-03-29,Kyle Montes,Williams-Saunders,UnitedHealthcare,49446.45817935562,Emergency,2024-04-16,Lipitor,Abnormal,18,2024,3
40,Female,AB-,Obesity,2024-03-12,Mr. Ronald Hoover,Spencer Ltd,Cigna,5315.705616256563,Emergency,2024-03-25,Penicillin,Abnormal,13,2024,3
44,Male,A-,Cancer,2022-03-21,Daniel Hurley,Mathis-Schwartz,Blue Cross,13928.280133899598,Emergency,2022-04-06,Penicillin,Inconclusive,16,2022,3
38,Male,A+,Diabetes,2020-07-23,Nicole Young,Romero-Ramsey,Aetna,2744.408910024264,Emergency,2020-08-09,Ibuprofen,Abnormal,17,2020,7
82,Male,A+,Obesity,2024-03-10,Christopher Mills,Avery and Sons,Cigna,27512.913169434043,Emergency,2024-04-07,Aspirin,Normal,28,2024,3
71,Male,A-,Arthritis,2020-03-15,Richard Webster,Ltd Richardson,Blue Cross,35854.08642252094,Urgent,2020-03-29,Lipitor,Abnormal,14,2020,3
42,Male,A+,Diabetes,2021-05-10,David Soto,and Sons Williams,Cigna,2784.0205310263505,Urgent,2021-05-16,Penicillin,Abnormal,6,2021,5
38,Female,O+,Diabetes,2020-12-29,Michael Paul,Carter-Reyes,UnitedHealthcare,2547.9125314238745,Elective,2021-01-07,Penicillin,Inconclusive,9,2020,12
84,Male,B-,Arthritis,2020-03-23,Robert Gregory,LLC Gray,Aetna,29992.53616434469,Urgent,2020-03-29,Aspirin,Normal,6,2020,3
64,Female,O-,Hypertension,2023-07-13,Ashley Lane,"Gonzalez Anderson Jacobson, and",Aetna,4018.016876320005,Emergency,2023-07-25,Ibuprofen,Abnormal,12,2023,7
57,Female,AB-,Asthma,2023-07-20,Jennifer Brown,"Miller Massey Lopez, and",Aetna,20508.58895659448,Urgent,2023-08-02,Ibuprofen,Inconclusive,13,2023,7
54,Male,B+,Diabetes,2020-02-14,Kristen Aguirre,"Taylor Walsh Hawkins, and",Blue Cross,25648.04376360948,Urgent,2020-03-01,Paracetamol,Normal,16,2020,2
44,Male,B-,Arthritis,2023-05-28,Kathryn Trevino,LLC Brown,Blue Cross,19691.42068551724,Elective,2023-06-22,Aspirin,Inconclusive,25,2023,5
78,Female,B-,Cancer,2022-06-12,Amanda Ramos,Nelson-Wong,Cigna,10311.936172730691,Urgent,2022-06-27,Penicillin,Inconclusive,15,2022,6
63,Female,A+,Cancer,2023-12-12,Mr. William Decker,LLC Berry,Medicare,17733.95499235498,Elective,2023-12-13,Lipitor,Normal,1,2023,12
66,Female,B-,Hypertension,2023-11-06,Michael Grant,Anderson-Jenkins,Cigna,10521.47193024882,Emergency,2023-11-12,Lipitor,Inconclusive,6,2023,11
75,Male,AB-,Arthritis,2023-05-16,Megan Jones,Wells and Sons,Blue Cross,29910.90550030745,Elective,2023-05-30,Penicillin,Abnormal,14,2023,5
36,Male,O-,Diabetes,2022-10-12,Mr. Andrew Hall Jr.,"Allen, Williams and Phillips",Cigna,26612.008450387897,Elective,2022-10-14,Aspirin,Normal,2,2022,10
18,Female,AB+,Diabetes,2023-12-30,Joseph Hernandez,Gonzalez-Cummings,Aetna,25858.43752096273,Elective,2024-01-14,Penicillin,Normal,15,2023,12
49,Male,B+,Hypertension,2024-02-26,Bryan Brock,"and Richardson Webster Smith,",Aetna,22069.596567641245,Elective,2024-03-09,Paracetamol,Normal,12,2024,2
22,Female,B+,Asthma,2021-11-07,Austin Henderson,Hudson-Flores,Cigna,43117.6584824169,Emergency,2021-11-26,Penicillin,Abnormal,19,2021,11
72,Female,B+,Hypertension,2020-02-03,Jessica Bruce MD,Inc Rios,Cigna,3718.548170373284,Urgent,2020-02-04,Aspirin,Normal,1,2020,2
46,Female,B+,Arthritis,2019-07-05,Kenneth Green,PLC Thompson,Blue Cross,18788.14423379989,Emergency,2019-07-20,Lipitor,Inconclusive,15,2019,7
50,Male,O-,Asthma,2021-11-13,Shelley Garcia,"Rosario Wells, Roberts and",Cigna,39089.86606134463,Urgent,2021-11-23,Penicillin,Abnormal,10,2021,11
61,Male,B+,Diabetes,2019-08-15,Justin Douglas,Ramirez-Taylor,Blue Cross,47594.47484240776,Elective,2019-09-09,Paracetamol,Abnormal,25,2019,8
40,Male,O+,Asthma,2023-07-19,William Faulkner,Murphy-Mason,Aetna,19261.51084983313,Emergency,2023-08-14,Paracetamol,Normal,26,2023,7
34,Male,A-,Diabetes,2023-04-06,Stephanie Davis,"Edwards Johnson, and Burgess",Medicare,6578.0290575360805,Emergency,2023-05-06,Ibuprofen,Inconclusive,30,2023,4
71,Female,AB+,Arthritis,2019-10-08,Ronald Parker,LLC Spears,Blue Cross,38435.44775670372,Elective,2019-10-28,Penicillin,Abnormal,20,2019,10
61,Male,A+,Obesity,2020-08-10,Kevin Tucker,Perez-Smith,Aetna,29810.04691793525,Emergency,2020-09-06,Penicillin,Normal,27,2020,8
24,Male,A+,Asthma,2019-09-26,Katrina Allen,and Sons Mcbride,Blue Cross,4808.820311548971,Emergency,2019-10-14,Ibuprofen,Normal,18,2019,9
28,Male,O+,Cancer,2021-02-11,Alicia Lopez,Sons and Chapman,Cigna,38365.87278022852,Urgent,2021-02-19,Lipitor,Abnormal,8,2021,2
21,Female,O+,Arthritis,2019-09-05,Stephen Lopez,Cole-Davila,Blue Cross,45540.09554432138,Elective,2019-09-29,Lipitor,Inconclusive,24,2019,9
40,Female,B+,Asthma,2021-03-01,Alexandra Sims,"Pearson, and Lynch Oconnor",Cigna,31444.08804062214,Urgent,2021-03-20,Penicillin,Abnormal,19,2021,3
57,Male,A-,Cancer,2024-04-19,Andrea Lee,Rivera-Peck,Medicare,37194.263984150224,Urgent,2024-05-14,Ibuprofen,Abnormal,25,2024,4
47,Female,AB+,Cancer,2023-04-27,Olivia Anderson,Hess-White,Blue Cross,12422.755415474809,Elective,2023-05-03,Lipitor,Normal,6,2023,4
59,Male,O+,Cancer,2022-07-06,Michelle Barnett,"Fox and Moreno Williams,",Aetna,8024.4100528891,Elective,2022-07-26,Aspirin,Inconclusive,20,2022,7
33,Female,O-,Arthritis,2020-10-31,Johnathan Mcmahon,Johnson-Estrada,Blue Cross,13034.07550278909,Urgent,2020-11-18,Penicillin,Normal,18,2020,10
58,Female,B-,Cancer,2023-09-08,Deborah Lawson,Rivera-Mosley,Cigna,37903.29004442361,Elective,2023-09-22,Lipitor,Normal,14,2023,9
39,Female,O-,Cancer,2022-11-20,Diana Boyd,"Diaz Smith Johnson, and",Blue Cross,45913.165905601694,Emergency,2022-12-19,Paracetamol,Abnormal,29,2022,11
30,Male,O-,Arthritis,2020-07-04,Crystal Ritter,Harris-Ingram,UnitedHealthcare,30468.263381854787,Emergency,2020-08-02,Lipitor,Normal,29,2020,7
27,Male,B+,Asthma,2023-06-24,Carla Mcneil,and Esparza Sons,Blue Cross,50202.20784782312,Urgent,2023-07-13,Aspirin,Abnormal,19,2023,6
39,Female,O-,Hypertension,2020-10-06,Peggy Nunez,Hunt Sons and,Cigna,2104.377396319978,Elective,2020-10-14,Penicillin,Normal,8,2020,10
76,Female,B+,Cancer,2023-03-16,Kenneth White,LLC Hernandez,Aetna,43206.22411103365,Emergency,2023-04-02,Aspirin,Inconclusive,17,2023,3
62,Male,O-,Arthritis,2019-09-16,Leonard Alvarez,Perez-Smith,Blue Cross,10622.282543736745,Urgent,2019-09-21,Lipitor,Abnormal,5,2019,9
71,Male,O-,Asthma,2021-04-10,Henry Rogers,"Foster Lamb, Graham and",Medicare,10659.608812944593,Elective,2021-04-18,Ibuprofen,Abnormal,8,2021,4
67,Male,B-,Diabetes,2019-07-21,George Smith,Sanchez LLC,Cigna,10919.110952687648,Elective,2019-08-17,Penicillin,Normal,27,2019,7
34,Female,A+,Cancer,2021-12-14,Anthony Anderson,Fox-Anthony,Medicare,8407.48879202866,Urgent,2021-12-21,Ibuprofen,Abnormal,7,2021,12
31,Male,O-,Cancer,2023-09-19,Meghan Bailey,"Fuentes Knight, Sandoval and",Aetna,32926.23354032229,Emergency,2023-10-16,Lipitor,Inconclusive,27,2023,9
25,Male,A-,Cancer,2024-01-27,Jason Phillips,Hudson-Williams,Aetna,48004.97467879295,Emergency,2024-02-26,Paracetamol,Normal,30,2024,1
33,Female,O-,Arthritis,2020-04-03,Bailey Ibarra,"Lowery, Dunn Anderson and",Cigna,28452.783487972167,Elective,2020-05-03,Aspirin,Inconclusive,30,2020,4
61,Female,AB+,Hypertension,2020-04-16,Kelsey Simpson,Mullen-Hernandez,Medicare,20651.61483914353,Urgent,2020-04-22,Aspirin,Abnormal,6,2020,4
42,Female,O+,Hypertension,2019-08-23,Sarah Guerra,"Herman, Liu and Hill",Cigna,31822.730852999222,Emergency,2019-09-05,Lipitor,Abnormal,13,2019,8
44,Male,AB-,Diabetes,2021-07-01,Tony Matthews,"Davis White, Flores and",UnitedHealthcare,21856.73825465747,Elective,2021-07-23,Paracetamol,Inconclusive,22,2021,7
18,Female,B+,Obesity,2022-08-21,David Gonzalez,Williams-Jones,Medicare,45326.91486009209,Emergency,2022-09-04,Ibuprofen,Abnormal,14,2022,8
51,Male,A-,Cancer,2020-08-06,Michael Villanueva,Inc Holloway,UnitedHealthcare,25152.2938878587,Emergency,2020-08-26,Lipitor,Abnormal,20,2020,8
26,Female,AB+,Diabetes,2022-01-16,Alan Cain,"Phillips Jones and Wu,",Cigna,37544.80370774198,Elective,2022-02-10,Lipitor,Inconclusive,25,2022,1
44,Male,O-,Diabetes,2021-08-02,Melissa Turner,"Wilson and Lopez, Molina",UnitedHealthcare,35487.51240836809,Urgent,2021-08-04,Penicillin,Abnormal,2,2021,8
56,Female,AB+,Obesity,2020-03-17,Alexander Robles,Jones-Garrett,Blue Cross,2076.325536040692,Emergency,2020-04-13,Aspirin,Inconclusive,27,2020,3
24,Male,AB+,Obesity,2020-07-23,Joseph Carr,"and Brown, James Green",Medicare,35312.30148110295,Emergency,2020-08-03,Penicillin,Normal,11,2020,7
39,Male,O-,Hypertension,2022-07-22,David Poole,"Meadows and Nelson, Owen",Cigna,13869.78852265716,Urgent,2022-07-24,Aspirin,Abnormal,2,2022,7
53,Male,O-,Hypertension,2020-08-08,Cynthia Thomas,Sons and Gallegos,Aetna,36107.40314003419,Emergency,2020-08-21,Ibuprofen,Normal,13,2020,8
21,Male,O-,Asthma,2023-09-29,Rebecca Reed,Davis Group,Blue Cross,41208.16758852043,Emergency,2023-10-06,Paracetamol,Normal,7,2023,9
82,Female,B-,Cancer,2022-01-05,Steven Boyle,Herrera Group,Aetna,14292.065792099454,Urgent,2022-01-08,Ibuprofen,Abnormal,3,2022,1
61,Female,AB-,Cancer,2020-06-22,Bryan Wu,Juarez-Weiss,Aetna,17722.961078711647,Emergency,2020-07-20,Ibuprofen,Abnormal,28,2020,6
59,Female,AB-,Obesity,2019-10-26,James Quinn,Dawson-Jones,Aetna,21125.32197863222,Elective,2019-10-29,Lipitor,Normal,3,2019,10
51,Female,O+,Arthritis,2024-02-21,Ryan Rich,Hickman Group,UnitedHealthcare,5164.553856335374,Urgent,2024-03-19,Paracetamol,Abnormal,27,2024,2
43,Male,AB+,Hypertension,2023-01-07,James Robinson,Herman-Ewing,UnitedHealthcare,2162.607297082759,Emergency,2023-01-08,Ibuprofen,Abnormal,1,2023,1
79,Male,B+,Cancer,2023-09-21,Edwin Sparks,Gutierrez Inc,Blue Cross,2675.2306094658443,Emergency,2023-10-01,Penicillin,Normal,10,2023,9
79,Female,B-,Arthritis,2022-12-07,Tyler Parsons,Hurley-Gill,Aetna,44918.3237999027,Emergency,2022-12-21,Lipitor,Abnormal,14,2022,12
49,Male,O+,Obesity,2022-12-13,Kirk Rich II,Dillon PLC,Medicare,6327.801026225114,Emergency,2022-12-28,Aspirin,Abnormal,15,2022,12
68,Female,O-,Hypertension,2022-11-16,Andrew Neal,"Murphy, and Garcia Jones",Blue Cross,29526.321525099615,Elective,2022-11-21,Aspirin,Inconclusive,5,2022,11
69,Female,O+,Asthma,2019-06-19,Susan Silva,Ramsey-Thomas,Medicare,38989.5337611512,Elective,2019-07-17,Penicillin,Inconclusive,28,2019,6
49,Female,B+,Obesity,2023-01-29,Lynn York,Miller and Sons,Blue Cross,33395.103661600544,Emergency,2023-02-18,Ibuprofen,Normal,20,2023,1
27,Female,O-,Cancer,2023-11-30,Ellen Bush,"Chung Herrera, and Pollard",Cigna,20258.780318593508,Elective,2023-12-12,Paracetamol,Abnormal,12,2023,11
73,Male,A+,Obesity,2021-03-26,Anthony Smith,"and Hernandez Waters, Cruz",Medicare,43050.831382215394,Urgent,2021-04-20,Penicillin,Abnormal,25,2021,3
42,Female,AB+,Diabetes,2021-08-21,Mary Schwartz,Schmidt Sons and,Cigna,37284.049708777886,Elective,2021-09-03,Paracetamol,Abnormal,13,2021,8
59,Female,O-,Cancer,2024-01-03,Victoria Osborne,"and Carroll Orr Kelly,",Blue Cross,42434.77686168285,Urgent,2024-01-25,Lipitor,Abnormal,22,2024,1
20,Female,A+,Hypertension,2024-03-23,Regina Glass,"Smith and Rose Rivera,",UnitedHealthcare,38570.126407427975,Emergency,2024-04-21,Penicillin,Abnormal,29,2024,3
61,Female,A+,Cancer,2022-12-03,Craig Ray,Odonnell-Watts,Medicare,22108.97199939267,Emergency,2022-12-10,Paracetamol,Inconclusive,7,2022,12
50,Male,B+,Asthma,2021-09-25,Carlos Steele,Inc Roberts,UnitedHealthcare,40783.15030366935,Urgent,2021-10-23,Penicillin,Inconclusive,28,2021,9
29,Female,B-,Asthma,2020-08-23,Michael Pugh,LLC Chaney,Cigna,28296.1834997073,Emergency,2020-08-26,Ibuprofen,Normal,3,2020,8
44,Male,B+,Asthma,2020-09-18,Mark Mccarthy,"Hutchinson, Wilson Daniel and",Cigna,46950.58325788335,Elective,2020-10-16,Penicillin,Inconclusive,28,2020,9
37,Female,AB+,Diabetes,2022-08-01,Shane Green,Davis-Martin,UnitedHealthcare,41548.150825872544,Elective,2022-08-30,Lipitor,Inconclusive,29,2022,8
79,Female,AB-,Hypertension,2020-01-11,Hayley Payne,"and Thompson Cook Wiggins,",Cigna,43277.56449365981,Urgent,2020-01-25,Penicillin,Inconclusive,14,2020,1
18,Male,AB+,Hypertension,2020-10-16,Christopher Sharp,Baldwin PLC,Cigna,41248.13083781064,Elective,2020-10-17,Lipitor,Abnormal,1,2020,10
25,Female,A+,Cancer,2024-04-29,Joseph Chandler,Heath-Brown,UnitedHealthcare,6162.345959478175,Emergency,2024-05-19,Aspirin,Inconclusive,20,2024,4
64,Female,O+,Cancer,2022-07-05,Brandi Elliott,"Mendez, and Smith Munoz",Blue Cross,45208.33769440676,Urgent,2022-07-06,Lipitor,Abnormal,1,2022,7
23,Male,B+,Diabetes,2019-08-27,Brian Fox,Inc Daugherty,Aetna,36324.5234754365,Emergency,2019-09-15,Paracetamol,Normal,19,2019,8
57,Male,A-,Hypertension,2024-03-10,Paul Coleman,Gonzalez LLC,Medicare,46084.673768960245,Urgent,2024-03-22,Penicillin,Abnormal,12,2024,3
49,Female,O-,Diabetes,2024-04-25,Corey Perez,"and Woods, Rodriguez Williams",Aetna,6657.347141431693,Elective,2024-05-14,Penicillin,Abnormal,19,2024,4
65,Female,B-,Asthma,2023-09-25,Blake Phillips,Lowery-Howard,UnitedHealthcare,39357.45973990502,Urgent,2023-10-13,Lipitor,Normal,18,2023,9
59,Female,AB-,Arthritis,2022-09-12,Nicole Phelps,Colon-Leon,Cigna,23154.638501228863,Emergency,2022-09-21,Aspirin,Normal,9,2022,9
82,Male,O+,Diabetes,2019-06-30,Lorraine Powers,Boyle-Woods,UnitedHealthcare,6653.591560493032,Emergency,2019-07-22,Penicillin,Normal,22,2019,6
31,Male,B-,Diabetes,2023-02-12,Michael Colon,"and Graham Morris, Gonzales",Cigna,15327.742159513227,Urgent,2023-02-27,Penicillin,Inconclusive,15,2023,2
63,Female,AB-,Obesity,2020-01-23,Taylor Sullivan,Tucker-Moyer,Cigna,31457.79730690524,Elective,2020-02-01,Aspirin,Normal,9,2020,1
78,Male,AB+,Asthma,2022-11-25,Natalie Howell,Sons and Stephenson,Aetna,21875.083323925453,Elective,2022-12-11,Penicillin,Inconclusive,16,2022,11
25,Female,A+,Diabetes,2021-02-10,Lonnie Duncan,Hernandez PLC,Aetna,49635.30652060165,Elective,2021-02-17,Lipitor,Normal,7,2021,2
66,Male,AB-,Cancer,2023-01-30,Bruce Rivera,Dougherty Group,Medicare,41413.80939190152,Emergency,2023-02-27,Ibuprofen,Inconclusive,28,2023,1
58,Male,O+,Arthritis,2019-08-24,Jordan Shannon,"Morgan Zimmerman, Matthews and",Aetna,16352.586277940994,Urgent,2019-09-17,Aspirin,Normal,24,2019,8
28,Female,A+,Arthritis,2024-02-05,Cindy Jones,Jimenez-Huff,UnitedHealthcare,1805.522805709396,Urgent,2024-02-06,Penicillin,Normal,1,2024,2
18,Female,O+,Arthritis,2021-08-30,Reginald Mckinney,Stevenson-Chen,Blue Cross,38363.26126897195,Emergency,2021-09-25,Penicillin,Inconclusive,26,2021,8
46,Female,B+,Asthma,2022-01-07,Tiffany Hunt,Parker-White,Cigna,32746.556374725184,Urgent,2022-01-25,Ibuprofen,Normal,18,2022,1
44,Male,AB+,Arthritis,2023-09-08,Frank Pierce,"Vang Schneider and Torres,",Cigna,36649.32428030984,Elective,2023-10-06,Aspirin,Inconclusive,28,2023,9
52,Female,B+,Cancer,2021-10-07,Olivia White,Booth-Williams,UnitedHealthcare,3288.125878656422,Elective,2021-10-10,Paracetamol,Abnormal,3,2021,10
24,Female,B+,Cancer,2020-02-29,Laura Hill,Gray-Black,UnitedHealthcare,32993.49239890726,Urgent,2020-03-17,Lipitor,Normal,17,2020,2
53,Male,A+,Obesity,2019-08-06,Angela Rogers,Johnson-Garcia,UnitedHealthcare,3338.2155112066584,Emergency,2019-09-03,Lipitor,Normal,28,2019,8
46,Female,A-,Obesity,2019-08-06,James Smith,"Salinas Terrell Villanueva, and",Blue Cross,21401.521057715563,Urgent,2019-08-09,Penicillin,Abnormal,3,2019,8
72,Female,O+,Asthma,2021-12-06,Brian Cooper,Phelps Group,Blue Cross,35828.31950223647,Emergency,2021-12-12,Aspirin,Inconclusive,6,2021,12
54,Female,A-,Asthma,2020-05-19,Jonathan Jimenez,"Harrison and Erickson, Barnett",UnitedHealthcare,14171.989713082825,Elective,2020-06-11,Paracetamol,Inconclusive,23,2020,5
73,Male,AB+,Hypertension,2019-12-27,Ashley Bishop,Fischer Ltd,Medicare,30283.174586610003,Emergency,2019-12-29,Lipitor,Abnormal,2,2019,12
69,Female,AB-,Cancer,2022-06-04,Charles Harris,Rhodes-Kelly,Cigna,31419.11937249911,Urgent,2022-06-13,Penicillin,Normal,9,2022,6
32,Male,O+,Diabetes,2023-01-18,Brandon Richardson,"Tate Pierce and Jackson,",Aetna,23734.854011553456,Emergency,2023-02-03,Penicillin,Normal,16,2023,1
29,Male,B+,Diabetes,2023-07-25,Shane Wong,Inc Daniel,Aetna,45417.64234673354,Elective,2023-07-28,Lipitor,Inconclusive,3,2023,7
82,Female,A+,Arthritis,2020-07-17,Michael Oliver,"and Roberson Lee Young,",Blue Cross,12822.78328714365,Urgent,2020-08-09,Lipitor,Inconclusive,23,2020,7
19,Male,O-,Obesity,2023-02-03,John Cooper,Giles-Miller,Aetna,25856.22020448608,Emergency,2023-02-23,Lipitor,Abnormal,20,2023,2
63,Male,A-,Arthritis,2021-11-27,Daniel Freeman,"Martinez, and Snyder Hill",UnitedHealthcare,10443.677769777873,Elective,2021-12-08,Penicillin,Normal,11,2021,11
38,Male,A-,Hypertension,2020-08-18,Adriana Gould,Barber-Page,Blue Cross,40606.45848272725,Emergency,2020-08-24,Paracetamol,Inconclusive,6,2020,8
74,Male,B+,Diabetes,2019-07-06,Amanda Hall,"and Hess Delgado Foster,",Medicare,32535.448366090404,Emergency,2019-08-02,Lipitor,Normal,27,2019,7
38,Male,B-,Asthma,2024-02-17,Michael Mcbride,Johnson-Holland,UnitedHealthcare,34557.288636349294,Emergency,2024-02-19,Lipitor,Normal,2,2024,2
53,Male,AB-,Arthritis,2021-09-06,Deborah Wise,"and Gonzales Dunn, Camacho",Aetna,35116.71047195745,Emergency,2021-10-05,Paracetamol,Normal,29,2021,9
36,Male,AB+,Diabetes,2021-12-17,Ronald Edwards,"Rodriguez Diaz Daugherty, and",Blue Cross,28270.30357174423,Elective,2022-01-07,Ibuprofen,Inconclusive,21,2021,12
67,Female,A+,Arthritis,2022-09-20,Raymond Bowen,Rowland-Abbott,Blue Cross,47734.98787070838,Emergency,2022-10-07,Aspirin,Abnormal,17,2022,9
63,Male,AB-,Asthma,2021-12-13,Jill Bailey,"Murphy, Reid Knox and",Cigna,19176.26169573808,Elective,2021-12-20,Penicillin,Inconclusive,7,2021,12
39,Male,A+,Arthritis,2021-10-12,Jennifer Pope,Ryan-Mcneil,Blue Cross,8731.482274590808,Emergency,2021-10-27,Ibuprofen,Normal,15,2021,10
55,Male,O-,Asthma,2023-08-08,Taylor Craig,"Ramos Miller and Moore,",Medicare,19249.6871864753,Emergency,2023-08-21,Aspirin,Abnormal,13,2023,8
80,Male,AB-,Obesity,2019-11-15,Kristy Waters,Sons Cherry and,Aetna,22758.637601322396,Elective,2019-12-13,Aspirin,Inconclusive,28,2019,11
18,Female,B-,Asthma,2021-12-17,Elizabeth Blevins,Cook LLC,Blue Cross,20929.066544415324,Emergency,2021-12-26,Aspirin,Normal,9,2021,12
41,Male,O+,Cancer,2022-11-08,Janice Jones,Phillips Ltd,Cigna,3899.863640765175,Emergency,2022-11-11,Penicillin,Abnormal,3,2022,11
81,Male,A+,Arthritis,2020-02-24,Joann Anderson,"Oliver Griffin Johnson, and",Blue Cross,19698.000742558204,Elective,2020-03-16,Paracetamol,Abnormal,21,2020,2
66,Female,O+,Asthma,2022-05-28,Christine Mejia,Gregory Group,Aetna,34060.27294782528,Elective,2022-06-22,Lipitor,Inconclusive,25,2022,5
44,Male,A+,Hypertension,2022-09-03,Pamela Reed,"and Camacho Thomas Malone,",UnitedHealthcare,40367.63417343173,Elective,2022-09-30,Aspirin,Inconclusive,27,2022,9
81,Female,AB-,Arthritis,2020-04-07,William Holmes,LLC Smith,Cigna,3638.2461963533,Emergency,2020-04-30,Aspirin,Abnormal,23,2020,4
77,Male,O+,Arthritis,2019-08-25,Heather Bowman,"Cunningham Andrade and Butler,",Cigna,46134.92597863609,Elective,2019-09-04,Aspirin,Inconclusive,10,2019,8
62,Male,B-,Obesity,2021-05-28,Brittany Burns,Curtis-Lin,Medicare,14549.494670632204,Urgent,2021-06-09,Penicillin,Abnormal,12,2021,5
78,Male,O+,Cancer,2024-02-25,Amber Carpenter,Ltd Smith,Aetna,30549.653324730465,Emergency,2024-03-08,Paracetamol,Inconclusive,12,2024,2
70,Male,O+,Diabetes,2019-09-08,Kimberly Castaneda,Inc Sanchez,Medicare,13666.17587126008,Elective,2019-09-09,Lipitor,Normal,1,2019,9
33,Male,B-,Asthma,2023-05-25,Jessica Vasquez,"Rice, Cooper Rivera and",Aetna,45199.27330881416,Elective,2023-05-29,Lipitor,Abnormal,4,2023,5
56,Female,AB-,Arthritis,2023-07-11,Joseph Robinson,Garcia LLC,Medicare,20514.40017878075,Elective,2023-08-01,Ibuprofen,Abnormal,21,2023,7
38,Male,A+,Cancer,2024-03-20,Travis Morales,Bell Ltd,Blue Cross,47700.53752862256,Emergency,2024-04-05,Penicillin,Normal,16,2024,3
33,Male,AB+,Hypertension,2021-11-05,Carrie Montes,"Hogan, Young Holmes and",Medicare,2462.2103195749787,Urgent,2021-11-06,Paracetamol,Inconclusive,1,2021,11
25,Male,O-,Hypertension,2023-08-27,Alexander Walters,Vazquez-Sanchez,Aetna,31401.50185028495,Urgent,2023-08-28,Lipitor,Inconclusive,1,2023,8
66,Female,B-,Obesity,2022-05-26,Justin Paul,Mcintyre Ltd,UnitedHealthcare,20749.86281811681,Elective,2022-05-30,Paracetamol,Inconclusive,4,2022,5
47,Male,B+,Hypertension,2021-09-13,Curtis Fox,"White Roberts and Lee,",Blue Cross,47297.41907436916,Emergency,2021-09-16,Lipitor,Normal,3,2021,9
53,Female,O-,Obesity,2024-03-10,Theresa Harrison,"Simpson Espinoza, and Thompson",Aetna,26223.16583478957,Urgent,2024-03-15,Penicillin,Normal,5,2024,3
37,Male,AB+,Asthma,2022-09-26,Mark Maynard,and Moore Sons,Cigna,35821.64933547802,Urgent,2022-10-24,Paracetamol,Normal,28,2022,9
56,Male,A-,Arthritis,2019-12-26,Randy Graham,"and Mclaughlin Powers Stevens,",Medicare,21633.32776343669,Elective,2019-12-27,Paracetamol,Inconclusive,1,2019,12
51,Male,A-,Arthritis,2021-01-18,Michael Jenkins,"and Anderson, Porter Becker",Blue Cross,39448.88650939782,Elective,2021-02-11,Aspirin,Inconclusive,24,2021,1
40,Female,O-,Cancer,2021-02-23,Amy Johnson,Bailey-Hunt,Medicare,8867.74666914176,Emergency,2021-03-20,Lipitor,Inconclusive,25,2021,2
56,Female,AB+,Arthritis,2020-03-15,Timothy Wagner,"King and Bryant Olsen,",Cigna,5571.23524567007,Elective,2020-03-22,Paracetamol,Normal,7,2020,3
76,Male,A+,Asthma,2019-09-22,Kara Stevens,"Watson Johnson Joseph, and",Aetna,13014.33000044748,Emergency,2019-09-28,Aspirin,Abnormal,6,2019,9
81,Male,AB+,Obesity,2023-12-07,David Keller,Group Evans,Aetna,27828.93951814778,Emergency,2023-12-13,Ibuprofen,Abnormal,6,2023,12
84,Female,O-,Arthritis,2020-07-01,Emily Sanders,"Collins Porter and Rodgers,",Aetna,36931.48284916464,Elective,2020-07-09,Paracetamol,Normal,8,2020,7
54,Male,O+,Obesity,2020-05-12,Chris Green,"and Goodwin, Hernandez Andrade",Medicare,41307.895829138375,Elective,2020-05-17,Penicillin,Normal,5,2020,5
40,Male,B+,Asthma,2022-08-29,Kurt Hamilton,Solomon PLC,Medicare,36632.31835451989,Urgent,2022-09-10,Penicillin,Inconclusive,12,2022,8
79,Male,O-,Cancer,2019-11-01,Richard Jones,Flores Sons and,Blue Cross,17658.472403553427,Emergency,2019-11-19,Penicillin,Inconclusive,18,2019,11
52,Male,AB-,Cancer,2019-08-16,Brian Herrera,Lowe LLC,Blue Cross,10034.72126466271,Emergency,2019-09-15,Paracetamol,Abnormal,30,2019,8
42,Male,B+,Diabetes,2021-02-28,Robert Perkins,"Lopez Keller, Williams and",Cigna,7383.383359204997,Emergency,2021-03-14,Paracetamol,Normal,14,2021,2
41,Male,A+,Asthma,2020-09-07,Peter Nunez,Brown-Wood,Blue Cross,28974.45532631616,Elective,2020-09-30,Paracetamol,Normal,23,2020,9
26,Male,A+,Arthritis,2024-02-16,Diane Richardson,Martinez-Davis,Blue Cross,4697.2343343229295,Elective,2024-02-28,Aspirin,Abnormal,12,2024,2
76,Female,B+,Cancer,2021-01-16,Julia Monroe,Alexander-Oconnor,Cigna,41150.19068714818,Elective,2021-01-27,Lipitor,Abnormal,11,2021,1
29,Female,A+,Arthritis,2023-01-31,Michael Palmer,Carlson-Stone,Cigna,30324.45091036869,Emergency,2023-02-14,Penicillin,Normal,14,2023,1
19,Male,B-,Hypertension,2022-07-29,Hector King,"George Ward, and Clark",Medicare,33646.11409084555,Emergency,2022-08-21,Penicillin,Normal,23,2022,7
30,Female,O-,Diabetes,2022-04-27,Michael Webster,Nicholson-Johnson,Cigna,46717.950110965474,Urgent,2022-05-01,Penicillin,Inconclusive,4,2022,4
37,Female,O-,Asthma,2020-06-06,Christy Maxwell,PLC Carr,Aetna,49997.32636968616,Elective,2020-06-22,Aspirin,Normal,16,2020,6
82,Female,AB-,Asthma,2019-11-02,Jorge Armstrong,Alexander-Middleton,Blue Cross,38397.02332217552,Elective,2019-11-28,Penicillin,Abnormal,26,2019,11
84,Female,B+,Obesity,2022-09-12,Alexander Patterson,Horton-Martinez,UnitedHealthcare,10135.865524255996,Urgent,2022-09-22,Paracetamol,Inconclusive,10,2022,9
52,Female,A+,Arthritis,2021-01-10,Richard Rodgers,Group Schneider,Aetna,25685.625760964696,Emergency,2021-01-25,Paracetamol,Abnormal,15,2021,1
75,Female,B-,Hypertension,2019-11-05,Jasmine King,PLC Obrien,Blue Cross,6007.693942746398,Emergency,2019-11-08,Aspirin,Inconclusive,3,2019,11
30,Male,A+,Cancer,2021-02-17,Nancy Sutton,Ramos-Holt,Blue Cross,7609.436016567004,Urgent,2021-03-07,Ibuprofen,Abnormal,18,2021,2
76,Male,A-,Diabetes,2023-06-04,Brittany Anderson,"Patterson and Peterson, Velazquez",Medicare,46287.04930988175,Emergency,2023-06-27,Paracetamol,Inconclusive,23,2023,6
56,Male,B-,Diabetes,2023-09-07,Heather Long,"Jensen and Jackson, Greene",Medicare,19204.917779997148,Emergency,2023-10-06,Lipitor,Inconclusive,29,2023,9
65,Female,O-,Hypertension,2022-09-29,Amy Hawkins,Mathews-Lawrence,UnitedHealthcare,45019.02631325966,Emergency,2022-10-09,Paracetamol,Abnormal,10,2022,9
83,Female,A+,Obesity,2022-02-03,Victor Fowler,"Morales, Johnson and Carlson",Blue Cross,44581.153495409606,Urgent,2022-02-08,Penicillin,Abnormal,5,2022,2
43,Female,B+,Hypertension,2024-02-14,Sharon Hall,"Wilson, Ward Taylor and",Medicare,8726.699006488327,Elective,2024-03-02,Penicillin,Inconclusive,17,2024,2
84,Male,A+,Hypertension,2020-09-10,Jeffrey Arellano,Torres-Johnson,Cigna,41966.56890997784,Urgent,2020-09-21,Ibuprofen,Inconclusive,11,2020,9
84,Female,B+,Hypertension,2023-01-24,Mary Johnson,Inc Mcbride,Blue Cross,44255.3260106818,Urgent,2023-01-27,Lipitor,Inconclusive,3,2023,1
77,Male,O-,Obesity,2021-10-01,Kimberly Key,"and Dunlap, Wright Mays",UnitedHealthcare,43644.33708058138,Emergency,2021-10-23,Paracetamol,Abnormal,22,2021,10
60,Male,O+,Arthritis,2021-06-05,Tara Lopez,Sullivan-Crosby,Blue Cross,45304.38949757763,Elective,2021-06-11,Penicillin,Inconclusive,6,2021,6
48,Male,O+,Arthritis,2023-08-09,Angela Lara,"and Shaw, Davis Pollard",UnitedHealthcare,18891.92099315022,Urgent,2023-08-26,Paracetamol,Inconclusive,17,2023,8
80,Female,B-,Asthma,2020-12-22,Laurie Brewer,Williams LLC,Aetna,18381.58295002559,Urgent,2021-01-16,Ibuprofen,Normal,25,2020,12
46,Male,A+,Hypertension,2022-06-21,Margaret Hensley DVM,Franklin Ltd,Cigna,42316.12426950204,Elective,2022-07-10,Paracetamol,Inconclusive,19,2022,6
38,Male,B-,Arthritis,2021-05-05,Adam Bowers,Galloway-Barnett,Medicare,15072.570926473927,Elective,2021-05-15,Penicillin,Abnormal,10,2021,5
72,Female,A-,Asthma,2024-04-20,Renee Odom,"Miller Olson, and Collins",Cigna,7380.731298358002,Elective,2024-05-10,Aspirin,Normal,20,2024,4
70,Female,A+,Asthma,2022-06-13,Amanda Morris,"Wheeler and Miller Burch,",UnitedHealthcare,5936.363411461218,Elective,2022-07-05,Lipitor,Abnormal,22,2022,6
46,Female,O+,Hypertension,2023-09-01,Gregory Oneill,Mercer-Booker,Cigna,7704.300990915003,Emergency,2023-09-18,Penicillin,Abnormal,17,2023,9
82,Male,AB+,Cancer,2020-03-14,Erika Smith,"and Burke Skinner Myers,",Blue Cross,12099.793100234194,Urgent,2020-04-01,Penicillin,Normal,18,2020,3
44,Female,A+,Hypertension,2022-06-05,Michelle Harmon,"and Parker, Stout Chase",Blue Cross,17202.89964140581,Elective,2022-06-29,Ibuprofen,Inconclusive,24,2022,6
34,Female,O+,Asthma,2019-12-19,Shane Russell,"Fernandez Harris, and Wilson",UnitedHealthcare,25275.94422766361,Urgent,2020-01-16,Ibuprofen,Inconclusive,28,2019,12
49,Male,A-,Hypertension,2020-12-06,Rhonda Miller,Young-Myers,Aetna,17002.30327071432,Emergency,2020-12-09,Ibuprofen,Normal,3,2020,12
44,Female,B+,Cancer,2019-05-13,Aaron Turner,Johnson PLC,Medicare,4794.751354546256,Emergency,2019-06-10,Paracetamol,Inconclusive,28,2019,5
37,Male,A-,Hypertension,2023-01-17,Angela Anderson,"Barber Waters Castillo, and",Cigna,7241.195988898086,Elective,2023-02-05,Penicillin,Normal,19,2023,1
37,Male,AB-,Arthritis,2022-07-28,Caitlin Jackson,Jarvis-Craig,Aetna,45218.741051155965,Elective,2022-08-16,Aspirin,Abnormal,19,2022,7
58,Female,O+,Diabetes,2022-10-15,Jeremy Stout,Schneider-Patton,Cigna,32052.05645873824,Urgent,2022-11-05,Ibuprofen,Abnormal,21,2022,10
20,Female,A+,Obesity,2020-05-25,Michele Warren,"Kane Porter and Robinson,",Medicare,30718.546280834835,Elective,2020-06-06,Ibuprofen,Normal,12,2020,5
43,Male,A-,Obesity,2021-02-13,Eric English,Archer Inc,UnitedHealthcare,51441.72905345395,Urgent,2021-03-03,Aspirin,Abnormal,18,2021,2
57,Female,AB-,Cancer,2023-05-31,Shirley Armstrong,Castaneda-Powell,Blue Cross,1821.34794642876,Emergency,2023-06-25,Penicillin,Inconclusive,25,2023,5
76,Male,AB+,Arthritis,2020-01-18,Mary Miller,"King, Williams and Terry",Aetna,23857.4994842816,Urgent,2020-01-26,Paracetamol,Inconclusive,8,2020,1
53,Female,B-,Cancer,2020-08-19,Steve Anderson,Henry PLC,Cigna,4795.51343890974,Urgent,2020-08-28,Penicillin,Abnormal,9,2020,8
45,Male,A-,Diabetes,2022-12-24,Candice Harris,"and Carpenter, Hernandez Chang",UnitedHealthcare,25500.706999138256,Emergency,2023-01-22,Ibuprofen,Normal,29,2022,12
21,Female,O+,Asthma,2020-09-05,Rhonda Lucas,Santiago-Bush,Aetna,10837.614583472854,Emergency,2020-09-25,Aspirin,Normal,20,2020,9
64,Male,A-,Arthritis,2022-09-10,Cody Mcintyre,"Williams Hale and Summers,",Aetna,46836.70590284688,Elective,2022-09-22,Paracetamol,Normal,12,2022,9
71,Male,AB-,Diabetes,2021-04-26,Scott Adams DDS,Ltd Carroll,UnitedHealthcare,11426.012130838306,Emergency,2021-05-04,Aspirin,Abnormal,8,2021,4
28,Female,O-,Diabetes,2024-01-20,Jason Dixon,"Stevenson, Harding and Woods",Cigna,20590.515395957,Urgent,2024-01-28,Penicillin,Normal,8,2024,1
79,Male,A-,Hypertension,2021-03-05,Larry Williams,Munoz Ltd,Aetna,28100.09253047512,Emergency,2021-03-15,Lipitor,Normal,10,2021,3
40,Male,O+,Arthritis,2020-12-27,Candice Gray,LLC Hernandez,Cigna,33188.92654950376,Urgent,2021-01-23,Penicillin,Abnormal,27,2020,12
50,Female,AB+,Asthma,2021-09-22,Michael Richardson,"Kidd Romero, and Douglas",UnitedHealthcare,47130.02559678148,Urgent,2021-10-15,Lipitor,Abnormal,23,2021,9
64,Female,B-,Cancer,2023-05-01,Megan Allen,and Cordova Sons,Cigna,20361.865517906645,Urgent,2023-05-31,Lipitor,Abnormal,30,2023,5
81,Male,O+,Obesity,2019-05-12,Jonathan Crawford,Garcia-Clark,Aetna,11229.75548691414,Emergency,2019-05-23,Penicillin,Abnormal,11,2019,5
52,Female,O+,Hypertension,2021-02-22,Benjamin Cruz,Robinson Group,Medicare,6969.091521591045,Emergency,2021-03-15,Penicillin,Normal,21,2021,2
76,Male,B+,Obesity,2022-03-10,Tracy Marks,"Hayes Ryan, and Martinez",Blue Cross,31405.58062843792,Urgent,2022-03-18,Aspirin,Inconclusive,8,2022,3
52,Male,B+,Obesity,2022-10-23,Nathan Benjamin,"Glover and Oneill Miller,",Cigna,22976.90758190705,Emergency,2022-11-03,Aspirin,Abnormal,11,2022,10
77,Female,O-,Cancer,2024-03-13,Sara Cole,Diaz Inc,Aetna,32136.510407689384,Emergency,2024-03-29,Penicillin,Inconclusive,16,2024,3
81,Male,AB+,Hypertension,2019-08-06,Sara Warner,Martin-Nguyen,UnitedHealthcare,39313.88983291376,Elective,2019-08-16,Lipitor,Normal,10,2019,8
36,Male,B-,Obesity,2020-09-15,Stanley Moreno,Roberts Inc,Cigna,5624.288668755982,Emergency,2020-09-26,Paracetamol,Inconclusive,11,2020,9
72,Female,AB+,Cancer,2019-10-31,Nina Smith,"Riley, Grimes Ruiz and",Blue Cross,5823.048061307117,Elective,2019-11-03,Lipitor,Inconclusive,3,2019,10
70,Male,O-,Diabetes,2020-09-07,Justin Nguyen,Ltd Rogers,Aetna,11628.617344003424,Urgent,2020-09-19,Lipitor,Inconclusive,12,2020,9
44,Female,O-,Arthritis,2021-08-27,Michele Ramos,Gomez Inc,Medicare,8104.667977296607,Elective,2021-09-24,Lipitor,Inconclusive,28,2021,8
81,Female,A-,Arthritis,2019-12-21,James Harris,PLC Mack,Cigna,12093.086813733722,Emergency,2020-01-15,Aspirin,Inconclusive,25,2019,12
41,Male,B-,Arthritis,2019-09-23,Carla Burgess,Castro-Gomez,Medicare,29465.817089085107,Urgent,2019-09-26,Lipitor,Abnormal,3,2019,9
32,Female,A+,Arthritis,2022-05-21,Luke York,"Chan, Goodman and Gould",Cigna,22545.929230901325,Emergency,2022-05-25,Penicillin,Inconclusive,4,2022,5
58,Female,B-,Obesity,2019-12-29,Whitney Phillips,"Russell and Randolph, Lawrence",Medicare,2641.016179448146,Elective,2020-01-04,Aspirin,Normal,6,2019,12
33,Male,A-,Arthritis,2020-04-03,Daniel Johnson,Evans-Gonzalez,Cigna,16527.257872910606,Elective,2020-04-04,Penicillin,Inconclusive,1,2020,4
80,Male,A+,Cancer,2022-12-15,Audrey Lewis,Miller Sons and,Medicare,13624.829280307824,Urgent,2022-12-28,Paracetamol,Inconclusive,13,2022,12
67,Male,O-,Obesity,2020-08-07,Donald Wagner,Watts-Schneider,Aetna,39570.06896153529,Urgent,2020-08-09,Aspirin,Inconclusive,2,2020,8
39,Male,A-,Diabetes,2022-03-19,Lisa Fisher,Harrell Inc,Aetna,13256.414564439958,Urgent,2022-03-20,Paracetamol,Normal,1,2022,3
52,Male,A+,Arthritis,2024-03-10,Amber Williams,"Reed Valdez and Pratt,",Medicare,32633.20307412901,Emergency,2024-03-26,Aspirin,Normal,16,2024,3
49,Male,AB-,Arthritis,2019-11-29,Patrick Medina,Ali Group,Blue Cross,19720.03590279593,Emergency,2019-11-30,Lipitor,Normal,1,2019,11
41,Male,B-,Hypertension,2019-07-17,Sheri Castro,Conner-Nelson,Blue Cross,46421.26125284104,Emergency,2019-08-12,Paracetamol,Abnormal,26,2019,7
81,Female,O-,Hypertension,2020-05-27,Crystal Thornton,"and Miller Prince Rodriguez,",Blue Cross,10767.376669832578,Elective,2020-06-12,Aspirin,Normal,16,2020,5
19,Female,A-,Hypertension,2019-09-06,Kimberly Carter,"Parker Davis Clark, and",Blue Cross,47656.51700658436,Emergency,2019-10-01,Penicillin,Inconclusive,25,2019,9
83,Male,AB+,Hypertension,2021-04-06,Frederick Arnold,Mills-Petersen,Cigna,46186.16324824732,Elective,2021-05-06,Ibuprofen,Abnormal,30,2021,4
36,Female,O+,Cancer,2019-05-19,Anna Atkinson,"Smith Anderson and Hunt,",UnitedHealthcare,44148.54288251938,Emergency,2019-05-29,Paracetamol,Abnormal,10,2019,5
43,Female,A-,Cancer,2023-09-24,Mary Coleman,Kennedy-Smith,Cigna,12447.265116670023,Elective,2023-10-20,Paracetamol,Abnormal,26,2023,9
72,Male,AB-,Diabetes,2019-09-30,Jeremy Parker,"and Moore, Ballard Johnson",Cigna,43298.433699271125,Urgent,2019-10-10,Paracetamol,Abnormal,10,2019,9
73,Female,A+,Asthma,2022-07-23,Dorothy Garcia,"Williams Reynolds and Rangel,",Cigna,33379.54546737913,Emergency,2022-08-16,Ibuprofen,Abnormal,24,2022,7
32,Male,AB-,Cancer,2020-05-11,John Sanders,"Shelton Johnson, and Green",Blue Cross,37553.160972917416,Emergency,2020-06-06,Aspirin,Inconclusive,26,2020,5
39,Male,O+,Asthma,2019-08-01,Ashlee Cooper,"Lopez, and Howard Morrison",Aetna,44931.128771940224,Elective,2019-08-08,Penicillin,Normal,7,2019,8
72,Male,B+,Asthma,2019-09-06,Nicole Vance,Sons and Cortez,Medicare,44595.97086376193,Urgent,2019-09-15,Lipitor,Abnormal,9,2019,9
24,Male,B-,Cancer,2023-01-28,Karen Lynn,Roberts Ltd,Cigna,10243.972061514914,Emergency,2023-02-26,Penicillin,Inconclusive,29,2023,1
32,Female,O-,Obesity,2023-09-11,Rachel Lopez,Sellers-Shepard,Blue Cross,8762.503071692423,Emergency,2023-10-11,Penicillin,Abnormal,30,2023,9
57,Female,AB+,Asthma,2020-03-11,Samuel Williams,"Lloyd Scott, and Reese",Medicare,10363.66893067308,Emergency,2020-03-18,Ibuprofen,Normal,7,2020,3
56,Male,B-,Asthma,2021-03-07,Steven Rogers,Gibson-Osborne,Medicare,22827.81090323245,Urgent,2021-03-21,Paracetamol,Abnormal,14,2021,3
84,Female,O+,Asthma,2024-04-03,Melanie Lloyd,Matthews-Morgan,UnitedHealthcare,22913.348727039003,Urgent,2024-04-10,Ibuprofen,Inconclusive,7,2024,4
46,Male,B-,Cancer,2022-12-25,Bobby Mayo,Scott and Sons,Aetna,33800.9084900491,Urgent,2023-01-10,Penicillin,Abnormal,16,2022,12
55,Male,AB+,Obesity,2020-04-01,Fernando Hodge,Diaz-Richards,Aetna,23713.92381416509,Urgent,2020-04-26,Ibuprofen,Inconclusive,25,2020,4
19,Female,A+,Hypertension,2020-01-23,Valerie Simmons,LLC Johnson,Medicare,41794.35542621547,Emergency,2020-02-20,Aspirin,Abnormal,28,2020,1
69,Female,O+,Diabetes,2023-02-10,Cheryl Herrera,Murphy Group,Blue Cross,40304.38007330088,Emergency,2023-02-25,Paracetamol,Inconclusive,15,2023,2
69,Female,B-,Cancer,2023-10-20,John Rodriguez MD,"Barajas and Byrd, Wolf",Medicare,43825.05667048354,Elective,2023-10-28,Paracetamol,Normal,8,2023,10
56,Male,A-,Hypertension,2020-07-15,Ashley Jackson,"Salazar Newman White, and",Medicare,16509.89322817477,Emergency,2020-08-11,Lipitor,Inconclusive,27,2020,7
36,Female,A-,Arthritis,2023-01-14,Samuel Hebert,Hancock-Lewis,Medicare,46268.729036760655,Elective,2023-02-08,Aspirin,Normal,25,2023,1
44,Male,A-,Arthritis,2021-06-19,Ryan Garcia,Barrett-Wright,UnitedHealthcare,36272.75181930579,Emergency,2021-07-14,Paracetamol,Normal,25,2021,6
32,Male,O-,Obesity,2020-05-18,Kelli Gutierrez,"Bowers Blankenship Jackson, and",Medicare,5614.518226772625,Urgent,2020-05-19,Aspirin,Abnormal,1,2020,5
61,Female,B-,Arthritis,2020-05-16,Kenneth Watson,Hahn-Wilson,UnitedHealthcare,21429.67391209684,Elective,2020-06-15,Ibuprofen,Abnormal,30,2020,5
61,Male,AB+,Cancer,2021-03-11,Jo Donaldson,"Ramirez and Nelson, Collins",Cigna,24057.470930987616,Emergency,2021-04-02,Paracetamol,Normal,22,2021,3
47,Male,B-,Arthritis,2023-02-05,Ronald Patrick,Sosa-Jackson,Blue Cross,22775.47093854532,Elective,2023-02-12,Penicillin,Abnormal,7,2023,2
49,Female,A+,Obesity,2021-10-19,Lonnie Patton,Dillon-Richard,Cigna,30953.782256784834,Urgent,2021-11-12,Penicillin,Normal,24,2021,10
83,Male,B-,Asthma,2019-09-07,Gabrielle Hendrix,Stokes and Sons,Medicare,12101.130655296483,Urgent,2019-09-29,Aspirin,Abnormal,22,2019,9
63,Male,B-,Asthma,2021-05-26,Brandy Parsons,Inc Nguyen,Blue Cross,1478.1811393289015,Elective,2021-06-20,Ibuprofen,Normal,25,2021,5
26,Female,O-,Cancer,2021-05-07,Anthony Norris,Gallagher-Hernandez,Aetna,37197.85564731329,Urgent,2021-05-27,Penicillin,Abnormal,20,2021,5
20,Female,AB-,Arthritis,2023-01-17,Kristina Mendez MD,"Johnson David Carpenter, and",Medicare,5407.728754517549,Elective,2023-01-29,Paracetamol,Normal,12,2023,1
69,Male,AB-,Asthma,2020-03-05,Justin Clark,"and Montes Marshall Valdez,",Medicare,6035.458068543179,Urgent,2020-03-06,Lipitor,Normal,1,2020,3
26,Male,AB-,Asthma,2022-09-16,Charles Schmidt,PLC Kelly,Blue Cross,5778.245819492447,Elective,2022-10-16,Aspirin,Normal,30,2022,9
36,Male,AB+,Arthritis,2022-06-03,Johnny Alvarado,Wilson-Sherman,UnitedHealthcare,46602.69268434857,Elective,2022-06-28,Ibuprofen,Abnormal,25,2022,6
27,Male,AB-,Diabetes,2020-12-30,Patricia Kidd,Peterson Group,Medicare,47789.825967887096,Emergency,2021-01-26,Paracetamol,Abnormal,27,2020,12
60,Female,B-,Obesity,2020-08-09,Christopher Fleming,Hall-Taylor,Aetna,46608.39288868184,Emergency,2020-08-15,Penicillin,Abnormal,6,2020,8
67,Female,AB-,Arthritis,2021-03-10,Robert Higgins,Rios PLC,UnitedHealthcare,8709.035962820322,Elective,2021-03-29,Lipitor,Normal,19,2021,3
41,Female,O+,Cancer,2021-03-15,Adrian Powell,"Lutz, Lester and Kelly",UnitedHealthcare,18270.995269376323,Urgent,2021-03-26,Ibuprofen,Abnormal,11,2021,3
45,Male,B-,Hypertension,2021-08-23,Alexander Rivera,"Scott, Moore and Brewer",Medicare,17679.02667815954,Urgent,2021-08-24,Penicillin,Normal,1,2021,8
37,Male,A+,Diabetes,2023-11-11,Pam Johnson,"Sullivan Henderson Lloyd, and",Cigna,21965.14740481409,Emergency,2023-11-28,Penicillin,Inconclusive,17,2023,11
46,Male,A+,Cancer,2023-12-31,Tracy Howard,"and Rhodes Trujillo, Booth",Cigna,27309.707878439352,Emergency,2024-01-27,Penicillin,Inconclusive,27,2023,12
71,Female,A+,Arthritis,2019-09-21,Matthew Taylor,Bailey-White,Cigna,4437.956349653185,Emergency,2019-10-20,Penicillin,Normal,29,2019,9
69,Female,B+,Hypertension,2022-11-04,Sharon Harding,Bridges Inc,UnitedHealthcare,15704.08921821339,Emergency,2022-11-13,Ibuprofen,Inconclusive,9,2022,11
65,Male,O-,Asthma,2019-08-08,Kristine Browning,"Jackson Carr, Garcia and",Medicare,16528.80182311278,Urgent,2019-08-19,Paracetamol,Abnormal,11,2019,8
75,Female,O+,Arthritis,2023-10-05,Timothy Kim,Richardson-Griffin,Cigna,3621.161690682909,Elective,2023-10-08,Penicillin,Inconclusive,3,2023,10
77,Male,O+,Diabetes,2020-08-28,Joshua Ross,Allen-Campbell,UnitedHealthcare,47863.02391959248,Urgent,2020-09-04,Ibuprofen,Normal,7,2020,8
22,Male,A+,Obesity,2020-07-08,Linda Adams,Ferguson-Liu,Medicare,46772.58119808634,Emergency,2020-07-13,Ibuprofen,Abnormal,5,2020,7
58,Female,O+,Obesity,2023-10-06,Richard Andrews,Lee Ltd,Medicare,18479.743277603746,Urgent,2023-10-09,Ibuprofen,Inconclusive,3,2023,10
25,Female,A-,Cancer,2023-07-01,Julie Warren,Baldwin-Marshall,Blue Cross,7285.489591505677,Urgent,2023-07-05,Lipitor,Normal,4,2023,7
83,Female,B-,Diabetes,2021-08-07,Angela Mathis,Norman PLC,Blue Cross,6818.724480011671,Elective,2021-08-20,Lipitor,Normal,13,2021,8
27,Male,A-,Hypertension,2020-05-13,Beth Williams,Boyd-Fisher,Blue Cross,14374.312997342726,Urgent,2020-05-26,Lipitor,Abnormal,13,2020,5
32,Male,B-,Arthritis,2023-09-26,Alejandra Williams,Inc Davis,UnitedHealthcare,5936.177145275834,Urgent,2023-09-29,Aspirin,Normal,3,2023,9
40,Male,A+,Diabetes,2023-06-14,Jennifer Mitchell,Perry Inc,Cigna,32897.26731456432,Urgent,2023-06-15,Ibuprofen,Inconclusive,1,2023,6
25,Male,AB-,Asthma,2024-05-05,Bradley Hunter,"and Brown Larson Moyer,",Cigna,3963.121128315197,Urgent,2024-05-07,Aspirin,Abnormal,2,2024,5
69,Male,A-,Asthma,2023-04-03,Todd Houston,Soto-Boyle,Blue Cross,16057.8201619831,Elective,2023-04-11,Ibuprofen,Normal,8,2023,4
25,Female,B-,Diabetes,2021-10-24,Michael Grant,Jones-Ellis,Medicare,44041.5737381922,Emergency,2021-11-13,Ibuprofen,Normal,20,2021,10
66,Female,B+,Arthritis,2023-05-24,Debra Carpenter,"Jenkins, Mathews and Ho",Medicare,15086.158780027328,Urgent,2023-06-09,Lipitor,Abnormal,16,2023,5
62,Male,A+,Hypertension,2019-12-20,Amanda Johnson,Villa Inc,UnitedHealthcare,16377.5231280267,Urgent,2020-01-17,Penicillin,Inconclusive,28,2019,12
30,Male,A-,Hypertension,2022-04-27,Joseph Flores,Castro PLC,UnitedHealthcare,43488.83862747319,Elective,2022-05-04,Lipitor,Inconclusive,7,2022,4
55,Male,B+,Hypertension,2019-11-14,Kyle Gray,Ortiz-Martin,Cigna,43108.88805816116,Emergency,2019-11-16,Ibuprofen,Inconclusive,2,2019,11
78,Female,O-,Hypertension,2022-04-17,Sarah Jackson,Anthony-Torres,Medicare,21585.243422654046,Emergency,2022-04-25,Penicillin,Abnormal,8,2022,4
69,Female,A-,Arthritis,2022-04-15,Alyssa Cox,PLC Drake,Medicare,28922.860518875223,Urgent,2022-05-12,Penicillin,Inconclusive,27,2022,4
77,Male,O+,Cancer,2021-03-13,Angela Johnson,Schmidt Ltd,UnitedHealthcare,14808.747589878096,Emergency,2021-03-14,Aspirin,Normal,1,2021,3
56,Female,A+,Hypertension,2021-12-18,Debbie Browning,Ortiz-Gardner,UnitedHealthcare,26824.00263642209,Emergency,2022-01-06,Ibuprofen,Inconclusive,19,2021,12
58,Female,O-,Asthma,2022-12-09,James Smith,Smith-White,Blue Cross,49741.76822934036,Emergency,2022-12-27,Paracetamol,Inconclusive,18,2022,12
78,Female,O-,Asthma,2024-01-06,Brandy Nichols,Ltd Stewart,Aetna,14687.499950374608,Elective,2024-01-31,Aspirin,Normal,25,2024,1
50,Male,O+,Asthma,2020-12-27,Jennifer Roach,"Hunter and James Wilson,",Blue Cross,30770.32271436709,Emergency,2020-12-30,Aspirin,Inconclusive,3,2020,12
38,Female,O-,Obesity,2024-01-05,Kenneth Beltran,Martinez-Elliott,Blue Cross,32173.35153671885,Elective,2024-01-06,Penicillin,Abnormal,1,2024,1
81,Female,A-,Cancer,2021-02-24,Elizabeth Freeman,Wright-Nguyen,Medicare,28009.03341058964,Urgent,2021-02-28,Paracetamol,Abnormal,4,2021,2
80,Male,AB-,Cancer,2023-09-11,Elizabeth Campbell,"and Johnson Wright Carter,",Medicare,14657.573294090143,Elective,2023-09-27,Lipitor,Abnormal,16,2023,9
48,Female,A+,Cancer,2022-01-31,Larry Collier,Johnson-Collins,UnitedHealthcare,49492.13631959721,Elective,2022-02-09,Lipitor,Normal,9,2022,1
22,Male,O+,Arthritis,2022-08-22,Lisa Howell,Olsen LLC,UnitedHealthcare,7647.467841405351,Emergency,2022-09-15,Penicillin,Inconclusive,24,2022,8
50,Male,A-,Arthritis,2021-10-07,Ellen Bailey,Smith LLC,Cigna,37340.17186942508,Urgent,2021-10-08,Ibuprofen,Abnormal,1,2021,10
19,Male,O-,Diabetes,2021-10-04,Kimberly Gregory,Rodriguez-Morgan,Cigna,23743.09828566514,Emergency,2021-10-13,Aspirin,Inconclusive,9,2021,10
79,Male,A+,Obesity,2023-08-13,Timothy Williams,Ltd Bell,Aetna,10322.736953078256,Emergency,2023-09-02,Paracetamol,Inconclusive,20,2023,8
44,Female,B-,Arthritis,2019-11-16,Crystal Thompson,"and Thompson Mccall, Brooks",Medicare,5009.974996254164,Urgent,2019-11-25,Paracetamol,Inconclusive,9,2019,11
50,Female,A-,Hypertension,2023-05-10,John Bryant,Castillo LLC,Blue Cross,22823.92437821498,Emergency,2023-06-04,Ibuprofen,Inconclusive,25,2023,5
20,Female,O+,Arthritis,2021-03-28,Robert Brewer,Torres Group,Medicare,27854.6800732778,Urgent,2021-04-17,Lipitor,Abnormal,20,2021,3
75,Male,B+,Asthma,2021-02-05,Craig Allen,"Boyd and Baker Rasmussen,",Blue Cross,2223.609989234161,Emergency,2021-02-17,Aspirin,Abnormal,12,2021,2
45,Female,AB+,Asthma,2023-07-15,Shannon Hicks,Owens-Adkins,Medicare,13534.109452421952,Urgent,2023-07-23,Ibuprofen,Abnormal,8,2023,7
20,Female,O-,Asthma,2023-01-20,Toni Russell,PLC Lewis,Medicare,5851.030624801201,Emergency,2023-02-18,Ibuprofen,Inconclusive,29,2023,1
50,Female,AB-,Hypertension,2020-03-22,Anita Ortega,Brennan-Walters,Blue Cross,20831.13595070171,Emergency,2020-04-01,Paracetamol,Inconclusive,10,2020,3
39,Female,AB+,Diabetes,2020-10-17,Anthony Lopez,"and Mcdonald Taylor, Pitts",Aetna,10556.97518509492,Emergency,2020-10-26,Penicillin,Abnormal,9,2020,10
32,Female,O+,Asthma,2021-01-19,Timothy Johnson,Martin LLC,Blue Cross,29831.51573909348,Elective,2021-02-05,Lipitor,Normal,17,2021,1
58,Male,A-,Diabetes,2023-03-26,Erica Gallagher,Huang-Blanchard,Aetna,30143.3011771214,Urgent,2023-04-05,Ibuprofen,Normal,10,2023,3
67,Female,A-,Diabetes,2022-09-28,Megan Zimmerman,"Gonzalez and Marks, Lopez",Aetna,34555.171664722366,Emergency,2022-10-16,Aspirin,Normal,18,2022,9
59,Male,AB-,Cancer,2019-10-20,Kyle Nelson,"Molina, Rogers and Horton",Cigna,3915.2296180693297,Elective,2019-11-07,Penicillin,Abnormal,18,2019,10
37,Male,O+,Arthritis,2022-03-13,Thomas Cross,"Haynes Miller, and Gray",Aetna,36541.89485493517,Emergency,2022-03-17,Paracetamol,Abnormal,4,2022,3
37,Male,B+,Obesity,2020-03-19,Stephanie Howard,"Garcia Woodward and Morgan,",Cigna,6709.755374803667,Elective,2020-03-22,Aspirin,Abnormal,3,2020,3
59,Female,O+,Diabetes,2021-02-22,Dr. Alex Clark,and Kennedy Sons,Cigna,5078.627303104864,Elective,2021-03-04,Paracetamol,Abnormal,10,2021,2
68,Male,B-,Arthritis,2021-06-28,Joseph Powers,Inc Anderson,Cigna,36247.04391522162,Emergency,2021-07-27,Ibuprofen,Inconclusive,29,2021,6
51,Female,A-,Hypertension,2022-10-08,Kevin Mack,"Armstrong Everett, Adams and",UnitedHealthcare,24786.21802091797,Elective,2022-11-05,Aspirin,Abnormal,28,2022,10
74,Male,B-,Hypertension,2021-10-05,Savannah Mahoney,Mclaughlin-Jenkins,Blue Cross,28652.03902686468,Urgent,2021-10-26,Aspirin,Abnormal,21,2021,10
81,Female,AB+,Hypertension,2023-02-15,Taylor Juarez,Parks PLC,UnitedHealthcare,9824.840765707588,Emergency,2023-02-22,Ibuprofen,Abnormal,7,2023,2
60,Male,O-,Diabetes,2021-01-24,Stephanie Thompson,"Hendrix, Roberts and Pitts",UnitedHealthcare,3763.772427494265,Urgent,2021-02-11,Paracetamol,Abnormal,18,2021,1
44,Male,A+,Hypertension,2022-01-22,Christopher Ross,"and Berger Perry, Calhoun",UnitedHealthcare,31043.20633500728,Urgent,2022-02-09,Ibuprofen,Inconclusive,18,2022,1
33,Female,AB-,Obesity,2023-03-02,Cassandra Howe,Evans-Molina,Aetna,14033.545211093204,Emergency,2023-03-03,Ibuprofen,Abnormal,1,2023,3
35,Male,B+,Obesity,2020-10-26,Hannah Garcia,and Sons Tucker,Medicare,28978.374000624382,Emergency,2020-10-31,Ibuprofen,Normal,5,2020,10
46,Male,B-,Asthma,2022-02-09,Raymond Mercer,Group Holder,Blue Cross,46467.77080589197,Urgent,2022-02-16,Paracetamol,Inconclusive,7,2022,2
51,Female,B+,Hypertension,2023-10-26,Wendy Morgan,Lawrence PLC,UnitedHealthcare,19095.52450659624,Emergency,2023-11-21,Penicillin,Inconclusive,26,2023,10
65,Male,A-,Obesity,2024-01-11,Cynthia Sanders,Smith Ltd,Cigna,13302.22990824893,Elective,2024-01-15,Penicillin,Abnormal,4,2024,1
75,Male,O+,Hypertension,2022-05-25,Michael Munoz,Howe-Smith,Aetna,47701.52770265257,Emergency,2022-06-19,Paracetamol,Normal,25,2022,5
33,Female,B-,Cancer,2019-07-31,Frederick Smith,PLC Vargas,Cigna,3311.874195424285,Elective,2019-08-08,Aspirin,Abnormal,8,2019,7
45,Female,O+,Diabetes,2022-02-27,Ricky King,"and Ray Wood Barrett,",Cigna,3553.896471368645,Emergency,2022-03-03,Aspirin,Abnormal,4,2022,2
81,Female,AB+,Diabetes,2021-05-15,Richard Fox,"Davis Moore Bartlett, and",UnitedHealthcare,41320.70858006917,Elective,2021-05-31,Paracetamol,Abnormal,16,2021,5
56,Female,B-,Arthritis,2023-07-27,Alexander Preston,Barton-Johnson,Blue Cross,14150.51155385212,Elective,2023-08-19,Penicillin,Abnormal,23,2023,7
57,Male,A+,Obesity,2022-08-01,Stacey Weaver,Salas-Farmer,Medicare,34903.67037065713,Emergency,2022-08-16,Aspirin,Abnormal,15,2022,8
75,Male,A+,Arthritis,2021-05-17,Cole Harris,"Neal and Roberson Hicks,",Cigna,47641.6992483272,Urgent,2021-05-30,Paracetamol,Abnormal,13,2021,5
22,Male,A+,Cancer,2022-03-22,Kimberly Martinez,Robinson Inc,Aetna,4440.423373439604,Elective,2022-04-01,Ibuprofen,Normal,10,2022,3
68,Male,B+,Hypertension,2020-08-31,Daniel Calhoun,and Howard Sons,Aetna,19936.659746488425,Elective,2020-09-13,Penicillin,Normal,13,2020,8
22,Male,AB+,Arthritis,2021-03-17,Zachary Lopez,"and Morris Mullins, Hernandez",UnitedHealthcare,44863.65088804078,Emergency,2021-03-20,Aspirin,Normal,3,2021,3
47,Male,A+,Cancer,2019-06-13,Dwayne Bradley,Rodriguez-Howard,Medicare,6877.477401439592,Emergency,2019-06-17,Penicillin,Normal,4,2019,6
66,Male,AB-,Hypertension,2020-08-01,Francisco Gray,Martin Ltd,Cigna,17036.108576227165,Elective,2020-08-22,Lipitor,Abnormal,21,2020,8
51,Female,O+,Cancer,2020-03-25,Shane Mcintosh,Jordan-Hood,Blue Cross,19825.217117921547,Emergency,2020-04-05,Lipitor,Abnormal,11,2020,3
45,Male,AB+,Asthma,2020-05-03,Katherine Taylor,Fox-Singleton,Cigna,47624.24846240759,Urgent,2020-05-27,Lipitor,Abnormal,24,2020,5
23,Female,A+,Arthritis,2022-11-29,Laura Shaw,"Holland, Daniels Brennan and",Cigna,22014.56050630606,Elective,2022-12-17,Ibuprofen,Abnormal,18,2022,11
77,Male,AB-,Obesity,2019-12-12,Susan Wheeler,Sanchez-Green,Aetna,17621.519131563615,Elective,2019-12-27,Penicillin,Abnormal,15,2019,12
68,Male,B+,Asthma,2023-04-14,Tim Rodriguez,Brown LLC,Blue Cross,47742.58881669974,Urgent,2023-05-03,Penicillin,Abnormal,19,2023,4
21,Female,AB+,Cancer,2021-09-08,Stephanie Lamb,Pacheco-Morris,Cigna,40960.95747036518,Elective,2021-10-03,Penicillin,Normal,25,2021,9
28,Male,A+,Hypertension,2020-05-16,Frank Bell,"Odonnell, Kelly Mejia and",Blue Cross,45977.38136731675,Urgent,2020-05-20,Ibuprofen,Inconclusive,4,2020,5
64,Male,B+,Obesity,2020-05-24,Sherry Parker,Zimmerman-Schneider,UnitedHealthcare,29685.109822373204,Emergency,2020-06-01,Ibuprofen,Abnormal,8,2020,5
23,Male,B-,Obesity,2020-01-05,Daniel Johnson,"Hoover Rodriguez, and Vang",UnitedHealthcare,11418.62217239504,Urgent,2020-01-31,Lipitor,Abnormal,26,2020,1
29,Female,B-,Cancer,2023-05-20,Mr. Joseph Smith,Fuller Sons and,Cigna,20578.29571251847,Emergency,2023-05-25,Penicillin,Normal,5,2023,5
79,Female,O-,Arthritis,2023-10-16,Abigail Flores,and Sons Bonilla,Cigna,7068.913984475922,Elective,2023-10-27,Penicillin,Inconclusive,11,2023,10
53,Male,O+,Cancer,2022-12-09,Maria Hernandez,"and Gordon Lee Yang,",UnitedHealthcare,16964.060341213913,Urgent,2022-12-12,Penicillin,Inconclusive,3,2022,12
25,Female,AB-,Cancer,2022-10-21,Tonya Potter,LLC Howard,UnitedHealthcare,16428.992244634683,Urgent,2022-11-14,Penicillin,Normal,24,2022,10
60,Male,O-,Obesity,2020-02-27,Joshua Meyer,"and Shields Williams, James",UnitedHealthcare,49241.690582777286,Elective,2020-03-16,Lipitor,Abnormal,18,2020,2
59,Female,AB+,Obesity,2022-08-28,Stacy Bender,Moore-Sanders,Cigna,28954.26139161208,Emergency,2022-09-14,Aspirin,Inconclusive,17,2022,8
26,Female,A+,Diabetes,2023-11-15,John Moore,"Ortiz, and Massey Norton",Cigna,2329.108092812969,Urgent,2023-11-27,Lipitor,Abnormal,12,2023,11
56,Male,AB+,Obesity,2023-03-25,Michael Craig,PLC Anderson,UnitedHealthcare,17327.984497481684,Urgent,2023-03-26,Penicillin,Abnormal,1,2023,3
53,Female,A+,Obesity,2021-02-28,Christine Wood,Herring-Smith,Cigna,22475.883716687036,Emergency,2021-03-29,Ibuprofen,Abnormal,29,2021,2
73,Female,B+,Diabetes,2021-05-14,Melissa White,PLC Hale,Blue Cross,32773.81627054692,Emergency,2021-05-17,Lipitor,Abnormal,3,2021,5
38,Male,B+,Obesity,2020-04-19,David Obrien,"Parker Jackson, Jackson and",Aetna,17202.046377966686,Urgent,2020-05-12,Aspirin,Normal,23,2020,4
73,Female,A-,Cancer,2024-01-18,Matthew Clark,"Parsons Petersen, Mckenzie and",Medicare,43801.72709227118,Emergency,2024-02-08,Lipitor,Abnormal,21,2024,1
20,Female,B-,Arthritis,2021-05-05,Michele Alvarez,Guerrero-Jordan,Medicare,8042.612464024589,Emergency,2021-05-20,Lipitor,Inconclusive,15,2021,5
19,Male,A+,Hypertension,2020-06-27,Patrick Ross,"Lee Pugh, and Orozco",Medicare,26660.448204658707,Urgent,2020-07-23,Aspirin,Normal,26,2020,6
79,Female,A+,Obesity,2022-01-08,Maureen Jones,"Payne Parker, Murphy and",Medicare,33071.266573138324,Emergency,2022-01-31,Penicillin,Abnormal,23,2022,1
56,Female,A+,Arthritis,2019-09-01,Eric Beard,"and Hernandez Mckinney Li,",Medicare,36923.54008413822,Emergency,2019-10-01,Lipitor,Abnormal,30,2019,9
54,Female,O-,Arthritis,2020-02-17,Colleen Lawrence,Hancock Ltd,UnitedHealthcare,34455.47548242026,Urgent,2020-02-21,Penicillin,Normal,4,2020,2
37,Female,O-,Arthritis,2021-04-05,Stefanie Howard,"Mitchell Brown and Rice,",UnitedHealthcare,29993.379009176024,Elective,2021-04-09,Paracetamol,Inconclusive,4,2021,4
23,Male,B+,Diabetes,2023-07-14,Mark Wallace,Garcia-Martinez,Blue Cross,9736.46473818994,Urgent,2023-07-18,Lipitor,Abnormal,4,2023,7
35,Male,A+,Cancer,2021-01-06,Nichole Washington,Douglas-Diaz,Blue Cross,43625.56217378001,Emergency,2021-01-25,Penicillin,Abnormal,19,2021,1
52,Male,A-,Cancer,2023-05-05,Gabrielle Brown,Ltd Tran,Cigna,33864.95312924533,Elective,2023-05-14,Ibuprofen,Abnormal,9,2023,5
58,Male,O+,Asthma,2020-02-17,Sean Ortiz,"Smith and Foster Cooper,",UnitedHealthcare,12004.404755392032,Elective,2020-03-06,Paracetamol,Normal,18,2020,2
28,Male,B+,Arthritis,2022-08-27,Jacqueline Monroe,Hunter Inc,Blue Cross,1910.7785497128332,Urgent,2022-09-07,Paracetamol,Abnormal,11,2022,8
47,Female,A-,Diabetes,2019-10-09,Nicole Manning,Sons Flores and,Blue Cross,9594.886274485909,Emergency,2019-11-07,Paracetamol,Normal,29,2019,10
68,Female,B+,Arthritis,2022-05-06,Donna Callahan,Green Group,Medicare,3770.637380615925,Emergency,2022-05-14,Paracetamol,Inconclusive,8,2022,5
25,Female,B+,Cancer,2019-07-08,Ashley Warner,"Lewis, Gibbs and Powell",Aetna,12950.759575448634,Emergency,2019-07-14,Paracetamol,Inconclusive,6,2019,7
71,Female,O+,Arthritis,2020-09-12,Noah Schultz,"Gomez and Espinoza, Wilson",Aetna,14564.74608273018,Emergency,2020-09-18,Paracetamol,Normal,6,2020,9
36,Female,B+,Diabetes,2021-12-02,Cassandra Martinez,Sons Martin and,Blue Cross,38276.35621937149,Emergency,2021-12-16,Lipitor,Normal,14,2021,12
34,Male,A+,Diabetes,2022-09-08,Robert Gomez,Sons and Moore,Medicare,12586.422175762063,Urgent,2022-09-21,Penicillin,Normal,13,2022,9
23,Female,A+,Cancer,2021-01-30,Adam Torres,Hernandez-Pearson,Medicare,34251.220097840014,Elective,2021-02-19,Penicillin,Normal,20,2021,1
66,Male,O+,Diabetes,2020-04-03,Dawn Mcintosh,Harrison-Robles,Medicare,23812.4244843205,Emergency,2020-04-30,Lipitor,Normal,27,2020,4
57,Male,B-,Obesity,2022-08-14,Cody Shaw,Ltd Guerra,Aetna,26378.979266611543,Urgent,2022-09-13,Ibuprofen,Inconclusive,30,2022,8
73,Female,AB-,Asthma,2023-05-09,Ryan Mclean,Group Hudson,Medicare,34587.807228902406,Urgent,2023-05-30,Lipitor,Inconclusive,21,2023,5
21,Female,O+,Asthma,2019-12-29,Mr. Evan Long PhD,Cordova LLC,Aetna,14945.328061688291,Elective,2020-01-07,Penicillin,Normal,9,2019,12
27,Male,A-,Obesity,2020-04-10,Dr. William Santiago,Horton-Boone,Cigna,11023.287473805882,Urgent,2020-05-10,Paracetamol,Abnormal,30,2020,4
58,Female,O-,Hypertension,2022-11-19,Kimberly Conner,Campbell-Ryan,Medicare,36841.60061094944,Elective,2022-12-15,Lipitor,Abnormal,26,2022,11
31,Female,AB+,Asthma,2019-08-18,Kenneth Glass,"Johnson Aguilar Hamilton, and",Aetna,25894.009981179,Elective,2019-08-30,Ibuprofen,Normal,12,2019,8
64,Female,B+,Cancer,2021-09-30,Preston Werner,Moreno Inc,Medicare,33631.41766717144,Urgent,2021-10-03,Lipitor,Normal,3,2021,9
80,Female,AB+,Arthritis,2019-09-16,Robin Davis,Group Brown,Aetna,32879.086995655816,Emergency,2019-09-27,Aspirin,Inconclusive,11,2019,9
26,Female,AB+,Arthritis,2021-04-18,Alexandra Kim,Inc Singh,Blue Cross,30502.46141476881,Elective,2021-04-30,Ibuprofen,Abnormal,12,2021,4
56,Male,AB+,Hypertension,2024-02-13,David Moore,Sanchez-Mccullough,UnitedHealthcare,6576.085125151776,Elective,2024-02-24,Lipitor,Inconclusive,11,2024,2
46,Female,A+,Diabetes,2020-10-05,John Barker,"Smith Rodriguez and Buchanan,",Aetna,41392.78012487011,Elective,2020-10-07,Aspirin,Abnormal,2,2020,10
53,Male,B-,Hypertension,2021-08-02,Taylor Dillon,Grant-Wiggins,Medicare,30714.82455655655,Emergency,2021-08-26,Aspirin,Abnormal,24,2021,8
58,Male,A-,Cancer,2022-10-16,Michael Preston,May-Smith,Aetna,30627.20861675614,Emergency,2022-10-26,Lipitor,Abnormal,10,2022,10
40,Male,B-,Cancer,2023-12-13,Mark Brown,"Franco and Trevino Clayton,",Medicare,32482.155762868173,Emergency,2023-12-19,Aspirin,Inconclusive,6,2023,12
84,Female,O-,Obesity,2023-11-19,Alyssa Tapia,Herman-Griffin,Blue Cross,7238.9633123566655,Urgent,2023-11-22,Lipitor,Normal,3,2023,11
39,Female,O-,Arthritis,2021-01-03,Justin Carey,Mcclure Inc,UnitedHealthcare,41210.76571619064,Urgent,2021-01-10,Paracetamol,Normal,7,2021,1
41,Male,AB+,Obesity,2022-10-01,Kevin Chan,Watson-Hill,Cigna,1114.411559221949,Emergency,2022-10-20,Paracetamol,Inconclusive,19,2022,10
74,Male,B+,Cancer,2019-05-24,Gregory Braun,"Martin Rodriguez, Richardson and",UnitedHealthcare,11162.425018145968,Emergency,2019-06-17,Aspirin,Normal,24,2019,5
84,Female,O-,Obesity,2021-05-31,Todd Evans,"and Gray Smith, Jennings",UnitedHealthcare,1990.269053330718,Urgent,2021-06-03,Lipitor,Normal,3,2021,5
67,Female,B+,Obesity,2019-07-02,Donald Hebert,"and Reynolds Moore Martin,",Medicare,32363.644181923733,Elective,2019-07-13,Penicillin,Inconclusive,11,2019,7
55,Female,B-,Cancer,2022-12-01,Erik Santos,Inc Wyatt,Blue Cross,7949.353564297848,Emergency,2022-12-03,Ibuprofen,Inconclusive,2,2022,12
84,Female,B+,Obesity,2019-06-26,Diana Lee,"Potts, Salas Fletcher and",Blue Cross,36760.48328707943,Elective,2019-06-30,Lipitor,Abnormal,4,2019,6
28,Male,A+,Obesity,2023-02-19,Cory Mitchell,Carr Group,Cigna,24416.37602370568,Emergency,2023-03-13,Paracetamol,Normal,22,2023,2
57,Female,A-,Diabetes,2020-06-03,Michelle Moses,Osborne-Hayes,Aetna,25821.2648829931,Elective,2020-06-11,Paracetamol,Abnormal,8,2020,6
55,Male,O+,Diabetes,2021-05-06,Jennifer Herman,Sullivan-Thomas,Cigna,29427.514122194745,Urgent,2021-05-14,Lipitor,Normal,8,2021,5
22,Female,B-,Hypertension,2020-11-22,Danielle Jennings,Group Graves,Blue Cross,13763.98316266533,Elective,2020-11-27,Lipitor,Normal,5,2020,11
46,Female,AB+,Hypertension,2021-02-14,Matthew Calhoun,Inc Gonzales,UnitedHealthcare,36135.2305141002,Elective,2021-03-02,Paracetamol,Normal,16,2021,2
55,Male,AB-,Diabetes,2022-08-12,Marcus Green,Roberts-Brock,Aetna,1933.2379431159584,Elective,2022-08-16,Aspirin,Normal,4,2022,8
51,Female,B+,Asthma,2023-02-06,Kelly Warren,PLC Johnson,Medicare,48723.7084781196,Emergency,2023-03-02,Penicillin,Abnormal,24,2023,2
80,Female,B+,Arthritis,2021-08-04,Jennifer Smith,"and Gill, King Osborn",Cigna,37114.411679851175,Urgent,2021-08-30,Paracetamol,Normal,26,2021,8
67,Female,A+,Asthma,2023-01-20,Shelia Burns,"and Johnson, Carter Johnston",Aetna,19190.264994607627,Elective,2023-02-02,Ibuprofen,Abnormal,13,2023,1
21,Female,O-,Arthritis,2021-03-12,Gina Jackson,"Deleon Oneal, Moore and",Cigna,42247.34251846451,Urgent,2021-04-11,Penicillin,Inconclusive,30,2021,3
71,Male,O-,Arthritis,2022-02-12,Jason Jackson,Scott-Stewart,Cigna,12068.760347384245,Emergency,2022-02-25,Ibuprofen,Abnormal,13,2022,2
54,Female,A+,Hypertension,2022-06-16,Steven Burgess,Santos-Harris,UnitedHealthcare,33834.659421882454,Emergency,2022-07-02,Ibuprofen,Inconclusive,16,2022,6
85,Female,AB+,Hypertension,2019-12-27,Kenneth Simmons,Brown PLC,Cigna,13924.723861179851,Elective,2020-01-23,Lipitor,Normal,27,2019,12
73,Male,A-,Arthritis,2022-01-20,Melinda Valencia,Benson-Cunningham,Medicare,37323.43729191787,Elective,2022-02-02,Lipitor,Abnormal,13,2022,1
21,Male,A+,Cancer,2022-09-12,Anita Ramos,"and Walker, Li Gomez",Cigna,32540.974151232745,Emergency,2022-09-19,Ibuprofen,Abnormal,7,2022,9
41,Male,AB+,Hypertension,2020-12-17,Brian Wright,Moore-Arias,Blue Cross,1538.3943165504872,Emergency,2020-12-20,Lipitor,Normal,3,2020,12
63,Male,A+,Obesity,2022-01-10,Alvin Guzman,Cunningham Group,Cigna,33449.559001325666,Elective,2022-01-12,Aspirin,Normal,2,2022,1
21,Female,B-,Asthma,2024-01-15,Ricky Nguyen,"Pineda Rhodes, and Luna",Blue Cross,18187.7716573724,Emergency,2024-02-06,Ibuprofen,Inconclusive,22,2024,1
70,Male,A+,Hypertension,2021-12-09,Nicole Weaver,"Pearson, Carroll and Lane",Medicare,943.1165334604408,Elective,2022-01-08,Lipitor,Abnormal,30,2021,12
49,Male,AB-,Obesity,2019-08-05,John Whitney,Gonzalez-Keith,Cigna,45777.43650158128,Elective,2019-08-08,Penicillin,Normal,3,2019,8
60,Female,AB-,Cancer,2021-02-17,Emma Yang,Perez-Henderson,Cigna,20840.24291791004,Urgent,2021-03-14,Lipitor,Inconclusive,25,2021,2
29,Male,O+,Diabetes,2019-05-29,Sierra Kerr,Davis-Smith,Aetna,38625.54342593186,Urgent,2019-06-26,Penicillin,Normal,28,2019,5
46,Male,A+,Cancer,2019-08-28,James Austin,Henderson Inc,UnitedHealthcare,7837.564862864802,Elective,2019-09-20,Penicillin,Normal,23,2019,8
55,Male,AB-,Arthritis,2023-03-15,Jennifer Snyder,"Williams, and Diaz Campbell",UnitedHealthcare,30299.196794971584,Emergency,2023-03-21,Paracetamol,Normal,6,2023,3
62,Male,AB+,Obesity,2023-02-05,Casey Baker,"Finley Salinas, Jones and",Blue Cross,13795.00467692272,Urgent,2023-02-23,Paracetamol,Inconclusive,18,2023,2
71,Female,O+,Hypertension,2024-01-24,Joshua Vargas,"Baker and Barber Baxter,",Blue Cross,15645.72078278906,Elective,2024-02-11,Paracetamol,Abnormal,18,2024,1
18,Female,A-,Cancer,2021-01-02,Calvin Evans,Ltd Marquez,Cigna,47559.87976304289,Elective,2021-01-10,Lipitor,Inconclusive,8,2021,1
23,Male,AB-,Obesity,2019-07-12,Olivia Morales,Stuart Inc,UnitedHealthcare,33991.20175540486,Urgent,2019-07-25,Paracetamol,Normal,13,2019,7
38,Male,O+,Hypertension,2019-09-27,Jessica Leblanc,Ltd Dixon,Medicare,48437.879591428486,Urgent,2019-09-30,Ibuprofen,Inconclusive,3,2019,9
30,Male,B+,Obesity,2019-06-18,Kimberly Vargas,PLC Harris,Medicare,20070.139478031084,Urgent,2019-07-16,Lipitor,Abnormal,28,2019,6
39,Male,A-,Diabetes,2022-04-22,Lucas Woods,Carpenter-Chen,Blue Cross,39180.2990948298,Elective,2022-05-08,Ibuprofen,Inconclusive,16,2022,4
55,Female,AB-,Arthritis,2020-05-31,Samantha Contreras,Ltd Wilkinson,Cigna,25474.501254573093,Urgent,2020-06-18,Paracetamol,Abnormal,18,2020,5
38,Male,O-,Asthma,2021-12-15,Ashley Steele,Miles-Sanchez,UnitedHealthcare,18510.33014774858,Elective,2022-01-13,Lipitor,Normal,29,2021,12
48,Female,B+,Diabetes,2021-03-17,Richard Stokes,Collins Sons and,Medicare,11884.327927805494,Elective,2021-04-13,Paracetamol,Normal,27,2021,3
26,Female,B+,Asthma,2023-10-05,Paula Herrera,Massey Inc,Cigna,3573.0164287635776,Emergency,2023-10-18,Aspirin,Normal,13,2023,10
68,Female,O+,Obesity,2022-11-15,Donald Nguyen,"Baker and Thompson, Johnson",Blue Cross,4084.515472447586,Elective,2022-12-14,Lipitor,Inconclusive,29,2022,11
60,Female,A+,Obesity,2021-12-23,Jonathon Galvan,Group Robbins,Cigna,10649.328407821991,Urgent,2021-12-30,Penicillin,Inconclusive,7,2021,12
72,Female,B+,Diabetes,2020-02-10,Joan Mccarty,White-Stone,Medicare,28756.22809706306,Elective,2020-02-16,Aspirin,Abnormal,6,2020,2
23,Female,O+,Cancer,2021-06-11,Jason Stokes,Caldwell Group,Blue Cross,26424.348121928542,Urgent,2021-06-17,Lipitor,Normal,6,2021,6
55,Male,AB+,Arthritis,2022-03-05,Ronald Stafford,Brown-Thompson,Cigna,34602.10194438856,Elective,2022-03-14,Paracetamol,Normal,9,2022,3
59,Male,AB+,Diabetes,2023-11-22,Rebecca Davis,Sons and Morton,Aetna,6216.406228485148,Emergency,2023-11-23,Paracetamol,Inconclusive,1,2023,11
83,Male,O-,Obesity,2021-01-08,Kathleen Wheeler,and Johnson Sons,Medicare,34770.7479610311,Urgent,2021-02-06,Aspirin,Normal,29,2021,1
36,Female,A+,Arthritis,2023-07-31,Clifford Wilson,Travis Inc,Cigna,27378.987914443074,Elective,2023-08-15,Lipitor,Inconclusive,15,2023,7
51,Male,A-,Arthritis,2019-08-10,Ryan Patterson,Brooks LLC,UnitedHealthcare,12297.02569724282,Emergency,2019-08-14,Paracetamol,Abnormal,4,2019,8
59,Male,B+,Asthma,2020-02-24,Kathryn Wong,"Nguyen, Simmons and Johnson",UnitedHealthcare,43863.48440825433,Elective,2020-03-22,Paracetamol,Normal,27,2020,2
64,Female,AB+,Arthritis,2021-06-25,Amy Perry,"Buck and Delgado, Rich",Blue Cross,21690.797971472864,Emergency,2021-07-16,Lipitor,Abnormal,21,2021,6
38,Male,B-,Obesity,2022-04-10,Joe Hicks,Snyder Ltd,Medicare,41134.78762471197,Emergency,2022-04-28,Paracetamol,Abnormal,18,2022,4
25,Female,B+,Obesity,2020-01-26,Aaron Johnson,"Patton and Mclaughlin, Barr",UnitedHealthcare,4980.3874753985365,Emergency,2020-02-19,Paracetamol,Normal,24,2020,1
52,Male,AB+,Diabetes,2021-06-26,Margaret Massey,Olson LLC,Cigna,4152.864723891591,Emergency,2021-06-27,Penicillin,Normal,1,2021,6
80,Female,A-,Obesity,2022-03-21,Pamela Miller,"Foley, Williams Gonzales and",Blue Cross,26459.13383033267,Emergency,2022-03-30,Penicillin,Normal,9,2022,3
34,Female,A+,Cancer,2022-11-01,Christopher King,Melton Ltd,Blue Cross,22549.379635232952,Emergency,2022-11-18,Penicillin,Normal,17,2022,11
32,Female,B+,Obesity,2022-10-11,Debbie Peters,Baker PLC,Cigna,45870.5601933495,Urgent,2022-11-06,Penicillin,Abnormal,26,2022,10
42,Female,B+,Obesity,2019-06-13,William Paul,Oconnor and Sons,Blue Cross,43131.25217757312,Elective,2019-07-12,Penicillin,Inconclusive,29,2019,6
37,Female,O-,Arthritis,2020-09-13,Dustin Russell,"Schmitt and Montgomery, Barber",Blue Cross,16828.05197382164,Urgent,2020-10-13,Paracetamol,Inconclusive,30,2020,9
20,Male,O-,Cancer,2022-05-26,Mr. Jimmy Gonzales,"and Miller Montoya, Small",Aetna,38270.2696745062,Urgent,2022-06-25,Penicillin,Abnormal,30,2022,5
26,Female,A+,Cancer,2021-07-07,Nicole Johnson,"Travis Graham and Whitehead,",Aetna,40078.82104927151,Urgent,2021-07-17,Paracetamol,Inconclusive,10,2021,7
21,Female,B+,Diabetes,2023-12-21,Michael Mcdaniel,Thomas Ltd,UnitedHealthcare,22757.587181993487,Emergency,2024-01-11,Ibuprofen,Abnormal,21,2023,12
56,Female,O+,Arthritis,2021-01-30,John Dixon,LLC Allen,Medicare,9028.983609814934,Emergency,2021-02-26,Aspirin,Abnormal,27,2021,1
20,Male,O+,Diabetes,2022-07-06,James Murphy,King Group,Medicare,23436.74159303158,Urgent,2022-07-11,Aspirin,Inconclusive,5,2022,7
32,Male,AB-,Arthritis,2022-10-12,Jason Hernandez,Lamb-Hansen,Cigna,45177.87574226839,Urgent,2022-11-11,Lipitor,Abnormal,30,2022,10
47,Female,B+,Arthritis,2023-04-26,Lisa Thompson,PLC Haney,Medicare,17353.787810702008,Elective,2023-05-16,Penicillin,Abnormal,20,2023,4
47,Female,B-,Cancer,2020-02-06,Tanya Gutierrez,Moss-Jones,Medicare,16670.012562658787,Urgent,2020-02-14,Aspirin,Normal,8,2020,2
79,Female,AB-,Obesity,2019-09-21,Christopher Stevens,"Meyer Bishop and Wallace,",Aetna,22059.3597629793,Urgent,2019-10-06,Ibuprofen,Inconclusive,15,2019,9
48,Female,B+,Cancer,2020-03-11,Anne Alvarez,Black and Sons,Aetna,34934.93537978995,Emergency,2020-03-14,Paracetamol,Abnormal,3,2020,3
44,Male,B+,Cancer,2022-04-30,Sonya Fletcher,Davis-Bell,Medicare,45625.23810873334,Urgent,2022-05-12,Ibuprofen,Inconclusive,12,2022,4
42,Male,AB-,Arthritis,2020-04-09,Donald Maynard,"Hill, Murphy and Stewart",Blue Cross,11641.62885015552,Emergency,2020-04-11,Penicillin,Inconclusive,2,2020,4
78,Female,A+,Diabetes,2020-10-05,Jessica Byrd,"Bryant and Thomas, Smith",Aetna,16267.126606894102,Elective,2020-10-14,Paracetamol,Normal,9,2020,10
39,Female,O+,Asthma,2019-12-28,George Thompson,Sons and Dawson,Aetna,48038.21696757717,Elective,2020-01-05,Aspirin,Normal,8,2019,12
67,Female,AB-,Asthma,2023-09-05,Lisa Small,"Paul Watts and Perkins,",Blue Cross,33118.52901962596,Emergency,2023-09-14,Paracetamol,Inconclusive,9,2023,9
40,Female,AB-,Obesity,2022-08-12,Tonya Dodson,Williams-Gordon,Blue Cross,28087.59444050765,Urgent,2022-09-01,Paracetamol,Normal,20,2022,8
30,Female,AB-,Diabetes,2024-02-17,William Scott,"and Chapman Payne, Werner",Medicare,42500.59066977505,Emergency,2024-02-18,Penicillin,Abnormal,1,2024,2
69,Female,B+,Asthma,2019-05-21,Robert Evans,"Thomas, Green and Barron",Cigna,47980.91717403504,Urgent,2019-06-18,Ibuprofen,Inconclusive,28,2019,5
29,Female,A-,Arthritis,2019-11-30,Francis Stout,Lambert-Brandt,UnitedHealthcare,27191.41890622795,Emergency,2019-12-22,Penicillin,Normal,22,2019,11
82,Male,B-,Diabetes,2023-01-29,Jasmine Jimenez,Group Sparks,Medicare,11425.888500241705,Elective,2023-02-04,Penicillin,Inconclusive,6,2023,1
56,Male,A-,Cancer,2019-06-21,Robert Martinez,Inc Swanson,Blue Cross,30414.766328011745,Urgent,2019-07-11,Ibuprofen,Abnormal,20,2019,6
84,Male,B-,Asthma,2023-06-17,Nathaniel Williams,"Mclaughlin, and Tucker Francis",Aetna,7566.859306761831,Urgent,2023-07-17,Penicillin,Normal,30,2023,6
43,Female,B-,Obesity,2022-07-24,Michelle Shepard,Inc Copeland,UnitedHealthcare,34815.75496859786,Emergency,2022-07-28,Aspirin,Normal,4,2022,7
79,Female,AB-,Arthritis,2022-01-28,Andrea Mitchell,Ltd Smith,Medicare,18609.8981700976,Elective,2022-02-18,Lipitor,Inconclusive,21,2022,1
22,Female,B+,Arthritis,2022-07-31,Marie Glass,Brown LLC,UnitedHealthcare,25233.892403363607,Elective,2022-08-28,Lipitor,Inconclusive,28,2022,7
73,Male,B+,Cancer,2023-05-05,Ryan Fisher,"Hodges Brown, Munoz and",Blue Cross,12339.958608754505,Elective,2023-05-28,Aspirin,Inconclusive,23,2023,5
84,Male,A-,Asthma,2020-08-31,Heather Petty,Robinson-Ritter,Cigna,38440.92706817124,Urgent,2020-09-28,Lipitor,Inconclusive,28,2020,8
49,Male,A-,Obesity,2022-05-13,Nicole Stevenson,"Green, Howell and Jordan",Aetna,7147.96620249127,Emergency,2022-06-05,Paracetamol,Normal,23,2022,5
54,Male,AB+,Cancer,2019-12-04,Monica Costa,PLC Garcia,Aetna,24755.026431309223,Emergency,2019-12-30,Paracetamol,Inconclusive,26,2019,12
59,Male,B-,Cancer,2023-04-06,Joseph Copeland,"Fox, and Lucas Cain",Medicare,39553.11649082513,Emergency,2023-04-21,Aspirin,Abnormal,15,2023,4
55,Male,B+,Hypertension,2022-10-08,Daniel Mayer,and Lee Sons,Medicare,48590.77273203682,Urgent,2022-11-06,Penicillin,Inconclusive,29,2022,10
27,Male,A-,Asthma,2023-07-22,Christian Allen,Petty-Lloyd,Medicare,32806.48773568757,Elective,2023-08-11,Paracetamol,Normal,20,2023,7
38,Male,O+,Cancer,2021-10-19,Amy Gonzales,Kelly PLC,Aetna,18647.82143555769,Urgent,2021-11-01,Penicillin,Normal,13,2021,10
55,Female,B+,Arthritis,2021-12-05,Tracy Sandoval,Conley-Wood,UnitedHealthcare,50378.30056216691,Emergency,2021-12-11,Ibuprofen,Normal,6,2021,12
46,Male,A-,Diabetes,2023-09-24,Daniel James,Choi PLC,Medicare,31263.32985189781,Emergency,2023-10-06,Ibuprofen,Normal,12,2023,9
40,Female,A+,Hypertension,2021-12-03,Kerry Johnson,Yu-Bryant,Aetna,14273.011155137356,Urgent,2021-12-14,Lipitor,Inconclusive,11,2021,12
21,Male,A+,Arthritis,2020-02-06,Brian Strong,LLC Chavez,UnitedHealthcare,20549.259065716866,Elective,2020-02-16,Aspirin,Inconclusive,10,2020,2
81,Male,O-,Hypertension,2023-07-30,Christopher Barnes,"Mills and Young, Perry",Cigna,48799.38533434022,Emergency,2023-08-11,Paracetamol,Inconclusive,12,2023,7
40,Female,O-,Hypertension,2020-03-25,Adam Gray,Sims-Castro,Cigna,16572.900300740876,Emergency,2020-04-07,Aspirin,Inconclusive,13,2020,3
60,Male,O-,Arthritis,2021-02-25,Michael Thomas,Gonzalez LLC,Medicare,4224.218449943404,Urgent,2021-03-15,Paracetamol,Normal,18,2021,2
58,Female,B+,Hypertension,2020-10-25,Reginald Williams,"Hall and Montgomery King,",Blue Cross,39053.04522697317,Elective,2020-11-14,Paracetamol,Abnormal,20,2020,10
54,Male,A+,Asthma,2021-08-07,Ryan Tran,Ingram-Collins,Aetna,35554.17154716299,Elective,2021-08-26,Lipitor,Abnormal,19,2021,8
60,Male,A+,Diabetes,2023-01-21,Lauren Hines,Watkins Group,Aetna,7613.45093953904,Urgent,2023-02-07,Penicillin,Normal,17,2023,1
52,Female,O+,Diabetes,2023-07-30,Jerry Farley,Group Smith,Blue Cross,18798.11529822221,Urgent,2023-08-23,Penicillin,Normal,24,2023,7
49,Male,A+,Obesity,2023-09-25,Cameron Smith,Carpenter PLC,Blue Cross,35740.550318580244,Elective,2023-10-04,Ibuprofen,Abnormal,9,2023,9
38,Male,B+,Diabetes,2020-03-29,Kelly Spencer,Sons and Davis,Aetna,15415.388076327,Emergency,2020-04-19,Aspirin,Abnormal,21,2020,3
55,Female,B+,Diabetes,2023-08-10,Michael Russell,"Ellis, and Smith Black",UnitedHealthcare,18628.701838647696,Emergency,2023-08-30,Aspirin,Normal,20,2023,8
59,Female,B-,Cancer,2023-06-04,Stephen Davis,Aguilar-Moreno,Medicare,30451.23586420147,Urgent,2023-06-20,Lipitor,Abnormal,16,2023,6
72,Female,O-,Obesity,2021-03-26,Joseph Lee,Inc Howard,Blue Cross,5471.729816722896,Emergency,2021-04-25,Lipitor,Inconclusive,30,2021,3
55,Female,B+,Arthritis,2020-11-15,Krista Hess,Goodwin-Lawrence,Medicare,22348.10709701824,Emergency,2020-12-06,Penicillin,Inconclusive,21,2020,11
85,Male,B-,Arthritis,2019-05-12,Eddie Williams,PLC Hoffman,Blue Cross,36307.54117733637,Urgent,2019-05-16,Lipitor,Inconclusive,4,2019,5
18,Female,AB-,Arthritis,2019-05-20,Ellen Brown,Acosta Group,Cigna,37941.37825197917,Urgent,2019-06-15,Aspirin,Abnormal,26,2019,5
58,Female,A-,Cancer,2024-01-03,Stefanie Martinez,"Murray, Gilbert and Crawford",Medicare,15648.78727636144,Elective,2024-01-26,Aspirin,Abnormal,23,2024,1
76,Male,B+,Arthritis,2020-05-17,Lauren Stevens,Group Blake,Aetna,14572.19983645738,Emergency,2020-05-23,Penicillin,Normal,6,2020,5
82,Female,O+,Hypertension,2022-10-03,Jacob Soto,"Price, Neal and Mcpherson",Cigna,35789.994594515745,Elective,2022-10-31,Penicillin,Inconclusive,28,2022,10
66,Female,O-,Asthma,2020-09-24,Lisa Carrillo,Group Davis,Cigna,26911.222987495697,Elective,2020-09-26,Paracetamol,Normal,2,2020,9
84,Female,B-,Diabetes,2019-10-12,Heather Santiago,"Sellers and Nelson, Anderson",Blue Cross,37571.37570058234,Urgent,2019-10-31,Penicillin,Normal,19,2019,10
62,Male,A+,Obesity,2022-03-11,Janet Holt,Gordon-Foster,Blue Cross,17370.825947033292,Urgent,2022-03-28,Penicillin,Normal,17,2022,3
38,Male,AB-,Obesity,2021-11-03,Danielle Turner,Boyd Ltd,Cigna,35489.45860376046,Elective,2021-12-03,Penicillin,Normal,30,2021,11
70,Male,A+,Obesity,2023-01-21,Amanda Grant,Cole Inc,UnitedHealthcare,47443.611360791605,Emergency,2023-02-14,Aspirin,Abnormal,24,2023,1
63,Male,B-,Obesity,2020-02-14,Jeffrey Wilkinson,Matthews Group,UnitedHealthcare,49376.063531636064,Elective,2020-03-02,Aspirin,Inconclusive,17,2020,2
27,Female,AB-,Asthma,2023-08-17,Dr. Michael Peters,PLC Clarke,Medicare,27601.54940154402,Urgent,2023-08-19,Penicillin,Normal,2,2023,8
29,Female,O+,Hypertension,2020-08-30,Christopher Griffin,Graham-Smith,Medicare,20455.45828857819,Elective,2020-09-01,Lipitor,Abnormal,2,2020,8
65,Female,A+,Obesity,2020-05-06,Daniel Lucero,Reynolds and Sons,Aetna,11492.788392210412,Emergency,2020-05-15,Lipitor,Inconclusive,9,2020,5
26,Female,B+,Hypertension,2024-03-25,Eileen Sanchez,Adams-Kim,UnitedHealthcare,46094.97543990929,Elective,2024-03-30,Penicillin,Abnormal,5,2024,3
53,Male,B-,Cancer,2020-11-08,Mitchell Kerr,Sons and Good,Blue Cross,17616.100835637895,Elective,2020-11-16,Paracetamol,Normal,8,2020,11
46,Female,A-,Cancer,2019-09-09,Amanda Simmons,"Howell, Young Potts and",Medicare,46961.57543956395,Urgent,2019-09-23,Paracetamol,Normal,14,2019,9
25,Male,B+,Asthma,2019-05-29,Thomas Jenkins,"Martinez, Reed Watts and",Medicare,21951.536382917733,Emergency,2019-06-27,Ibuprofen,Abnormal,29,2019,5
18,Male,A+,Cancer,2021-02-22,David Chan,LLC Massey,Medicare,29003.535347504865,Elective,2021-03-16,Ibuprofen,Inconclusive,22,2021,2
67,Female,B-,Obesity,2021-05-01,Bruce Moss,Lewis-Fletcher,UnitedHealthcare,18561.27057810969,Emergency,2021-05-26,Ibuprofen,Inconclusive,25,2021,5
25,Female,B-,Cancer,2022-05-04,Jamie Williamson,"and Harmon Brown, Cabrera",Medicare,50081.1319035216,Elective,2022-05-17,Ibuprofen,Normal,13,2022,5
24,Male,AB+,Obesity,2023-06-27,Crystal Schwartz,Wagner LLC,Cigna,39018.76747334285,Emergency,2023-07-09,Ibuprofen,Abnormal,12,2023,6
47,Male,AB+,Hypertension,2023-05-05,Sarah Stafford,Inc Johnson,Cigna,20071.999220817248,Urgent,2023-05-18,Penicillin,Inconclusive,13,2023,5
69,Male,A-,Asthma,2019-09-22,Anthony Atkins,Inc Taylor,Medicare,30828.63360838192,Emergency,2019-09-26,Lipitor,Abnormal,4,2019,9
18,Female,B-,Cancer,2023-10-22,Brenda Clements,Steele-Robinson,Cigna,47337.95534838448,Elective,2023-11-16,Paracetamol,Abnormal,25,2023,10
53,Male,A+,Hypertension,2021-09-02,Tammy Walker,"Berry and Fischer, Wells",UnitedHealthcare,45053.27038293828,Elective,2021-09-09,Paracetamol,Abnormal,7,2021,9
45,Male,O-,Obesity,2021-06-30,Brian Hicks III,Benson-Cook,Medicare,32095.92606096527,Urgent,2021-07-29,Penicillin,Inconclusive,29,2021,6
50,Female,AB-,Cancer,2024-01-28,Monica Richardson,Montes-Evans,Blue Cross,12150.467209481098,Urgent,2024-02-01,Ibuprofen,Inconclusive,4,2024,1
51,Female,AB+,Diabetes,2022-05-19,Melissa Tyler,Ortega Ltd,Medicare,43474.5187709147,Urgent,2022-05-28,Lipitor,Normal,9,2022,5
34,Male,B-,Arthritis,2022-09-21,Jessica Hoffman PhD,"and Rose Stewart, Davis",Blue Cross,10830.60838856691,Elective,2022-10-08,Paracetamol,Abnormal,17,2022,9
80,Male,B-,Arthritis,2020-12-06,Elizabeth Smith,Melendez LLC,Cigna,18251.21188415729,Elective,2020-12-11,Paracetamol,Abnormal,5,2020,12
19,Female,A-,Obesity,2023-04-07,Heidi Miller,Vazquez-Brown,Medicare,44731.27087924565,Urgent,2023-05-05,Ibuprofen,Normal,28,2023,4
49,Male,AB-,Diabetes,2022-10-30,Crystal Cortez,Warren-Bowman,Medicare,32574.83723015973,Emergency,2022-11-15,Penicillin,Normal,16,2022,10
46,Male,B+,Hypertension,2019-11-12,Anthony Sanchez,"Brown Reed Robinson, and",Cigna,19479.44701473048,Urgent,2019-12-05,Paracetamol,Abnormal,23,2019,11
63,Male,AB-,Arthritis,2020-08-23,Anna Crane,Ltd Peterson,UnitedHealthcare,44981.16665393374,Emergency,2020-09-15,Paracetamol,Abnormal,23,2020,8
75,Male,AB+,Hypertension,2021-01-11,Mark Adams,Moore-Taylor,UnitedHealthcare,20198.74273783505,Elective,2021-01-22,Lipitor,Inconclusive,11,2021,1
59,Female,A-,Cancer,2019-10-17,Daniel Molina,Stewart-Dominguez,Cigna,40055.594153053,Urgent,2019-11-08,Lipitor,Abnormal,22,2019,10
18,Male,A-,Obesity,2019-05-09,Andrea Roach,Lamb-Herrera,Cigna,8906.669679400387,Urgent,2019-06-02,Ibuprofen,Normal,24,2019,5
68,Male,AB+,Hypertension,2020-06-20,Damon Hayes,and Sons Morrison,Cigna,14590.353756495078,Urgent,2020-07-01,Penicillin,Inconclusive,11,2020,6
72,Male,O-,Cancer,2020-07-21,Vincent Bell,Ellis-Roberson,Medicare,42853.98906218331,Emergency,2020-08-18,Ibuprofen,Normal,28,2020,7
79,Female,AB-,Asthma,2019-05-22,Nicholas Obrien,"and Glover Christensen, Jackson",Cigna,41102.28023225341,Emergency,2019-06-07,Penicillin,Normal,16,2019,5
74,Male,B+,Hypertension,2019-09-15,Elijah Potts,"Alvarez Austin Snyder, and",Cigna,21513.52658434213,Emergency,2019-10-11,Lipitor,Normal,26,2019,9
56,Male,B+,Diabetes,2019-12-23,Christina Webb,Erickson-Rodriguez,Medicare,37330.16091865425,Emergency,2020-01-07,Aspirin,Abnormal,15,2019,12
80,Female,A-,Cancer,2020-07-25,Donna Dunn,"and Daniel Bryan Brown,",Blue Cross,4250.200821159205,Urgent,2020-08-11,Paracetamol,Inconclusive,17,2020,7
83,Male,AB-,Diabetes,2019-11-15,Sarah Davis,Sons and Sanchez,Medicare,22561.883669824158,Emergency,2019-12-07,Aspirin,Abnormal,22,2019,11
69,Male,B-,Diabetes,2020-09-15,Patty Day,Costa LLC,Cigna,35662.19841954475,Elective,2020-09-18,Lipitor,Abnormal,3,2020,9
84,Female,O-,Hypertension,2023-08-08,Matthew Smith,Coleman-Aguilar,Cigna,34961.90671326528,Emergency,2023-09-01,Aspirin,Normal,24,2023,8
60,Male,AB-,Asthma,2021-05-23,Christopher Prince,PLC Morrison,UnitedHealthcare,25999.13334993686,Elective,2021-06-20,Penicillin,Inconclusive,28,2021,5
49,Female,AB-,Asthma,2020-07-22,Glenda Jones,Jones-Graham,UnitedHealthcare,25594.558474902253,Urgent,2020-08-12,Ibuprofen,Normal,21,2020,7
63,Male,A+,Cancer,2022-06-01,Raymond Watson,Ltd Brown,Medicare,21380.197228861714,Elective,2022-06-21,Lipitor,Inconclusive,20,2022,6
21,Male,A-,Diabetes,2024-01-01,Dawn Herman,"Bell and Davis Ross,",Aetna,12063.94847734541,Elective,2024-01-14,Lipitor,Normal,13,2024,1
28,Female,O+,Asthma,2024-04-25,Mr. Matthew Luna,"Allen Garcia and Wolf,",Medicare,25702.29961020404,Elective,2024-05-25,Aspirin,Abnormal,30,2024,4
77,Male,O+,Asthma,2019-08-30,Derek Cruz,"Lin Chan, and Moreno",Blue Cross,35252.89352641318,Emergency,2019-09-06,Aspirin,Abnormal,7,2019,8
34,Male,A-,Cancer,2023-03-03,Daniel Padilla,"Dennis, and Hood Guerra",Medicare,11175.23087404128,Urgent,2023-03-22,Paracetamol,Normal,19,2023,3
83,Female,A-,Obesity,2020-01-16,Sydney Garcia,Inc Mercer,Medicare,42510.68779014192,Emergency,2020-02-03,Aspirin,Inconclusive,18,2020,1
33,Female,B-,Arthritis,2024-03-15,Alexander Mcintosh,Garrett PLC,UnitedHealthcare,7475.740732901861,Elective,2024-03-20,Penicillin,Abnormal,5,2024,3
39,Male,O+,Diabetes,2022-10-12,Alexandria Harris,Rollins-Garrett,Blue Cross,6117.893627627148,Elective,2022-11-06,Aspirin,Normal,25,2022,10
31,Female,B+,Hypertension,2020-03-01,Jacob Cabrera,"Medina, and Allen Wilkins",Cigna,15092.07510215156,Elective,2020-03-06,Lipitor,Abnormal,5,2020,3
75,Female,O+,Hypertension,2022-05-25,Christopher Patel,LLC Smith,Cigna,13354.514225106584,Elective,2022-06-02,Ibuprofen,Abnormal,8,2022,5
44,Male,O-,Hypertension,2021-05-04,Matthew Brown,Martin Group,Medicare,9911.67807628763,Elective,2021-05-11,Aspirin,Abnormal,7,2021,5
43,Female,O+,Hypertension,2023-06-20,Alex Davis,"Hayes and Miller, Sawyer",Blue Cross,37095.5931757011,Urgent,2023-06-24,Penicillin,Normal,4,2023,6
84,Female,B+,Obesity,2020-01-09,Megan Cohen,"and Phelps Burke Fields,",UnitedHealthcare,20737.6362997102,Emergency,2020-02-06,Paracetamol,Inconclusive,28,2020,1
21,Female,AB-,Arthritis,2024-01-29,Victoria Horton,Inc Smith,UnitedHealthcare,24809.717443047342,Elective,2024-02-20,Penicillin,Abnormal,22,2024,1
49,Male,A+,Cancer,2021-10-14,Joshua Graham,"and Smith Conway, Byrd",Cigna,31511.11964572889,Elective,2021-11-01,Ibuprofen,Inconclusive,18,2021,10
50,Female,O+,Cancer,2020-01-11,Joseph Johnson,LLC Roberts,UnitedHealthcare,23498.454798372062,Elective,2020-02-10,Aspirin,Inconclusive,30,2020,1
31,Male,B+,Diabetes,2021-08-24,David Lee,Sons Gonzalez and,UnitedHealthcare,21915.77877623815,Urgent,2021-08-25,Aspirin,Abnormal,1,2021,8
40,Male,B+,Diabetes,2020-12-07,Michael Thomas,"Johnson Kirby and Richard,",UnitedHealthcare,7868.688582267521,Urgent,2020-12-10,Paracetamol,Inconclusive,3,2020,12
68,Female,O+,Diabetes,2021-12-13,Wesley Mclaughlin,LLC Ware,Medicare,21747.82980135548,Urgent,2022-01-01,Aspirin,Abnormal,19,2021,12
41,Female,AB-,Cancer,2024-01-03,Jenna Thomas,"Thomas and Nguyen, King",Aetna,26036.67355909808,Emergency,2024-01-16,Lipitor,Inconclusive,13,2024,1
84,Male,A-,Asthma,2019-11-29,Angela Clayton,Bruce-Thomas,Aetna,27480.23808521855,Urgent,2019-12-24,Aspirin,Normal,25,2019,11
70,Male,A-,Asthma,2019-09-08,Jose Wiggins,"Baldwin, and Roberts Ray",Cigna,31266.835302199484,Urgent,2019-09-23,Ibuprofen,Normal,15,2019,9
30,Female,O+,Arthritis,2021-01-12,Lisa Hart,Horton-Hines,Aetna,36081.22097955386,Elective,2021-02-04,Ibuprofen,Abnormal,23,2021,1
57,Male,O+,Obesity,2020-10-09,Jay Wagner,"and Lewis, Hardy Cooper",Cigna,24346.519426503222,Urgent,2020-11-07,Penicillin,Normal,29,2020,10
63,Male,B-,Cancer,2023-09-24,Justin Joyce,Moore Group,Medicare,4022.198689280206,Elective,2023-10-10,Aspirin,Normal,16,2023,9
55,Male,A+,Hypertension,2022-10-04,Nicole Craig,Nelson-Hawkins,Medicare,31632.73898112912,Urgent,2022-10-11,Ibuprofen,Normal,7,2022,10
30,Female,A+,Asthma,2019-06-24,Taylor Gregory,LLC Martinez,Aetna,29806.71822069577,Elective,2019-06-25,Paracetamol,Normal,1,2019,6
45,Male,O-,Arthritis,2022-03-22,Mark Potts,Ross LLC,Cigna,5956.234237607573,Urgent,2022-04-01,Penicillin,Normal,10,2022,3
75,Female,B+,Cancer,2023-04-30,Raven Turner,Graves LLC,Aetna,1493.077679133391,Emergency,2023-05-30,Ibuprofen,Normal,30,2023,4
42,Female,A+,Cancer,2024-02-06,Jeremy Johnson,"Cowan Cardenas Allen, and",UnitedHealthcare,6257.128987997334,Elective,2024-02-27,Ibuprofen,Abnormal,21,2024,2
82,Male,A+,Arthritis,2024-04-09,Lisa Adams,PLC Mann,Aetna,32968.23319367642,Emergency,2024-05-01,Aspirin,Normal,22,2024,4
18,Female,A-,Arthritis,2021-12-01,Paul Hale,Inc Lopez,Medicare,35732.345352525204,Urgent,2021-12-18,Penicillin,Abnormal,17,2021,12
58,Female,AB-,Arthritis,2020-10-03,Laura Morrow,LLC Gonzalez,Medicare,13975.26995660279,Urgent,2020-10-30,Ibuprofen,Normal,27,2020,10
69,Female,B-,Asthma,2023-01-06,Angela Brown,Lee-White,Aetna,14108.662397606497,Elective,2023-01-07,Aspirin,Inconclusive,1,2023,1
69,Female,A-,Arthritis,2022-02-25,Amber Martinez,Rodriguez-Beck,Blue Cross,44253.7198548824,Urgent,2022-02-26,Paracetamol,Normal,1,2022,2
47,Male,AB+,Diabetes,2019-09-19,George Gilbert,King-Garza,Cigna,23136.667398154703,Emergency,2019-10-01,Penicillin,Normal,12,2019,9
35,Male,AB+,Diabetes,2020-05-13,Amy Murillo,"and Nelson Blake, Gutierrez",Cigna,38101.625596836326,Elective,2020-05-25,Lipitor,Abnormal,12,2020,5
44,Male,O-,Hypertension,2019-06-14,Richard Martin,Willis-Dixon,Cigna,24947.58793761651,Elective,2019-07-07,Aspirin,Abnormal,23,2019,6
76,Male,AB-,Diabetes,2021-04-29,Nicole Cunningham,"Arnold, Steele Scott and",UnitedHealthcare,9632.876199406164,Urgent,2021-05-16,Lipitor,Inconclusive,17,2021,4
23,Female,O+,Diabetes,2023-11-07,Michael Owens,Sharp-Greer,Medicare,11209.41585347773,Emergency,2023-12-05,Lipitor,Abnormal,28,2023,11
82,Female,A-,Diabetes,2020-05-13,Sharon Jones,"Jones, Valentine Pacheco and",Aetna,15850.205242730506,Urgent,2020-06-07,Aspirin,Abnormal,25,2020,5
37,Male,AB-,Obesity,2020-07-14,Christopher Burke,Burns LLC,Medicare,28367.19224889589,Urgent,2020-07-23,Lipitor,Abnormal,9,2020,7
79,Female,A+,Diabetes,2021-10-12,Brianna Powers,"Floyd and Williams Stephenson,",UnitedHealthcare,49784.88625341037,Elective,2021-10-13,Penicillin,Inconclusive,1,2021,10
61,Female,AB-,Obesity,2020-10-23,Mr. Brendan Young,"Smith, Singh and Gonzales",Aetna,16155.880129231484,Emergency,2020-11-15,Ibuprofen,Inconclusive,23,2020,10
48,Male,O-,Hypertension,2024-03-03,Pedro Stewart,Smith-Smith,Cigna,5352.549488031164,Urgent,2024-03-27,Ibuprofen,Abnormal,24,2024,3
70,Female,A-,Arthritis,2020-03-11,Shelley Miller,"Jenkins, Jenkins and Patterson",Aetna,44693.69113840874,Elective,2020-04-07,Paracetamol,Abnormal,27,2020,3
37,Female,O+,Diabetes,2023-08-29,Christopher Harris,"Duran Mendoza and Scott,",Medicare,8656.283523875452,Emergency,2023-09-08,Penicillin,Normal,10,2023,8
40,Male,AB-,Obesity,2020-06-17,Kenneth Brown,Frye Group,Aetna,27009.21240921247,Emergency,2020-07-05,Paracetamol,Normal,18,2020,6
39,Female,AB+,Diabetes,2023-02-26,Travis Johnson,Harding-Adams,Medicare,24977.267277168863,Urgent,2023-03-28,Lipitor,Inconclusive,30,2023,2
76,Male,A+,Arthritis,2021-02-08,Michael Mcdowell,Lopez Group,Cigna,12282.279457810402,Urgent,2021-02-12,Aspirin,Abnormal,4,2021,2
74,Male,B+,Cancer,2022-01-08,Kathy Murray,Powell Inc,Blue Cross,12989.24509987359,Emergency,2022-01-26,Aspirin,Normal,18,2022,1
65,Male,B-,Cancer,2023-02-10,Alexander Williams,Duran-Scott,Blue Cross,22805.148245283897,Urgent,2023-03-10,Lipitor,Abnormal,28,2023,2
44,Female,AB-,Diabetes,2020-09-03,Rachel Duran,LLC Fletcher,Medicare,8194.526805195032,Emergency,2020-09-24,Penicillin,Abnormal,21,2020,9
80,Female,B-,Hypertension,2019-05-14,Alexandra Howard,Smith-Hicks,Cigna,39605.89074078776,Emergency,2019-05-15,Penicillin,Normal,1,2019,5
48,Male,A+,Asthma,2023-06-02,Denise Rivera,LLC Dickerson,Medicare,50838.48295563596,Elective,2023-06-27,Lipitor,Abnormal,25,2023,6
76,Male,AB-,Hypertension,2023-02-01,Matthew Lopez,Guerrero Group,Aetna,34020.24959386381,Urgent,2023-02-28,Ibuprofen,Abnormal,27,2023,2
65,Female,AB-,Hypertension,2022-10-06,Jason Williams,"and Gardner Torres, Rosario",UnitedHealthcare,43940.13607357425,Emergency,2022-10-23,Penicillin,Abnormal,17,2022,10
52,Male,B+,Diabetes,2024-04-30,Thomas Schwartz,Wilson Sons and,Blue Cross,6789.917912056688,Urgent,2024-05-19,Paracetamol,Abnormal,19,2024,4
19,Male,A-,Arthritis,2020-05-15,Thomas Newton,PLC Rivera,Medicare,12073.328740080584,Elective,2020-05-21,Paracetamol,Abnormal,6,2020,5
26,Male,A-,Diabetes,2024-04-17,Pamela Harris,PLC Holmes,UnitedHealthcare,29283.60402744048,Emergency,2024-04-22,Ibuprofen,Normal,5,2024,4
31,Female,O-,Obesity,2019-09-17,Sherri Hill,"Taylor Mcintosh and Ross,",Medicare,14265.93681336909,Emergency,2019-10-17,Aspirin,Abnormal,30,2019,9
84,Male,A+,Hypertension,2019-06-16,Joseph Cole,Anderson-Miller,Blue Cross,25664.352537981984,Emergency,2019-06-30,Lipitor,Inconclusive,14,2019,6
54,Male,A+,Asthma,2021-05-04,Michelle Wheeler,Martin-Terry,Aetna,29245.254604923004,Emergency,2021-05-15,Penicillin,Inconclusive,11,2021,5
84,Female,B-,Cancer,2022-01-06,Amy Kennedy,Inc Meyer,Aetna,24557.935399688347,Urgent,2022-01-09,Aspirin,Normal,3,2022,1
82,Male,O-,Diabetes,2020-08-12,Dustin Mcdaniel,PLC Phillips,Aetna,23437.296075334325,Emergency,2020-09-07,Penicillin,Inconclusive,26,2020,8
22,Female,AB+,Hypertension,2022-09-21,Angela Melton,"Schneider and Hopkins Oconnor,",UnitedHealthcare,12074.068569831332,Urgent,2022-09-29,Ibuprofen,Abnormal,8,2022,9
76,Male,AB-,Arthritis,2022-10-04,Kathleen Davis,Bauer Inc,UnitedHealthcare,26434.271210819643,Urgent,2022-10-07,Lipitor,Normal,3,2022,10
26,Male,A-,Obesity,2023-10-23,Jennifer Bennett,Cowan Inc,UnitedHealthcare,38142.10967805347,Urgent,2023-11-18,Penicillin,Abnormal,26,2023,10
77,Male,B+,Asthma,2022-07-04,John Bush,Burns-Callahan,Medicare,3825.0925445786647,Elective,2022-07-30,Lipitor,Normal,26,2022,7
77,Female,A-,Obesity,2022-03-31,Sheila Schwartz,Moore-Smith,Cigna,28157.61794599653,Emergency,2022-04-21,Aspirin,Inconclusive,21,2022,3
43,Male,AB+,Hypertension,2020-03-03,Mrs. Stephanie Miller,"Taylor Johnson, Beasley and",Medicare,44211.016696409504,Urgent,2020-03-15,Ibuprofen,Abnormal,12,2020,3
18,Female,O+,Hypertension,2021-01-08,Mike Carter,"Young Wright Davis, and",Aetna,21072.767468832488,Elective,2021-01-28,Paracetamol,Inconclusive,20,2021,1
71,Male,B+,Diabetes,2021-08-17,Eric Haynes,"Wood and Murphy Jones,",Aetna,25100.38028154659,Emergency,2021-09-07,Ibuprofen,Normal,21,2021,8
77,Male,A-,Hypertension,2024-02-14,Victoria Cox,"Gonzalez and Stevens Ruiz,",Medicare,34006.63002182424,Urgent,2024-02-18,Paracetamol,Abnormal,4,2024,2
34,Male,AB-,Hypertension,2021-07-08,Kimberly Bernard,Willis-Mcgee,Cigna,15343.042766926075,Emergency,2021-07-21,Paracetamol,Normal,13,2021,7
63,Male,B+,Diabetes,2019-08-29,Bob Vega,Williams-Meza,Medicare,39934.841285285176,Urgent,2019-09-21,Ibuprofen,Abnormal,23,2019,8
77,Male,A+,Obesity,2023-07-20,Ryan Porter,"King Weiss, and West",Aetna,42829.63252472385,Urgent,2023-08-14,Lipitor,Abnormal,25,2023,7
70,Male,A-,Diabetes,2019-10-10,Deborah Mccarthy,Benson PLC,Blue Cross,26499.4164252388,Urgent,2019-10-27,Aspirin,Normal,17,2019,10
26,Male,O-,Hypertension,2019-11-12,Gail Armstrong,"Morgan and Wilcox Barnett,",Blue Cross,47839.77039037178,Urgent,2019-11-16,Penicillin,Normal,4,2019,11
36,Male,O+,Asthma,2020-03-09,Angela Massey,Rubio LLC,UnitedHealthcare,45412.65981318692,Emergency,2020-04-03,Paracetamol,Abnormal,25,2020,3
68,Female,A+,Hypertension,2021-08-23,Ana Thomas,"Lee Chambers, and Foley",Medicare,45476.56159213711,Emergency,2021-09-18,Penicillin,Abnormal,26,2021,8
51,Male,O+,Asthma,2023-10-10,Ian Davenport,Hurley Ltd,UnitedHealthcare,44926.673917424334,Emergency,2023-10-15,Paracetamol,Inconclusive,5,2023,10
46,Female,O-,Arthritis,2021-03-10,Michelle Clark,PLC Trujillo,Aetna,8017.510404335404,Urgent,2021-03-12,Lipitor,Abnormal,2,2021,3
58,Male,A-,Arthritis,2022-09-07,James Chen,Henson-Harmon,UnitedHealthcare,27565.26065728902,Emergency,2022-09-29,Paracetamol,Normal,22,2022,9
38,Female,AB-,Hypertension,2023-07-04,Vanessa Mclaughlin,Jacobs-Howell,Cigna,44442.61095837829,Emergency,2023-07-17,Ibuprofen,Abnormal,13,2023,7
55,Female,O+,Arthritis,2022-06-21,Allen Mcintosh,Williams PLC,Cigna,27643.32340185776,Elective,2022-06-28,Aspirin,Normal,7,2022,6
77,Male,O-,Cancer,2019-07-05,Briana Pittman,Martin PLC,Aetna,27530.229484054744,Elective,2019-07-15,Paracetamol,Inconclusive,10,2019,7
72,Female,B+,Hypertension,2020-02-10,Ronald Crawford,"Mata Norman, Holmes and",Aetna,47601.551677905685,Emergency,2020-02-14,Lipitor,Inconclusive,4,2020,2
26,Female,B+,Arthritis,2022-09-12,David Taylor,Brown LLC,Aetna,36680.2697095196,Urgent,2022-09-19,Paracetamol,Inconclusive,7,2022,9
29,Female,O-,Asthma,2021-06-14,Brandon Crawford,Ward-Crosby,Medicare,29560.986174907688,Urgent,2021-07-01,Penicillin,Normal,17,2021,6
85,Female,A-,Cancer,2021-02-09,Jordan Martinez,Wong-Booth,Blue Cross,49121.41107450952,Urgent,2021-03-09,Penicillin,Inconclusive,28,2021,2
37,Female,A+,Cancer,2023-11-16,Sara Simmons,"and Valencia Flores, Byrd",Blue Cross,35722.02234543176,Emergency,2023-12-03,Paracetamol,Inconclusive,17,2023,11
69,Female,A-,Asthma,2021-03-21,Timothy Guerra,Collins-Gutierrez,UnitedHealthcare,11202.346692134328,Elective,2021-03-25,Aspirin,Abnormal,4,2021,3
27,Male,B-,Diabetes,2021-06-23,Sara Thomas,"Cameron Black Davis, and",Medicare,31555.500568845364,Urgent,2021-07-23,Aspirin,Normal,30,2021,6
77,Male,B+,Obesity,2023-05-14,Brian Holmes,Group Rivera,Medicare,44075.25208426647,Urgent,2023-05-27,Penicillin,Abnormal,13,2023,5
55,Female,B-,Obesity,2024-02-01,Robert Wyatt,PLC Davis,UnitedHealthcare,26408.469156782223,Elective,2024-02-21,Paracetamol,Abnormal,20,2024,2
75,Male,O+,Arthritis,2023-06-20,Jacob Deleon,Ltd Taylor,Medicare,43770.11791232165,Emergency,2023-07-08,Lipitor,Abnormal,18,2023,6
74,Female,O-,Asthma,2019-12-05,Craig Hunt,"Anderson, Smith Smith and",Aetna,3353.6354188244195,Emergency,2019-12-06,Lipitor,Abnormal,1,2019,12
38,Male,B+,Asthma,2021-11-22,Wanda Sanchez,"and Walker Smith Cannon,",Aetna,34469.85259068526,Emergency,2021-12-02,Ibuprofen,Abnormal,10,2021,11
61,Male,AB-,Asthma,2023-07-29,Scott Kennedy,Williams LLC,Medicare,30304.55838229121,Emergency,2023-08-14,Ibuprofen,Normal,16,2023,7
38,Female,AB+,Obesity,2019-05-24,Cynthia Sexton,Ayers-Alvarez,Cigna,20022.79445907397,Urgent,2019-06-16,Paracetamol,Inconclusive,23,2019,5
28,Male,A+,Cancer,2020-10-27,Julian Hernandez,"Walsh Alexander, and Dennis",Aetna,19993.538493329863,Emergency,2020-11-11,Penicillin,Normal,15,2020,10
65,Male,A-,Obesity,2020-09-18,Robin Schwartz,Nelson PLC,UnitedHealthcare,29921.44306985865,Elective,2020-10-09,Ibuprofen,Normal,21,2020,9
44,Female,O-,Arthritis,2020-05-16,Luis Franklin,Group Kim,Cigna,36508.84804770986,Elective,2020-05-26,Lipitor,Normal,10,2020,5
58,Male,B-,Obesity,2020-05-15,Alejandro Pearson,Hess Sons and,Aetna,26697.1825438447,Urgent,2020-06-11,Aspirin,Abnormal,27,2020,5
38,Female,AB+,Obesity,2021-06-26,Mary Jackson,"Cardenas, and Fields Nichols",Blue Cross,4289.026756063337,Elective,2021-06-30,Ibuprofen,Inconclusive,4,2021,6
49,Female,A-,Asthma,2021-02-10,Samantha Eaton,"Fisher Kirk, and Becker",Cigna,34804.88395505898,Urgent,2021-02-16,Ibuprofen,Abnormal,6,2021,2
35,Female,A-,Obesity,2020-05-23,Brian Hobbs,Jenkins-Jackson,Cigna,2280.7449688351526,Urgent,2020-06-22,Lipitor,Abnormal,30,2020,5
45,Female,O+,Cancer,2020-09-23,Chris May,"Jackson Hammond and Garcia,",UnitedHealthcare,3290.1474014435234,Elective,2020-10-16,Ibuprofen,Normal,23,2020,9
41,Male,A-,Arthritis,2023-06-23,Mary Richardson,Inc Miller,Blue Cross,44839.30594145796,Emergency,2023-06-27,Penicillin,Abnormal,4,2023,6
77,Female,A+,Hypertension,2021-10-21,David Moore,LLC Smith,Medicare,15018.44214963639,Elective,2021-10-24,Aspirin,Abnormal,3,2021,10
66,Female,O+,Hypertension,2022-09-27,Karen Oconnor,Schroeder-Walker,Cigna,23094.17705497517,Urgent,2022-10-05,Ibuprofen,Abnormal,8,2022,9
72,Female,A+,Arthritis,2020-11-12,Tasha Meyer,"Mcguire and Wheeler, Morris",Aetna,49032.0342719359,Urgent,2020-12-09,Ibuprofen,Normal,27,2020,11
85,Female,A+,Asthma,2023-10-30,Jose Smith,Washington-Sanchez,Cigna,27783.86720534557,Urgent,2023-11-25,Penicillin,Inconclusive,26,2023,10
52,Male,A+,Diabetes,2022-01-20,Janet Elliott,Dawson-Baker,Medicare,16660.530070844536,Urgent,2022-02-15,Paracetamol,Inconclusive,26,2022,1
78,Male,B+,Cancer,2021-12-14,Paul Harding,LLC Perez,Aetna,28921.58546326287,Emergency,2022-01-05,Lipitor,Abnormal,22,2021,12
55,Female,A+,Arthritis,2022-04-13,Mr. Zachary Williams,Sons and Olson,Aetna,27100.222471486784,Elective,2022-04-22,Ibuprofen,Inconclusive,9,2022,4
19,Male,B-,Obesity,2024-03-27,Troy Williams,Bell-Thomas,Blue Cross,37309.35215875852,Emergency,2024-03-31,Penicillin,Inconclusive,4,2024,3
47,Male,A-,Cancer,2024-03-18,Dennis Cabrera,Thompson-Thomas,Cigna,23995.147396240416,Urgent,2024-03-21,Aspirin,Inconclusive,3,2024,3
41,Female,B+,Arthritis,2023-01-06,Cassidy Thompson,"Kelly Johnson, Parker and",UnitedHealthcare,43882.30153362518,Elective,2023-01-28,Aspirin,Normal,22,2023,1
36,Female,O+,Cancer,2019-09-03,Michelle Perez,"Tanner Smith Miller, and",UnitedHealthcare,21561.77238669936,Urgent,2019-09-05,Lipitor,Abnormal,2,2019,9
77,Female,O+,Asthma,2023-02-09,Joy Lewis,"Johnson and Doyle, Collins",Blue Cross,44206.13490424733,Emergency,2023-03-03,Paracetamol,Normal,22,2023,2
55,Male,B-,Hypertension,2022-03-31,Candice Cardenas,Inc Taylor,Blue Cross,17463.24240188673,Urgent,2022-04-03,Aspirin,Normal,3,2022,3
50,Female,AB-,Obesity,2019-12-15,Melanie Cook,Inc Williams,Aetna,45885.548268368206,Emergency,2020-01-05,Aspirin,Inconclusive,21,2019,12
72,Female,AB-,Arthritis,2022-03-12,Theodore Ramos,King-Henry,UnitedHealthcare,7538.411977553317,Urgent,2022-03-20,Ibuprofen,Abnormal,8,2022,3
58,Male,AB+,Diabetes,2023-03-04,Rodney Hall,"Cruz and Hahn, Gibbs",Medicare,7138.206761058356,Urgent,2023-03-14,Lipitor,Abnormal,10,2023,3
76,Male,AB-,Hypertension,2019-08-25,Sonya Miller,"and Higgins Mckay, Cruz",Blue Cross,17338.246449370265,Elective,2019-09-23,Ibuprofen,Normal,29,2019,8
50,Female,AB-,Obesity,2022-04-27,Victoria Lara,Johnson-Mitchell,Aetna,7093.997461527426,Emergency,2022-05-13,Aspirin,Normal,16,2022,4
40,Male,AB+,Diabetes,2024-01-29,Kelly Watson,"Vincent, Walker Parsons and",Blue Cross,32956.18444516275,Elective,2024-02-26,Penicillin,Inconclusive,28,2024,1
38,Male,AB+,Diabetes,2021-03-13,Kari Ramos,Collins-Mcdonald,Cigna,17765.683704862662,Urgent,2021-03-18,Penicillin,Inconclusive,5,2021,3
31,Male,AB+,Arthritis,2023-11-28,Sydney Robbins,Kelly-Tapia,UnitedHealthcare,30988.296317377502,Emergency,2023-12-07,Ibuprofen,Abnormal,9,2023,11
82,Male,AB-,Asthma,2020-05-25,Bobby Becker,Williams-Peterson,Aetna,14168.500889391682,Elective,2020-05-30,Lipitor,Inconclusive,5,2020,5
25,Female,O+,Hypertension,2022-02-01,Daniel Watkins,LLC Merritt,UnitedHealthcare,11167.109258706716,Urgent,2022-02-20,Lipitor,Normal,19,2022,2
84,Female,B+,Diabetes,2020-02-06,Karen Ramirez,Ryan-Miller,Aetna,16972.595476496856,Emergency,2020-02-08,Ibuprofen,Normal,2,2020,2
28,Male,B-,Obesity,2024-02-08,Craig Cooper,Mcintosh-Cantu,Aetna,44867.88628507936,Urgent,2024-03-08,Lipitor,Inconclusive,29,2024,2
70,Female,B+,Hypertension,2023-02-09,Erin Oconnell,PLC Hill,Medicare,7754.756924447364,Elective,2023-02-13,Lipitor,Normal,4,2023,2
63,Male,B+,Cancer,2020-12-15,Carlos Jennings,"and Perkins, Long Herring",Blue Cross,28356.685971565345,Urgent,2020-12-23,Paracetamol,Abnormal,8,2020,12
70,Female,AB+,Asthma,2024-02-29,Kimberly Freeman,"Russell, and Barnett Williams",UnitedHealthcare,12869.428491816165,Emergency,2024-03-16,Aspirin,Inconclusive,16,2024,2
66,Female,B+,Hypertension,2024-02-18,Mrs. Lisa Lucas DVM,Lambert-Richardson,Medicare,49125.37574088965,Urgent,2024-03-11,Penicillin,Inconclusive,22,2024,2
72,Female,A+,Hypertension,2023-07-02,Rachel Wallace,"Morgan, Stephenson and Frazier",Cigna,19950.75547449666,Emergency,2023-07-17,Lipitor,Inconclusive,15,2023,7
76,Female,AB+,Diabetes,2020-05-30,Laura Washington,"Taylor Reyes and Bowers,",Aetna,9747.668092827733,Urgent,2020-06-19,Ibuprofen,Inconclusive,20,2020,5
84,Male,AB-,Asthma,2021-04-16,Jamie Bright,PLC Gaines,Aetna,44452.6681089552,Emergency,2021-04-17,Paracetamol,Inconclusive,1,2021,4
53,Male,AB+,Hypertension,2021-09-16,Paul Chen,"and Neal Vargas, Welch",UnitedHealthcare,40786.35447534098,Elective,2021-10-15,Paracetamol,Abnormal,29,2021,9
31,Male,B-,Hypertension,2021-07-23,Susan Clark,Howe-Mitchell,UnitedHealthcare,28062.07813262707,Elective,2021-08-13,Ibuprofen,Abnormal,21,2021,7
67,Male,AB-,Arthritis,2021-03-12,Cheryl Maxwell,Becker LLC,Aetna,1061.078136951669,Urgent,2021-04-07,Lipitor,Abnormal,26,2021,3
56,Male,A-,Diabetes,2019-05-26,Thomas Harding,Vargas-Walker,UnitedHealthcare,13670.11031140224,Urgent,2019-06-18,Lipitor,Normal,23,2019,5
25,Male,A-,Obesity,2023-11-01,Jessica Lawrence,Henderson-Cruz,Cigna,20161.43740991048,Urgent,2023-11-19,Lipitor,Abnormal,18,2023,11
84,Female,AB+,Hypertension,2022-06-11,Jose Strickland,Holt-Hale,UnitedHealthcare,2080.2559465312115,Elective,2022-06-15,Paracetamol,Inconclusive,4,2022,6
80,Male,A-,Arthritis,2022-03-11,Lee Richard,"and Cohen Nelson, Davidson",Aetna,30322.532665874154,Urgent,2022-04-09,Paracetamol,Inconclusive,29,2022,3
41,Male,A-,Asthma,2023-04-03,Margaret Booker,Brooks PLC,Blue Cross,33256.48914417586,Elective,2023-04-16,Paracetamol,Inconclusive,13,2023,4
70,Female,A-,Obesity,2021-03-24,Jimmy Savage,and Sons Curry,Medicare,47469.17732637843,Elective,2021-04-11,Ibuprofen,Abnormal,18,2021,3
38,Female,AB+,Obesity,2021-07-09,Heather Fuller,Group Owens,Aetna,17150.1584314546,Elective,2021-07-26,Ibuprofen,Abnormal,17,2021,7
32,Female,A-,Diabetes,2020-05-22,Walter Jacobs,"Vang, and Cook Moore",Cigna,44695.261740053546,Emergency,2020-06-14,Paracetamol,Abnormal,23,2020,5
29,Male,A-,Hypertension,2022-09-19,Breanna Simmons,Sons and Lewis,Aetna,15157.877025097485,Elective,2022-10-02,Lipitor,Inconclusive,13,2022,9
77,Male,AB-,Arthritis,2023-08-12,Matthew Harrison,"Haynes Lopez and Simon,",Medicare,23545.37994067853,Urgent,2023-08-17,Lipitor,Normal,5,2023,8
56,Female,O+,Obesity,2020-08-09,Emily Molina,Walker Sons and,Medicare,17461.85469146643,Elective,2020-09-01,Aspirin,Inconclusive,23,2020,8
54,Female,O+,Arthritis,2023-06-19,Pamela Williams,"and Leon Anderson, Arnold",Cigna,21623.03531430483,Emergency,2023-07-13,Ibuprofen,Inconclusive,24,2023,6
77,Female,O+,Asthma,2019-09-03,Angela Garcia,Santana-Thomas,Cigna,2810.2626239633155,Emergency,2019-09-27,Penicillin,Inconclusive,24,2019,9
21,Female,O+,Hypertension,2022-10-16,Amy Nguyen,Hayes Ltd,Cigna,31420.52747489527,Urgent,2022-10-25,Aspirin,Abnormal,9,2022,10
36,Female,AB-,Asthma,2021-10-31,Kim Dean,Baker-Gill,Aetna,49675.00926370795,Elective,2021-11-26,Ibuprofen,Normal,26,2021,10
36,Male,B+,Diabetes,2022-08-19,Curtis Hopkins,Cook-Fischer,UnitedHealthcare,18598.20178472179,Urgent,2022-09-10,Lipitor,Normal,22,2022,8
32,Male,A-,Obesity,2023-08-09,Tara Robinson DDS,Garcia-Nichols,Cigna,22810.13596093742,Urgent,2023-09-07,Aspirin,Abnormal,29,2023,8
38,Female,O-,Asthma,2020-12-02,Kevin Green,LLC Baker,UnitedHealthcare,35251.71977154583,Emergency,2020-12-16,Penicillin,Abnormal,14,2020,12
73,Male,AB-,Cancer,2019-08-23,Dr. Jennifer Weeks,Gallegos Ltd,Medicare,39611.23921610475,Emergency,2019-09-02,Penicillin,Abnormal,10,2019,8
79,Male,AB+,Diabetes,2021-09-14,Joy Rojas,"Nash Stevenson and Martinez,",UnitedHealthcare,26350.003437665917,Emergency,2021-09-16,Aspirin,Inconclusive,2,2021,9
55,Female,B-,Cancer,2020-04-21,Leslie Cook,Miller-Bell,Cigna,1934.7516416367864,Urgent,2020-05-21,Aspirin,Inconclusive,30,2020,4
58,Male,AB+,Asthma,2023-08-07,Ashley Petersen,"Gray and Harris, Oneal",Blue Cross,23771.689216187304,Urgent,2023-08-28,Penicillin,Abnormal,21,2023,8
61,Female,B+,Cancer,2020-07-13,Daniel Barnes,Ltd Carter,UnitedHealthcare,28761.362695690204,Urgent,2020-07-29,Aspirin,Abnormal,16,2020,7
45,Male,B-,Asthma,2019-07-31,Tara Smith,Sons Hodges and,Blue Cross,47629.61501918771,Emergency,2019-08-11,Paracetamol,Normal,11,2019,7
34,Female,O+,Hypertension,2022-05-11,Jennifer Taylor,Henderson and Sons,Medicare,2851.5154457648864,Elective,2022-05-29,Paracetamol,Normal,18,2022,5
31,Female,A-,Cancer,2021-02-03,Martin Arnold,"Frey and Leon Espinoza,",Cigna,9829.914581855011,Urgent,2021-02-28,Aspirin,Inconclusive,25,2021,2
37,Female,AB-,Diabetes,2023-11-23,Kerri Wright,Barnett LLC,Aetna,22039.6776352082,Elective,2023-11-27,Ibuprofen,Abnormal,4,2023,11
48,Female,A+,Hypertension,2023-01-31,Jonathan Fields,Ramos-Simon,Aetna,25487.49166968035,Emergency,2023-02-21,Paracetamol,Abnormal,21,2023,1
67,Male,A+,Hypertension,2024-04-20,David Hayes,Cook-Hurst,Cigna,22506.85995251781,Urgent,2024-04-29,Paracetamol,Inconclusive,9,2024,4
78,Female,O+,Cancer,2023-11-20,Juan Andrews,Ramirez-Hebert,Cigna,30659.375833619102,Emergency,2023-12-10,Lipitor,Normal,20,2023,11
42,Female,B-,Arthritis,2019-07-05,Clifford Fuller,"Frank Hernandez, Taylor and",Blue Cross,30046.27893659327,Emergency,2019-07-24,Aspirin,Inconclusive,19,2019,7
61,Female,AB+,Arthritis,2019-06-02,Kimberly Anderson,Parker-Petersen,UnitedHealthcare,42966.499367580334,Elective,2019-06-19,Lipitor,Inconclusive,17,2019,6
64,Male,B+,Cancer,2020-04-06,Nicholas Fuller,"Medina, Wright and Shaffer",Aetna,49899.94595355122,Urgent,2020-04-11,Lipitor,Normal,5,2020,4
31,Female,A-,Diabetes,2022-04-05,Ryan Hall,"and Grant Hamilton Edwards,",Medicare,2924.4728235288467,Urgent,2022-04-12,Ibuprofen,Normal,7,2022,4
79,Male,AB-,Obesity,2019-06-26,Keith Bates,PLC Hunt,Cigna,12412.108329359227,Urgent,2019-07-21,Ibuprofen,Inconclusive,25,2019,6
80,Male,O-,Cancer,2023-03-15,Brenda Ramsey,"and Webb Robinson, Hicks",Blue Cross,752.0328994229559,Urgent,2023-04-14,Aspirin,Abnormal,30,2023,3
83,Male,AB-,Hypertension,2022-08-26,Emma Kramer,"Collins Woodward Martinez, and",Blue Cross,26023.361305215163,Elective,2022-09-05,Paracetamol,Abnormal,10,2022,8
27,Male,B+,Hypertension,2020-02-06,Adrienne Rodriguez,"Hale Garner, Schultz and",UnitedHealthcare,14917.96281109846,Elective,2020-02-18,Penicillin,Abnormal,12,2020,2
30,Female,B-,Asthma,2024-03-19,Maurice Cox,Inc Anderson,Aetna,43838.29197754161,Elective,2024-03-26,Aspirin,Abnormal,7,2024,3
39,Male,AB-,Obesity,2022-07-07,Daniel Smith,"Garcia Duncan Peters, and",Cigna,38136.61348322598,Elective,2022-07-14,Penicillin,Abnormal,7,2022,7
41,Male,AB+,Diabetes,2024-01-19,Aaron Manning,"and English Sanders, Wilcox",Medicare,48413.77488234465,Emergency,2024-02-08,Ibuprofen,Inconclusive,20,2024,1
78,Female,A-,Diabetes,2022-01-13,Donna Jones,Moore-Myers,Blue Cross,37669.689103144,Emergency,2022-02-03,Aspirin,Normal,21,2022,1
25,Male,B-,Cancer,2020-04-26,Charles Daniel,and Reeves Sons,Medicare,34789.05006439876,Emergency,2020-04-28,Paracetamol,Normal,2,2020,4
53,Male,AB+,Asthma,2023-12-21,Christian Arnold,"Walker, and Webb Morton",Cigna,13907.107126532264,Elective,2024-01-20,Aspirin,Abnormal,30,2023,12
22,Female,AB+,Hypertension,2020-01-04,Christopher Zuniga,"Thompson Ritter Austin, and",UnitedHealthcare,41270.61337531058,Emergency,2020-01-19,Paracetamol,Inconclusive,15,2020,1
65,Male,A+,Arthritis,2020-02-08,Jeffrey Carr,"and Moyer Powell, Padilla",Cigna,6239.649914324642,Elective,2020-02-14,Penicillin,Abnormal,6,2020,2
37,Female,AB-,Diabetes,2022-04-29,Sean White,Nelson-Edwards,Medicare,14265.811616217688,Elective,2022-05-13,Paracetamol,Normal,14,2022,4
25,Female,B+,Arthritis,2020-04-05,Kurt Scott,LLC English,Cigna,16520.92307127606,Elective,2020-04-20,Ibuprofen,Inconclusive,15,2020,4
62,Female,O+,Arthritis,2019-12-02,Robert Johnson,Jones-Lee,UnitedHealthcare,35057.11282992276,Emergency,2019-12-09,Aspirin,Inconclusive,7,2019,12
38,Male,A-,Asthma,2021-03-19,Zachary Crawford,Reed-Medina,UnitedHealthcare,4218.549434939637,Elective,2021-04-08,Penicillin,Abnormal,20,2021,3
58,Female,B-,Asthma,2023-10-07,Jasmine Zimmerman,Inc Stevens,Medicare,36771.41217929528,Emergency,2023-10-08,Ibuprofen,Inconclusive,1,2023,10
44,Male,A+,Obesity,2021-09-10,Christopher Stokes,"Rodriguez and Becker Holmes,",Cigna,35520.396823340634,Urgent,2021-10-08,Aspirin,Normal,28,2021,9
62,Male,O+,Asthma,2021-10-14,Charles Moore,"Jacobs Owens Smith, and",Blue Cross,7656.635667950255,Emergency,2021-10-29,Ibuprofen,Normal,15,2021,10
46,Female,AB+,Diabetes,2023-10-24,Brenda White,Davis-Nguyen,Medicare,34599.40943140091,Urgent,2023-10-29,Lipitor,Inconclusive,5,2023,10
29,Male,B-,Arthritis,2022-12-28,Steven Mills,"Moore Cooper, Wilson and",Aetna,2436.5205899353414,Urgent,2023-01-15,Paracetamol,Abnormal,18,2022,12
35,Female,O+,Diabetes,2023-12-31,Dorothy Simmons,"and Salazar, Gonzales Jones",Blue Cross,32680.60699371125,Emergency,2024-01-04,Paracetamol,Abnormal,4,2023,12
46,Female,B+,Asthma,2022-02-07,Theresa Martin,Hunt Inc,Cigna,1790.315234891964,Urgent,2022-02-23,Paracetamol,Normal,16,2022,2
85,Male,A+,Hypertension,2020-06-12,Steve Hood,PLC Cox,Medicare,2284.4294745165503,Urgent,2020-06-14,Ibuprofen,Inconclusive,2,2020,6
37,Female,AB-,Diabetes,2022-10-16,Darlene Mills,"Welch Carr and Kennedy,",UnitedHealthcare,37152.645285604565,Emergency,2022-10-28,Paracetamol,Abnormal,12,2022,10
62,Female,AB-,Cancer,2022-01-11,Maria Morales,Group Stein,Medicare,21169.11421873589,Emergency,2022-01-15,Lipitor,Normal,4,2022,1
45,Female,B+,Asthma,2022-11-13,John King,Taylor Inc,Blue Cross,31028.001187322527,Elective,2022-11-16,Ibuprofen,Normal,3,2022,11
33,Male,O-,Arthritis,2022-07-24,Nicole Parker,Kidd Inc,Aetna,1468.2438306255642,Urgent,2022-08-14,Penicillin,Abnormal,21,2022,7
44,Female,AB+,Obesity,2019-06-25,Adrienne Matthews,"Hurst, Thompson and Walls",Medicare,35284.167271145314,Urgent,2019-07-10,Lipitor,Normal,15,2019,6
29,Female,AB-,Asthma,2020-06-19,Thomas Miranda,Black-Stevens,Aetna,4288.608247540553,Urgent,2020-07-08,Ibuprofen,Normal,19,2020,6
35,Female,AB+,Diabetes,2020-02-06,Jill Nelson,"Collins and Murray Taylor,",UnitedHealthcare,19769.29293019248,Elective,2020-02-24,Ibuprofen,Inconclusive,18,2020,2
45,Female,A+,Hypertension,2023-12-17,Kimberly Malone,"Wilson Whitney Henderson, and",UnitedHealthcare,30430.10013176955,Urgent,2024-01-12,Paracetamol,Normal,26,2023,12
49,Female,B-,Cancer,2022-08-05,Destiny Nichols,"Vaughan, Adams and Garcia",Blue Cross,38716.054193641794,Urgent,2022-08-11,Penicillin,Abnormal,6,2022,8
39,Male,O+,Asthma,2020-09-28,Michael Johnson,Vazquez and Sons,UnitedHealthcare,15563.56601798877,Urgent,2020-10-05,Paracetamol,Inconclusive,7,2020,9
80,Male,O+,Obesity,2020-09-16,Mark Ewing,"Aguilar Mullins and Schmidt,",Cigna,27670.95200163641,Elective,2020-10-13,Ibuprofen,Abnormal,27,2020,9
80,Female,A-,Hypertension,2020-01-27,Michael Collins,Rivera-Norton,Aetna,10757.122920715588,Emergency,2020-02-21,Penicillin,Inconclusive,25,2020,1
51,Male,A-,Asthma,2020-06-11,Angelica Chavez,"Williams, and Howard Meyer",Medicare,43582.94096475219,Emergency,2020-06-16,Paracetamol,Normal,5,2020,6
70,Female,B-,Arthritis,2019-12-04,Cassandra Knight,Robbins-Wiggins,Blue Cross,27005.53428704872,Emergency,2020-01-02,Lipitor,Normal,29,2019,12
68,Male,A+,Diabetes,2020-12-05,Lisa Davenport,"and Hess, Nguyen Everett",Medicare,6078.838574632307,Emergency,2020-12-18,Ibuprofen,Inconclusive,13,2020,12
49,Male,A-,Cancer,2021-05-22,Donna Brown,Holland-Brown,Aetna,49343.017033204815,Urgent,2021-06-08,Aspirin,Normal,17,2021,5
54,Female,O+,Asthma,2022-06-02,Christopher Jones,Santiago PLC,UnitedHealthcare,16515.7559054095,Urgent,2022-06-07,Aspirin,Inconclusive,5,2022,6
81,Male,B-,Arthritis,2022-07-31,Elizabeth Mccoy,Hensley-Shepard,Blue Cross,49000.226552616674,Urgent,2022-08-22,Ibuprofen,Inconclusive,22,2022,7
55,Female,B+,Obesity,2019-08-16,Desiree Thornton,Maldonado-White,Blue Cross,31484.41349196313,Emergency,2019-09-05,Aspirin,Normal,20,2019,8
34,Male,AB-,Diabetes,2022-02-08,Scott York,"Mcmahon, and Steele Rose",Medicare,24701.86615955965,Urgent,2022-03-03,Ibuprofen,Inconclusive,23,2022,2
22,Male,A+,Diabetes,2021-03-23,Lauren Mendoza,"Holmes, Vasquez Sanchez and",Medicare,18831.832412669643,Urgent,2021-04-22,Penicillin,Abnormal,30,2021,3
74,Male,A+,Cancer,2021-02-17,Stephanie Brown,Hall-Johnson,Blue Cross,44439.431887479404,Urgent,2021-02-18,Aspirin,Abnormal,1,2021,2
72,Female,O+,Diabetes,2019-06-01,Janet Pratt,PLC Jacobs,Cigna,6899.394973571712,Urgent,2019-06-18,Paracetamol,Inconclusive,17,2019,6
75,Female,A+,Obesity,2020-09-24,Sara Page,Williams-Hill,Cigna,44516.09118965858,Emergency,2020-09-26,Penicillin,Inconclusive,2,2020,9
63,Male,B-,Cancer,2019-08-01,Thomas Gonzalez,Petty Ltd,UnitedHealthcare,16396.32383535369,Emergency,2019-08-26,Ibuprofen,Normal,25,2019,8
32,Female,A-,Arthritis,2021-05-31,John Potter,Lopez Inc,Medicare,3916.004572331612,Urgent,2021-06-22,Penicillin,Abnormal,22,2021,5
78,Female,O+,Diabetes,2022-09-15,Debbie Johnson,PLC Conway,Medicare,28106.082097945797,Emergency,2022-09-19,Aspirin,Inconclusive,4,2022,9
55,Female,O+,Obesity,2020-11-19,Brett Young,"Thompson and Miller, Allen",Medicare,11561.482534276836,Urgent,2020-12-14,Ibuprofen,Inconclusive,25,2020,11
84,Male,A-,Asthma,2019-07-27,Isaiah Foster,Copeland LLC,UnitedHealthcare,11685.036083592824,Elective,2019-08-09,Ibuprofen,Abnormal,13,2019,7
24,Male,O-,Obesity,2021-06-30,Ryan Kim,PLC Doyle,UnitedHealthcare,6684.896407920145,Emergency,2021-07-01,Lipitor,Inconclusive,1,2021,6
60,Female,B-,Hypertension,2022-03-21,Joseph Koch,"Day Myers, Mayer and",Aetna,6609.770090178517,Urgent,2022-04-18,Aspirin,Normal,28,2022,3
48,Male,AB-,Asthma,2024-04-22,Emma Costa,Gutierrez Inc,Blue Cross,42291.4038753422,Emergency,2024-05-10,Penicillin,Abnormal,18,2024,4
31,Male,B+,Hypertension,2021-08-27,Brian Warren,"Thomas and Hogan Robertson,",Cigna,2450.625130864122,Urgent,2021-09-01,Lipitor,Inconclusive,5,2021,8
48,Female,O+,Arthritis,2022-10-17,Michelle Brown,Johnson-Taylor,Cigna,2268.459261017377,Emergency,2022-11-06,Penicillin,Normal,20,2022,10
60,Female,O-,Hypertension,2024-03-09,Emily Aguilar,"Warren, Wood Miller and",Medicare,16321.003008031936,Urgent,2024-04-02,Aspirin,Inconclusive,24,2024,3
29,Female,O+,Cancer,2023-06-04,Danielle Villanueva,Fields Inc,UnitedHealthcare,40829.49364915305,Urgent,2023-07-03,Ibuprofen,Abnormal,29,2023,6
81,Female,AB+,Arthritis,2020-08-04,Curtis Gonzalez,Group Sellers,Cigna,13276.701765872258,Elective,2020-08-11,Lipitor,Normal,7,2020,8
83,Male,O+,Diabetes,2022-12-26,Chelsea Alvarado,Ltd Ortega,Medicare,9690.560104991437,Elective,2023-01-20,Lipitor,Normal,25,2022,12
19,Male,B+,Hypertension,2021-06-19,Nancy Matthews,Williams LLC,Aetna,49167.76294644701,Elective,2021-06-20,Lipitor,Inconclusive,1,2021,6
31,Male,B-,Hypertension,2021-11-29,Joseph Howell,"and Greer, Dalton Williams",UnitedHealthcare,1499.0470711502926,Urgent,2021-12-27,Ibuprofen,Inconclusive,28,2021,11
75,Male,A+,Arthritis,2019-07-14,Heidi White,Ltd Thompson,Cigna,31580.293016301268,Emergency,2019-08-06,Aspirin,Abnormal,23,2019,7
53,Male,B-,Obesity,2019-08-15,Latasha Wiggins,Bartlett LLC,Blue Cross,16243.24289073102,Emergency,2019-08-27,Aspirin,Inconclusive,12,2019,8
47,Female,B-,Cancer,2021-03-16,Eric Hudson,Curtis PLC,Cigna,36569.665155923,Emergency,2021-04-09,Lipitor,Abnormal,24,2021,3
69,Male,A+,Hypertension,2023-02-14,Gary Ramos,"Gomez, Tucker Collins and",Medicare,34498.209390905125,Elective,2023-03-02,Ibuprofen,Normal,16,2023,2
28,Male,B-,Obesity,2022-05-31,Stephanie Melendez,Arroyo-Taylor,Medicare,1771.2905141824128,Elective,2022-06-24,Lipitor,Abnormal,24,2022,5
61,Male,O+,Hypertension,2023-03-31,Stacie Andrade,Thompson-Brown,Cigna,10898.20876297997,Elective,2023-04-12,Penicillin,Inconclusive,12,2023,3
75,Female,B-,Hypertension,2021-03-22,Michael Thomas,Johnson-Mckinney,UnitedHealthcare,17144.735991287256,Elective,2021-03-30,Lipitor,Normal,8,2021,3
74,Male,AB+,Cancer,2021-11-16,Derek Gonzalez,Austin-Johnson,Cigna,40809.509300901416,Urgent,2021-11-21,Lipitor,Abnormal,5,2021,11
64,Female,AB-,Hypertension,2022-10-26,Mary Henry,Jacobs-Thompson,Medicare,36836.3534041402,Emergency,2022-11-16,Lipitor,Inconclusive,21,2022,10
56,Male,AB-,Obesity,2020-10-30,Michele Roy,"and Johnson Morales, Smith",Aetna,45321.37345797754,Urgent,2020-11-28,Ibuprofen,Abnormal,29,2020,10
59,Female,AB+,Obesity,2023-05-03,Glenn Riggs,Alvarado PLC,UnitedHealthcare,43545.51977966152,Emergency,2023-05-05,Aspirin,Inconclusive,2,2023,5
37,Female,AB-,Arthritis,2021-01-21,Teresa May MD,Glass Sons and,Blue Cross,11731.624590521234,Emergency,2021-02-15,Aspirin,Normal,25,2021,1
37,Male,O-,Asthma,2023-12-11,Audrey Fleming,Lin-Alexander,UnitedHealthcare,45775.20384648719,Elective,2023-12-14,Ibuprofen,Normal,3,2023,12
26,Male,B-,Obesity,2020-12-18,Andrea White,"Jackson, Phillips and Dennis",Medicare,39979.24389226719,Urgent,2021-01-09,Ibuprofen,Abnormal,22,2020,12
62,Female,A+,Asthma,2022-06-20,Corey Gallegos,Hodges PLC,Blue Cross,25170.01735349741,Urgent,2022-07-19,Lipitor,Inconclusive,29,2022,6
50,Female,O-,Asthma,2020-12-02,Angela Carlson,Berg-Hanson,Medicare,14962.730356105929,Emergency,2020-12-04,Lipitor,Normal,2,2020,12
68,Male,O-,Cancer,2024-03-05,Gregory James,"Curry Miller and Padilla,",Blue Cross,20909.853329325502,Emergency,2024-04-04,Paracetamol,Inconclusive,30,2024,3
41,Male,A+,Arthritis,2023-03-07,Heather Williams,Warner-James,Aetna,18654.94602970827,Elective,2023-03-30,Lipitor,Abnormal,23,2023,3
54,Female,AB-,Hypertension,2021-12-10,Blake Thomas,"Cross Johnson, and Foster",Aetna,20964.488531360286,Emergency,2021-12-12,Aspirin,Abnormal,2,2021,12
28,Female,O-,Diabetes,2019-07-13,David Sanchez,Odom-Oneal,Cigna,48775.045688281454,Emergency,2019-08-02,Lipitor,Inconclusive,20,2019,7
66,Female,AB-,Diabetes,2020-08-11,Clarence Hamilton,PLC Jones,Cigna,21109.360439491385,Elective,2020-08-27,Penicillin,Normal,16,2020,8
79,Male,O+,Diabetes,2022-03-04,Mary Jacobs,"Doyle Mccullough Reyes, and",UnitedHealthcare,47964.49831033527,Elective,2022-03-24,Ibuprofen,Abnormal,20,2022,3
23,Male,AB-,Asthma,2020-06-03,John Carrillo,Ltd Davis,Medicare,17544.291019127882,Emergency,2020-06-24,Penicillin,Abnormal,21,2020,6
82,Female,O-,Obesity,2023-12-30,Laurie Johnson,and Sons Lewis,Aetna,45811.58091354526,Emergency,2024-01-06,Paracetamol,Abnormal,7,2023,12
33,Male,A-,Hypertension,2020-06-04,Tina Francis,Pineda-Daniels,Blue Cross,31820.015268554056,Elective,2020-06-14,Lipitor,Abnormal,10,2020,6
68,Male,O-,Cancer,2019-10-21,Jamie Green,Murphy PLC,Aetna,29063.26618903913,Urgent,2019-10-31,Ibuprofen,Inconclusive,10,2019,10
31,Male,A+,Cancer,2021-06-04,Willie Bonilla,"Zamora, Glass Brooks and",Blue Cross,18515.737926567926,Emergency,2021-06-24,Ibuprofen,Abnormal,20,2021,6
44,Male,O-,Diabetes,2020-11-30,Steven Moore,"Walker, Wallace and Ware",Cigna,39445.07025793607,Elective,2020-12-08,Penicillin,Normal,8,2020,11
56,Female,A+,Obesity,2023-10-08,Karen White,Fischer-Powers,Blue Cross,4754.225879602072,Emergency,2023-10-18,Ibuprofen,Inconclusive,10,2023,10
59,Male,O-,Hypertension,2022-06-17,Andrew Bryant,Jones LLC,Medicare,43054.80296839014,Emergency,2022-06-29,Lipitor,Normal,12,2022,6
20,Female,A-,Cancer,2021-02-28,John Cox,Mccann-Smith,Blue Cross,48225.8041049745,Elective,2021-03-04,Paracetamol,Inconclusive,4,2021,2
81,Female,A-,Asthma,2022-07-19,Mitchell Ayala,"Williams Thomas and Hernandez,",UnitedHealthcare,18448.53967146816,Elective,2022-07-31,Aspirin,Normal,12,2022,7
24,Male,AB-,Diabetes,2020-06-17,Krista Brown,Burke-Dominguez,Aetna,6406.177231926159,Emergency,2020-06-23,Lipitor,Inconclusive,6,2020,6
79,Male,B-,Diabetes,2024-03-29,Amy Melendez,"Riley Erickson and Cunningham,",Blue Cross,28958.312660753887,Emergency,2024-04-10,Penicillin,Normal,12,2024,3
40,Male,AB+,Hypertension,2022-08-01,Jennifer Watson,"Williams and Frye Castaneda,",UnitedHealthcare,20670.703630765795,Elective,2022-08-10,Paracetamol,Normal,9,2022,8
25,Male,A+,Asthma,2022-12-19,Ryan Collins,"Merritt, and Young King",Aetna,30933.274758707383,Elective,2022-12-31,Ibuprofen,Normal,12,2022,12
42,Female,AB-,Cancer,2023-11-30,Stephen Woods,"Duncan Harmon, and Joseph",UnitedHealthcare,20951.777910885263,Urgent,2023-12-27,Ibuprofen,Abnormal,27,2023,11
41,Female,O-,Hypertension,2020-07-12,Scott Costa,"Johnson Smith Carey, and",Blue Cross,33215.977759537585,Emergency,2020-07-25,Ibuprofen,Abnormal,13,2020,7
77,Female,O+,Obesity,2023-11-13,Kimberly Johnson,"Smith Harris, Smith and",Blue Cross,46504.81820866135,Elective,2023-11-28,Aspirin,Normal,15,2023,11
34,Female,A-,Cancer,2020-04-14,Christopher Thompson,Swanson PLC,Medicare,21622.593100480422,Elective,2020-05-12,Ibuprofen,Inconclusive,28,2020,4
57,Female,A+,Cancer,2019-06-08,Melissa Miller,Perez-Sheppard,Blue Cross,11114.204615154387,Urgent,2019-06-23,Lipitor,Inconclusive,15,2019,6
36,Female,A-,Asthma,2019-07-01,Mariah Wall,Miller-Cervantes,Medicare,21718.19237424522,Elective,2019-07-09,Lipitor,Abnormal,8,2019,7
45,Female,B+,Hypertension,2023-03-23,Marvin Wolfe,"Chaney Gaines White, and",Cigna,11605.19194943677,Elective,2023-04-02,Paracetamol,Abnormal,10,2023,3
27,Female,AB+,Asthma,2024-01-01,Sean Soto DVM,Baldwin LLC,Aetna,21388.672538111405,Urgent,2024-01-27,Aspirin,Normal,26,2024,1
29,Male,B+,Cancer,2023-07-23,Bethany Smith,Garrison-Rodriguez,UnitedHealthcare,25804.598341575776,Emergency,2023-08-08,Aspirin,Normal,16,2023,7
42,Male,AB+,Cancer,2022-08-03,Shawn Russell,Inc Gonzalez,Medicare,37907.06425087226,Emergency,2022-08-18,Penicillin,Inconclusive,15,2022,8
52,Male,A-,Arthritis,2021-08-12,Molly Russell,"Pollard, Logan Mckee and",Cigna,13253.756859288582,Urgent,2021-08-19,Lipitor,Inconclusive,7,2021,8
72,Female,A+,Obesity,2021-12-07,Allen Estes,"Thomas, Bauer and Moore",Blue Cross,11820.110765465688,Emergency,2021-12-13,Ibuprofen,Inconclusive,6,2021,12
34,Female,O+,Hypertension,2020-10-22,Anthony Daniels,Stark-Walker,Medicare,43262.89434820015,Emergency,2020-11-10,Aspirin,Normal,19,2020,10
49,Female,O+,Asthma,2020-01-13,Robert Bailey,"and Lee Nguyen Gonzalez,",Blue Cross,42030.88097999154,Elective,2020-01-29,Aspirin,Inconclusive,16,2020,1
22,Male,AB-,Hypertension,2023-04-21,Donald Hendrix,Collins-Gilbert,Cigna,27081.57452070073,Urgent,2023-05-11,Aspirin,Abnormal,20,2023,4
46,Female,B+,Obesity,2023-12-30,William Roberts,Gonzales Sons and,Medicare,12129.819762219431,Urgent,2024-01-23,Paracetamol,Inconclusive,24,2023,12
31,Female,AB+,Arthritis,2019-10-16,Teresa Olson,Group Jacobs,Cigna,44377.86050267344,Emergency,2019-10-20,Ibuprofen,Abnormal,4,2019,10
74,Male,O-,Cancer,2023-05-17,Audrey Williams,Williams-Combs,Cigna,18031.98064099443,Urgent,2023-05-21,Paracetamol,Inconclusive,4,2023,5
82,Male,O+,Obesity,2019-10-30,Gina Coffey,Wright PLC,Aetna,41646.0519902451,Emergency,2019-11-04,Paracetamol,Normal,5,2019,10
53,Male,AB+,Asthma,2022-03-20,Jennifer Johnson,Munoz-Swanson,Medicare,28858.720854859886,Urgent,2022-04-04,Penicillin,Abnormal,15,2022,3
56,Male,O-,Asthma,2021-12-29,William Waters,Sons and Madden,Cigna,8997.03238555355,Elective,2021-12-30,Paracetamol,Abnormal,1,2021,12
30,Male,AB+,Hypertension,2022-09-18,Julia Dominguez,Lee-Casey,Aetna,32780.30769106374,Emergency,2022-10-16,Paracetamol,Abnormal,28,2022,9
32,Male,O-,Diabetes,2022-03-04,Veronica Smith,"Juarez Sims, Henry and",Medicare,42492.112601072935,Emergency,2022-03-21,Lipitor,Normal,17,2022,3
77,Male,AB+,Diabetes,2021-11-13,David Kelley,Gibson LLC,Blue Cross,49126.26668224657,Emergency,2021-12-04,Ibuprofen,Inconclusive,21,2021,11
61,Male,O+,Cancer,2019-05-18,Aaron Fox,"Clark, and Cobb Parsons",Cigna,15289.194743676187,Emergency,2019-05-22,Aspirin,Normal,4,2019,5
42,Female,B+,Asthma,2021-11-10,Robert Hartman,PLC Garner,Aetna,52181.837792399056,Emergency,2021-11-17,Penicillin,Inconclusive,7,2021,11
58,Male,A+,Hypertension,2021-03-16,Dorothy Gonzalez,Holden Inc,Aetna,4512.484707953812,Emergency,2021-04-02,Penicillin,Abnormal,17,2021,3
46,Female,O-,Asthma,2022-11-07,Jordan Gordon,Ltd Houston,UnitedHealthcare,8047.798035121471,Emergency,2022-11-24,Lipitor,Abnormal,17,2022,11
46,Male,A-,Hypertension,2020-01-12,Robert Carter,Hayes-Walton,Medicare,37307.01460505812,Elective,2020-01-26,Penicillin,Inconclusive,14,2020,1
54,Female,B+,Diabetes,2023-02-28,Marcus Warren,Ltd Austin,Aetna,27661.24412668271,Urgent,2023-03-11,Paracetamol,Inconclusive,11,2023,2
44,Female,B+,Obesity,2022-06-03,William Hunter,Nguyen-Hart,Medicare,30206.874120107223,Elective,2022-06-22,Ibuprofen,Inconclusive,19,2022,6
33,Female,O+,Diabetes,2019-11-21,Randy Sexton,"and Johns Spencer, George",Medicare,15832.564741401637,Elective,2019-12-09,Penicillin,Normal,18,2019,11
47,Male,O+,Obesity,2024-04-18,Rita Sandoval,Stevens-Howard,Blue Cross,34153.150575449465,Urgent,2024-04-24,Paracetamol,Abnormal,6,2024,4
80,Female,B-,Obesity,2021-01-26,Crystal Smith,"and Cooper Potter, Landry",Aetna,6649.003504424868,Emergency,2021-02-20,Paracetamol,Normal,25,2021,1
20,Male,A+,Asthma,2019-09-09,Sarah Hernandez,Brown-Hughes,Blue Cross,44393.001347688056,Elective,2019-10-08,Penicillin,Inconclusive,29,2019,9
72,Female,O+,Cancer,2019-11-14,Christopher Barnett DDS,"Bell Peterson and Hall,",Aetna,27324.568357995337,Emergency,2019-11-24,Lipitor,Normal,10,2019,11
53,Male,AB+,Arthritis,2022-12-02,Laura Taylor,Flores-Franco,Blue Cross,43923.04031061162,Urgent,2022-12-11,Ibuprofen,Abnormal,9,2022,12
43,Male,AB-,Diabetes,2020-05-17,Patricia Hart,"and Mcknight, Wilson Acevedo",UnitedHealthcare,44685.03695864554,Emergency,2020-05-20,Aspirin,Normal,3,2020,5
50,Female,O+,Hypertension,2020-12-16,Michelle Evans,"Mendez, Rodriguez and Smith",Blue Cross,31774.78366214056,Urgent,2021-01-08,Ibuprofen,Abnormal,23,2020,12
72,Female,B-,Obesity,2021-08-19,Paula Gray,Williams Inc,Medicare,48195.83024894522,Urgent,2021-09-05,Paracetamol,Inconclusive,17,2021,8
73,Female,AB-,Diabetes,2020-10-10,Clayton Thomas,Davis-Sanchez,Blue Cross,11496.331417991803,Elective,2020-11-03,Ibuprofen,Inconclusive,24,2020,10
20,Male,O-,Arthritis,2022-08-08,Amy Garcia,Ryan-Moore,Cigna,23167.85976077539,Emergency,2022-09-03,Ibuprofen,Normal,26,2022,8
33,Male,A-,Diabetes,2019-07-31,Amanda Obrien,Wood Group,Cigna,8639.92492076975,Emergency,2019-08-12,Penicillin,Abnormal,12,2019,7
33,Male,B+,Obesity,2020-05-27,Crystal Faulkner,"Carter, Carter Evans and",Aetna,6432.153332156164,Urgent,2020-06-07,Aspirin,Inconclusive,11,2020,5
82,Male,A+,Hypertension,2022-07-10,Trevor Farrell,"Richards and Campbell, Lee",Cigna,22387.92430360511,Emergency,2022-07-31,Penicillin,Inconclusive,21,2022,7
60,Female,O+,Obesity,2021-08-31,Hannah Barrett,"Fuller, and Rios Murphy",Cigna,17562.86354691122,Urgent,2021-09-03,Penicillin,Inconclusive,3,2021,8
64,Female,A+,Diabetes,2022-08-27,Caitlin Davis,"and Underwood, Benjamin Baker",Blue Cross,25369.62208368459,Elective,2022-09-04,Lipitor,Abnormal,8,2022,8
20,Female,O+,Obesity,2020-03-30,Nicole Perez,Patterson-Barber,Cigna,44577.89573899141,Urgent,2020-04-15,Aspirin,Inconclusive,16,2020,3
47,Male,B+,Asthma,2020-10-31,David Morales,Shepard Ltd,Aetna,5880.213929393231,Emergency,2020-11-20,Aspirin,Inconclusive,20,2020,10
75,Female,A+,Diabetes,2023-09-27,Ann Alvarez,Carter-Bell,Blue Cross,12662.906151803609,Emergency,2023-10-15,Penicillin,Inconclusive,18,2023,9
73,Male,B+,Arthritis,2020-04-26,Linda Lutz,"Wood and Cummings Blankenship,",Aetna,19126.266308227197,Emergency,2020-04-27,Penicillin,Inconclusive,1,2020,4
85,Male,A+,Arthritis,2021-08-09,Mike Moore,"Bates Gomez, and Larson",Medicare,18189.853945399835,Elective,2021-09-08,Aspirin,Abnormal,30,2021,8
67,Male,A-,Arthritis,2022-03-27,Mrs. Hannah Davis MD,Baker-Duffy,Medicare,22214.362438934488,Urgent,2022-03-30,Paracetamol,Normal,3,2022,3
28,Female,AB-,Diabetes,2024-02-27,Natalie Bauer,"Moore, Jenkins and Bolton",UnitedHealthcare,32713.342494279063,Emergency,2024-03-04,Ibuprofen,Abnormal,6,2024,2
32,Female,B-,Hypertension,2023-03-22,Darlene Carr,Ltd Orozco,Cigna,12962.312059180147,Urgent,2023-04-03,Paracetamol,Inconclusive,12,2023,3
76,Female,B+,Obesity,2023-10-28,Jerry Ward,Humphrey-Burton,Medicare,41422.91397315639,Elective,2023-11-21,Paracetamol,Normal,24,2023,10
19,Male,B+,Asthma,2024-04-06,Christina Baker,Floyd Group,Aetna,26239.298377359908,Urgent,2024-04-20,Ibuprofen,Abnormal,14,2024,4
19,Female,B+,Obesity,2020-02-27,Robert May,Hayes LLC,Blue Cross,22143.690845215355,Urgent,2020-03-05,Aspirin,Inconclusive,7,2020,2
78,Male,AB+,Hypertension,2021-07-26,Scott Collins,"Stevens, and Keller Martin",Medicare,44063.00794537196,Elective,2021-08-07,Aspirin,Normal,12,2021,7
61,Female,B+,Diabetes,2021-02-24,Pamela Bauer,Mullins PLC,Medicare,35045.13972165532,Urgent,2021-03-24,Lipitor,Inconclusive,28,2021,2
55,Female,B-,Cancer,2021-02-13,Evelyn Hinton,Bell-Santana,Medicare,25624.728660754663,Elective,2021-02-17,Ibuprofen,Inconclusive,4,2021,2
50,Male,A+,Hypertension,2020-10-15,Erin Ross,Gardner-Ross,UnitedHealthcare,47836.81764260069,Urgent,2020-10-16,Penicillin,Abnormal,1,2020,10
65,Female,O-,Hypertension,2022-03-20,Shawn Miller,Inc Herrera,Aetna,1591.757640166791,Emergency,2022-04-06,Paracetamol,Normal,17,2022,3
42,Male,AB+,Diabetes,2024-01-07,John Woodard,"Fuller Perez Scott, and",Cigna,23890.559941311687,Emergency,2024-01-25,Ibuprofen,Inconclusive,18,2024,1
49,Female,A+,Obesity,2023-02-26,Allison Smith,"Wright, Holmes and Mason",Blue Cross,25983.670945562604,Emergency,2023-03-14,Aspirin,Abnormal,16,2023,2
18,Male,AB+,Cancer,2020-06-02,Haley Williams,"Moyer Mcbride Cole, and",UnitedHealthcare,19267.28618639946,Elective,2020-07-02,Ibuprofen,Abnormal,30,2020,6
69,Female,B-,Obesity,2020-12-04,Jaclyn Coleman,Pearson PLC,Blue Cross,44859.53146190413,Elective,2020-12-23,Paracetamol,Inconclusive,19,2020,12
71,Male,O+,Diabetes,2024-03-04,Cynthia Williams,Wagner-Herrera,Blue Cross,42757.45069486345,Urgent,2024-03-12,Penicillin,Inconclusive,8,2024,3
43,Female,AB-,Asthma,2023-09-04,James Webb,Malone Group,Aetna,8063.3022073370175,Emergency,2023-09-19,Paracetamol,Normal,15,2023,9
30,Female,O-,Hypertension,2023-01-15,Kyle Brown,Patel-Hanna,Medicare,40623.262035928725,Emergency,2023-01-30,Lipitor,Abnormal,15,2023,1
73,Female,AB-,Hypertension,2022-10-09,Jared Schmitt,Smith-Parker,Medicare,23805.106139800435,Elective,2022-10-20,Ibuprofen,Normal,11,2022,10
41,Male,B+,Arthritis,2020-09-22,Jasmine Lawrence,Inc Butler,Medicare,44801.89075614091,Urgent,2020-09-26,Lipitor,Inconclusive,4,2020,9
26,Male,AB-,Arthritis,2022-12-20,Sarah Wade,"Gross and Meyer, Smith",Blue Cross,7605.929933510422,Elective,2023-01-06,Paracetamol,Normal,17,2022,12
80,Female,AB-,Diabetes,2020-10-27,Angela Price,Gray-Howard,UnitedHealthcare,37206.24494417543,Urgent,2020-11-18,Penicillin,Normal,22,2020,10
58,Male,B+,Hypertension,2021-10-12,Kathleen Humphrey,Norton-Phillips,UnitedHealthcare,3794.400467064027,Elective,2021-10-16,Ibuprofen,Abnormal,4,2021,10
38,Male,AB+,Arthritis,2023-07-20,Walter Erickson,LLC Simpson,Cigna,9708.662935272749,Urgent,2023-08-10,Penicillin,Abnormal,21,2023,7
55,Male,AB+,Asthma,2023-04-11,Jacob Marshall,Ltd Larson,Medicare,42868.12013974878,Urgent,2023-04-17,Lipitor,Abnormal,6,2023,4
38,Male,AB+,Obesity,2021-05-08,David Harding,"Brown, and Smith Hebert",Medicare,10514.180212542196,Urgent,2021-06-03,Ibuprofen,Inconclusive,26,2021,5
54,Male,B-,Obesity,2019-12-16,Luke Santiago,and Sons Bruce,Cigna,7249.707923652269,Urgent,2020-01-13,Paracetamol,Abnormal,28,2019,12
53,Female,AB-,Diabetes,2023-12-27,Elizabeth Boone,"Hull Davidson Garcia, and",Cigna,2690.456366428799,Emergency,2023-12-28,Penicillin,Abnormal,1,2023,12
46,Male,A+,Obesity,2022-02-09,Patricia Poole,"Taylor, Ross and Jones",Medicare,21622.88271746064,Urgent,2022-02-15,Lipitor,Inconclusive,6,2022,2
66,Female,AB-,Hypertension,2022-02-28,Courtney Gonzalez,Ellison and Sons,Medicare,40671.87329271936,Urgent,2022-03-16,Aspirin,Normal,16,2022,2
24,Female,O+,Cancer,2022-04-21,Amy Miles,"Leonard, Jacobson Schmidt and",UnitedHealthcare,9160.790304018708,Elective,2022-04-22,Penicillin,Abnormal,1,2022,4
43,Male,O+,Diabetes,2021-02-09,Troy Lyons,Wallace PLC,Medicare,46663.71370704271,Urgent,2021-02-27,Penicillin,Normal,18,2021,2
77,Female,O-,Hypertension,2023-01-23,Tiffany Myers,King-Anderson,Aetna,18358.654877770776,Elective,2023-01-30,Penicillin,Abnormal,7,2023,1
68,Male,O-,Cancer,2019-11-08,Alex Herrera,Johnson-Dodson,Medicare,43296.33967687716,Urgent,2019-11-29,Ibuprofen,Normal,21,2019,11
73,Male,AB-,Arthritis,2021-06-30,Stacey Oconnell,LLC Stone,UnitedHealthcare,45968.16608254409,Elective,2021-07-09,Lipitor,Abnormal,9,2021,6
55,Male,A-,Diabetes,2019-07-26,Shannon Rocha,Evans Inc,Aetna,15689.567860525334,Urgent,2019-07-27,Aspirin,Abnormal,1,2019,7
42,Male,AB-,Obesity,2021-12-28,Nicholas Reed,Long-Santos,Blue Cross,31942.9225586576,Elective,2022-01-26,Aspirin,Inconclusive,29,2021,12
56,Male,AB-,Diabetes,2023-12-21,David Schmidt,Mitchell and Sons,Medicare,8950.401219208772,Emergency,2023-12-28,Aspirin,Inconclusive,7,2023,12
67,Male,A+,Hypertension,2020-12-23,Michael Middleton,"Hernandez and Martin Blackwell,",Blue Cross,36816.347104319335,Elective,2021-01-05,Lipitor,Abnormal,13,2020,12
57,Male,AB+,Obesity,2021-01-27,Tracy Johnson DDS,"Perry Bryant, Byrd and",Aetna,43147.69163714837,Emergency,2021-02-20,Penicillin,Inconclusive,24,2021,1
85,Female,A+,Obesity,2019-08-10,Todd Cox,"and Browning Merritt, Gonzalez",UnitedHealthcare,8777.604988014045,Urgent,2019-08-21,Penicillin,Normal,11,2019,8
54,Female,O+,Arthritis,2021-04-28,Deanna Gonzalez,Harper-Hicks,Cigna,8152.699386194107,Elective,2021-05-08,Paracetamol,Normal,10,2021,4
24,Male,O+,Arthritis,2024-03-05,Scott Turner,Davis Inc,UnitedHealthcare,35659.26848977001,Emergency,2024-03-16,Paracetamol,Abnormal,11,2024,3
80,Female,O-,Cancer,2022-07-01,Brianna Allen,"Curry and Gonzales, Thompson",Medicare,9659.199268127308,Emergency,2022-07-20,Lipitor,Abnormal,19,2022,7
27,Female,O-,Asthma,2024-02-17,Cindy Herrera,Sons and Nguyen,Blue Cross,34770.03841575718,Emergency,2024-03-06,Aspirin,Normal,18,2024,2
73,Female,AB-,Obesity,2023-12-15,Christopher Anderson,"Hill, Fernandez and Sullivan",Aetna,37787.63976860968,Emergency,2024-01-11,Penicillin,Abnormal,27,2023,12
78,Female,A+,Obesity,2023-05-14,Andrew Garcia,Newton-Jones,Blue Cross,48272.91886867408,Urgent,2023-06-08,Lipitor,Abnormal,25,2023,5
84,Male,B+,Arthritis,2023-02-02,Robert Moore,"Boyd, and Brown Guerrero",Blue Cross,15849.6727365521,Emergency,2023-02-05,Lipitor,Abnormal,3,2023,2
58,Male,O-,Diabetes,2021-06-19,Yvonne Decker,"Patterson, and Lawrence Leblanc",UnitedHealthcare,28491.56559543392,Emergency,2021-07-04,Ibuprofen,Normal,15,2021,6
61,Female,B-,Arthritis,2022-10-28,Tiffany Moody,Campos-Martinez,Blue Cross,23797.903866963607,Elective,2022-11-06,Penicillin,Abnormal,9,2022,10
56,Female,B+,Cancer,2023-07-17,Laura Hunt,"Heath Moore Jones, and",Medicare,16790.70482559827,Elective,2023-08-09,Ibuprofen,Abnormal,23,2023,7
78,Male,O+,Hypertension,2020-10-17,Brenda Rodriguez,"and Parker Jackson Gilbert,",UnitedHealthcare,27668.38277060664,Urgent,2020-10-29,Penicillin,Inconclusive,12,2020,10
36,Male,O-,Cancer,2023-11-19,Victoria Gallagher,Scott-Sexton,Aetna,13477.60217318423,Urgent,2023-12-04,Lipitor,Abnormal,15,2023,11
36,Female,AB-,Arthritis,2020-08-24,Jason Allen,Massey-Mitchell,Medicare,42863.07911438523,Elective,2020-08-26,Paracetamol,Abnormal,2,2020,8
79,Female,B-,Obesity,2024-03-09,Richard Nelson,Parker-Hodges,Medicare,18231.065765646763,Emergency,2024-03-15,Paracetamol,Normal,6,2024,3
82,Male,B+,Cancer,2020-05-29,Joseph Good,"and Jackson Mccall, Kelly",Aetna,12592.652914813048,Emergency,2020-06-10,Lipitor,Abnormal,12,2020,5
71,Female,A+,Diabetes,2019-11-28,Ian Tyler,Molina Group,Medicare,20609.662235466512,Emergency,2019-12-07,Aspirin,Inconclusive,9,2019,11
32,Male,AB-,Cancer,2022-07-01,Cameron Johnson,Williams Inc,Aetna,28814.06695021379,Elective,2022-07-18,Lipitor,Inconclusive,17,2022,7
80,Female,A+,Obesity,2024-01-30,Marie Case,Ltd Ward,Aetna,8602.058983637738,Emergency,2024-02-19,Aspirin,Normal,20,2024,1
57,Male,O+,Arthritis,2022-09-16,Amanda Ortega,Braun-Stuart,Blue Cross,42031.12851007877,Urgent,2022-10-02,Ibuprofen,Normal,16,2022,9
80,Male,A+,Asthma,2024-02-01,Danielle Henderson,"Montgomery and Howe Perez,",Aetna,41050.88700161482,Emergency,2024-02-13,Ibuprofen,Abnormal,12,2024,2
62,Male,AB+,Asthma,2021-01-20,Jeremy Wells,"Gutierrez, Martinez and Johnson",Cigna,15675.033427806897,Urgent,2021-02-05,Penicillin,Normal,16,2021,1
63,Female,O-,Asthma,2022-08-27,Karen Eaton,"Robinson, Weaver Taylor and",Cigna,5655.805938216732,Urgent,2022-09-05,Ibuprofen,Abnormal,9,2022,8
21,Male,AB+,Cancer,2023-01-02,Charlene Lewis,Ltd Phillips,UnitedHealthcare,41128.72119527546,Emergency,2023-01-10,Lipitor,Inconclusive,8,2023,1
58,Female,B+,Diabetes,2022-09-01,Connor Simmons,"Padilla Lewis, Anderson and",Medicare,23673.9289373296,Elective,2022-09-21,Paracetamol,Normal,20,2022,9
19,Male,B-,Arthritis,2022-03-26,Paul Kaiser,Morgan-Perez,UnitedHealthcare,5844.077673364279,Urgent,2022-04-21,Paracetamol,Inconclusive,26,2022,3
21,Male,B+,Hypertension,2020-01-16,Jeffrey Salazar,LLC Castillo,UnitedHealthcare,38825.14851691764,Emergency,2020-01-24,Penicillin,Normal,8,2020,1
25,Female,A-,Obesity,2024-01-30,Sara Campbell,Smith PLC,Cigna,31762.079829092698,Emergency,2024-02-14,Lipitor,Inconclusive,15,2024,1
46,Male,AB-,Hypertension,2021-11-24,James Booker,"Allen, Chaney Rice and",UnitedHealthcare,24874.74569758429,Urgent,2021-12-06,Ibuprofen,Normal,12,2021,11
60,Female,A-,Cancer,2021-10-10,Elizabeth Herrera,"Moore, Munoz and Dunlap",Medicare,49701.856977794094,Elective,2021-10-12,Ibuprofen,Normal,2,2021,10
50,Male,AB-,Asthma,2021-05-13,Michael Johnson,Inc Travis,Blue Cross,19554.00804895843,Emergency,2021-06-12,Ibuprofen,Normal,30,2021,5
47,Male,O-,Obesity,2021-11-08,Reginald Jimenez,"Pearson Escobar, and Harper",Medicare,4537.475704122971,Urgent,2021-11-23,Ibuprofen,Inconclusive,15,2021,11
70,Male,B-,Arthritis,2021-08-31,Lacey Russell,Singh-Hebert,UnitedHealthcare,12186.347960369088,Emergency,2021-09-16,Penicillin,Abnormal,16,2021,8
76,Male,B-,Diabetes,2022-12-10,Joe Bennett,"Barton, and Howe Rivera",Medicare,2793.8777898580656,Elective,2022-12-25,Lipitor,Normal,15,2022,12
65,Female,A-,Asthma,2022-03-01,Julia Melendez,Patterson-Sexton,UnitedHealthcare,4897.453881624473,Urgent,2022-03-30,Penicillin,Inconclusive,29,2022,3
22,Male,AB-,Hypertension,2023-08-24,Brett Schaefer,Freeman-Simon,UnitedHealthcare,42159.55889575153,Emergency,2023-09-13,Penicillin,Normal,20,2023,8
71,Male,AB-,Hypertension,2020-09-16,Allison Campbell,"Adkins Knapp and Richards,",Aetna,3470.7600334611084,Emergency,2020-10-03,Lipitor,Abnormal,17,2020,9
25,Female,B+,Asthma,2021-06-19,Lydia Gallegos,"and Pineda Allen, Jackson",Medicare,27484.711682882564,Elective,2021-06-24,Ibuprofen,Inconclusive,5,2021,6
56,Male,A-,Obesity,2021-01-12,Paul Woodard,Ltd Martinez,Medicare,28531.285080860696,Urgent,2021-01-27,Paracetamol,Normal,15,2021,1
80,Female,A+,Diabetes,2023-08-08,Scott Porter,Ltd Brown,UnitedHealthcare,49446.56480750734,Elective,2023-08-28,Aspirin,Abnormal,20,2023,8
52,Female,B+,Arthritis,2022-05-10,Robert Jimenez,Rice-Donaldson,Cigna,18961.03209601114,Emergency,2022-05-17,Paracetamol,Abnormal,7,2022,5
63,Male,B+,Asthma,2022-03-28,Brittany Hunt,"Smith and Mann Spencer,",Cigna,33812.09798522226,Urgent,2022-03-30,Penicillin,Abnormal,2,2022,3
52,Female,O-,Obesity,2019-05-08,Corey Webb,Moss-Mathews,Cigna,26451.75114594641,Emergency,2019-05-13,Ibuprofen,Abnormal,5,2019,5
63,Male,O+,Obesity,2023-01-29,Pamela Anderson,Blanchard-Adams,Medicare,24883.022216203084,Elective,2023-02-23,Aspirin,Normal,25,2023,1
40,Female,A-,Cancer,2021-10-25,Danielle Wagner,Sheppard-Rivera,Blue Cross,15501.653530600915,Urgent,2021-10-28,Penicillin,Inconclusive,3,2021,10
50,Female,A+,Diabetes,2019-10-18,Jesse Waters,Smith PLC,UnitedHealthcare,40619.35894504561,Elective,2019-11-08,Ibuprofen,Inconclusive,21,2019,10
33,Female,AB-,Diabetes,2022-05-22,Kaitlyn Bates,Klein Inc,UnitedHealthcare,22261.423471742244,Emergency,2022-06-09,Penicillin,Abnormal,18,2022,5
84,Female,A+,Diabetes,2023-10-30,Bethany Hardy,Jackson-Thomas,Aetna,5144.5399181104485,Urgent,2023-11-10,Aspirin,Inconclusive,11,2023,10
41,Male,O-,Cancer,2020-07-24,Alexis Brown,Group Graham,Cigna,38405.34902715171,Emergency,2020-08-04,Ibuprofen,Abnormal,11,2020,7
30,Female,AB-,Obesity,2019-09-22,Eric Mendoza,Potter-Fernandez,UnitedHealthcare,22577.57055350415,Emergency,2019-10-18,Aspirin,Inconclusive,26,2019,9
60,Female,A-,Cancer,2019-08-15,Debbie Fernandez,Green PLC,Aetna,46965.42397078541,Elective,2019-09-10,Paracetamol,Inconclusive,26,2019,8
81,Male,B-,Cancer,2023-11-18,Paul Key,Andrews PLC,Aetna,21768.337386425428,Emergency,2023-11-21,Penicillin,Inconclusive,3,2023,11
50,Male,A+,Cancer,2022-06-29,Aaron Walker,Sons Lam and,Cigna,29083.34115979853,Emergency,2022-07-13,Aspirin,Inconclusive,14,2022,6
41,Male,O+,Hypertension,2023-08-07,Joan Washington,"and Foster, Allen Valdez",Cigna,18416.9287542296,Urgent,2023-08-19,Ibuprofen,Abnormal,12,2023,8
56,Female,AB+,Obesity,2021-09-05,Matthew Kane,"Welch Bryan Rodriguez, and",UnitedHealthcare,34638.39218063605,Emergency,2021-10-01,Ibuprofen,Inconclusive,26,2021,9
46,Female,B-,Arthritis,2024-02-25,Melissa Holland,Lewis-James,Aetna,19119.38449767185,Urgent,2024-03-05,Paracetamol,Abnormal,9,2024,2
62,Female,AB-,Obesity,2022-07-27,Sarah Jackson,Johnson-Hines,Medicare,31097.65051166076,Urgent,2022-08-24,Lipitor,Normal,28,2022,7
30,Male,A-,Cancer,2019-10-13,John Johnson,"Delgado, and Mcdonald Berry",Aetna,15267.301126506309,Elective,2019-11-08,Penicillin,Abnormal,26,2019,10
20,Male,A-,Arthritis,2024-03-29,Jeff Lin,"Brooks, Nguyen Sellers and",UnitedHealthcare,21792.325692187776,Urgent,2024-04-14,Aspirin,Inconclusive,16,2024,3
31,Female,B+,Hypertension,2023-02-25,Anna Buckley,"and Thompson Moore, Torres",UnitedHealthcare,41443.68250822932,Urgent,2023-02-26,Aspirin,Inconclusive,1,2023,2
34,Female,A-,Arthritis,2022-06-21,Morgan Rasmussen,Hardy PLC,Blue Cross,5849.639799944896,Urgent,2022-07-15,Aspirin,Normal,24,2022,6
49,Male,B-,Diabetes,2021-03-27,Robin Brown,"Gregory, Rosario and Bruce",Medicare,7330.475550892902,Elective,2021-04-10,Penicillin,Normal,14,2021,3
66,Male,B-,Asthma,2024-02-07,John Sanders,Sons Cox and,UnitedHealthcare,40191.72994282738,Elective,2024-02-27,Penicillin,Inconclusive,20,2024,2
82,Male,AB+,Cancer,2021-09-04,Christina Perry,"Jones, and Moore Carter",Medicare,30954.42218684419,Emergency,2021-10-02,Aspirin,Normal,28,2021,9
46,Male,O-,Hypertension,2019-08-31,Michael Johnson,PLC Hodge,Medicare,23537.741343478585,Urgent,2019-09-18,Paracetamol,Normal,18,2019,8
32,Female,AB+,Cancer,2019-08-03,Amber Valdez,Moore-Pierce,Aetna,33653.654883162475,Elective,2019-08-06,Penicillin,Normal,3,2019,8
75,Male,A-,Diabetes,2022-09-06,Richard Davis,PLC Santana,Aetna,31419.291948510883,Elective,2022-10-03,Penicillin,Abnormal,27,2022,9
41,Male,AB+,Diabetes,2020-11-06,Jeremiah Bender,LLC Smith,Medicare,2669.7456332150423,Emergency,2020-11-07,Ibuprofen,Inconclusive,1,2020,11
32,Male,A+,Diabetes,2020-10-01,David Navarro,Gomez and Sons,Cigna,40136.96818039699,Urgent,2020-10-12,Aspirin,Abnormal,11,2020,10
24,Male,A+,Hypertension,2020-08-18,James Payne,Martinez-Farley,Cigna,43722.600550861775,Emergency,2020-09-01,Penicillin,Normal,14,2020,8
42,Male,AB-,Obesity,2023-08-24,Mark Lee,Macdonald Group,Blue Cross,44356.30155722579,Urgent,2023-09-12,Ibuprofen,Abnormal,19,2023,8
38,Female,A+,Diabetes,2021-08-23,Ashley Thomas,and Ochoa Sons,Medicare,14415.58313522954,Emergency,2021-09-15,Aspirin,Inconclusive,23,2021,8
80,Male,O+,Cancer,2019-11-13,Kimberly Decker,Johnson-Lopez,UnitedHealthcare,47596.68168731159,Urgent,2019-12-13,Aspirin,Abnormal,30,2019,11
74,Male,A-,Arthritis,2022-12-04,Brian Elliott,Howard-Pitts,Cigna,31911.301871637366,Elective,2023-01-01,Ibuprofen,Normal,28,2022,12
79,Female,A+,Cancer,2019-09-26,George Hartman,and Sons Trujillo,Blue Cross,38598.475298861726,Urgent,2019-10-17,Aspirin,Inconclusive,21,2019,9
62,Male,AB+,Asthma,2023-06-09,Jonathan Austin,"and Delgado Allen, Wilson",Medicare,9508.082552743355,Urgent,2023-06-20,Lipitor,Inconclusive,11,2023,6
42,Female,AB+,Asthma,2020-08-23,Angel Smith,Moody-Lee,Medicare,30538.2044412614,Emergency,2020-09-11,Ibuprofen,Inconclusive,19,2020,8
54,Male,A+,Hypertension,2020-07-31,Ashley English,"Gonzalez Burch, and Diaz",Medicare,21770.014114050024,Emergency,2020-08-08,Aspirin,Inconclusive,8,2020,7
70,Male,AB-,Obesity,2021-07-25,Stephanie Diaz,"Valencia Molina, Lopez and",Aetna,2500.681593384036,Urgent,2021-08-03,Aspirin,Inconclusive,9,2021,7
35,Male,B-,Cancer,2024-01-18,Mary Mathis,Cruz-Jimenez,Blue Cross,3767.643805252863,Emergency,2024-02-01,Penicillin,Abnormal,14,2024,1
48,Female,O+,Diabetes,2021-11-09,Yolanda Harris,Banks-Martin,Blue Cross,46745.14632092861,Elective,2021-11-27,Lipitor,Normal,18,2021,11
34,Female,AB-,Diabetes,2022-07-05,Dylan Hernandez,"Eaton and Ryan, Allen",Medicare,14274.970581303096,Elective,2022-07-31,Paracetamol,Inconclusive,26,2022,7
59,Male,B-,Obesity,2022-10-19,Matthew Johnson,and Sons Powell,UnitedHealthcare,5921.604854780732,Emergency,2022-11-08,Aspirin,Normal,20,2022,10
71,Male,AB+,Asthma,2021-05-09,Arthur Barker,"Lopez Carter and Campos,",UnitedHealthcare,38023.74212491781,Emergency,2021-06-03,Paracetamol,Abnormal,25,2021,5
83,Male,AB+,Hypertension,2022-04-16,Laura Russo,James-Mcintyre,Aetna,36715.05057188273,Elective,2022-05-12,Lipitor,Abnormal,26,2022,4
65,Male,B+,Hypertension,2023-05-24,Adam May,LLC Cole,Aetna,12932.239735379666,Urgent,2023-05-31,Ibuprofen,Abnormal,7,2023,5
80,Male,AB-,Obesity,2020-12-08,Jeff Perez,Allen-Ortiz,UnitedHealthcare,12239.539895264268,Elective,2021-01-01,Ibuprofen,Normal,24,2020,12
21,Female,AB+,Hypertension,2021-03-20,Alejandra Clark,Friedman LLC,Aetna,35953.45188466557,Elective,2021-03-21,Paracetamol,Normal,1,2021,3
60,Male,O-,Asthma,2019-06-10,Dawn Harding,Rogers-Smith,Cigna,23025.831662168297,Elective,2019-06-23,Lipitor,Inconclusive,13,2019,6
84,Female,O-,Arthritis,2022-11-08,Robert Day,"and Smith Wang, Pham",Medicare,39143.601204939536,Emergency,2022-11-11,Lipitor,Abnormal,3,2022,11
26,Female,B+,Hypertension,2021-10-20,Alexander Stewart,Terrell-Powell,Medicare,20493.74590662409,Elective,2021-10-30,Lipitor,Normal,10,2021,10
57,Male,AB+,Diabetes,2023-07-16,Christopher Bentley,LLC Brown,Medicare,21505.4210748726,Elective,2023-08-09,Ibuprofen,Normal,24,2023,7
39,Female,AB+,Obesity,2021-02-21,Juan Barnett,Williams-Maldonado,Cigna,30096.24825061711,Emergency,2021-03-18,Paracetamol,Abnormal,25,2021,2
38,Male,B-,Diabetes,2022-10-19,Ryan Johnson,Saunders-Thomas,Medicare,36755.293327798056,Urgent,2022-11-13,Penicillin,Normal,25,2022,10
69,Female,A+,Hypertension,2022-01-23,Christopher Fitzpatrick,Williams Group,Aetna,26813.04978842272,Urgent,2022-01-25,Paracetamol,Abnormal,2,2022,1
20,Male,A+,Obesity,2022-11-02,Sarah Hill,Bradley PLC,UnitedHealthcare,22543.594034394755,Elective,2022-11-24,Ibuprofen,Normal,22,2022,11
75,Female,A+,Obesity,2019-07-13,John Martin,"Tucker, and Ramirez Patterson",Blue Cross,20891.35227658936,Elective,2019-07-19,Ibuprofen,Inconclusive,6,2019,7
64,Female,B-,Cancer,2020-08-07,Michaela West,Lee-Livingston,Cigna,27487.0027394792,Urgent,2020-08-29,Aspirin,Normal,22,2020,8
74,Female,AB-,Cancer,2019-06-24,Jacqueline Phelps,"Rodriguez, Taylor Conway and",Medicare,46252.364683742926,Emergency,2019-07-21,Aspirin,Inconclusive,27,2019,6
68,Female,AB-,Cancer,2023-07-24,Matthew Nguyen,"Hudson Harrison, Cooper and",UnitedHealthcare,32442.39630787032,Emergency,2023-08-16,Aspirin,Abnormal,23,2023,7
51,Male,A+,Diabetes,2024-03-31,Melissa Reyes,PLC Adams,UnitedHealthcare,11090.343559121444,Emergency,2024-04-05,Aspirin,Abnormal,5,2024,3
47,Female,A-,Asthma,2024-03-17,Marcus Turner,"Gill, and Casey Martinez",Blue Cross,14361.086304076376,Emergency,2024-03-23,Penicillin,Inconclusive,6,2024,3
65,Female,A+,Obesity,2024-04-01,Robert Gill,Blevins-Douglas,Cigna,9425.076007947047,Elective,2024-04-23,Penicillin,Inconclusive,22,2024,4
27,Male,AB+,Arthritis,2022-11-06,Patrick Parrish,"and Campbell, Wiley Cook",Aetna,41454.6775329602,Elective,2022-12-01,Penicillin,Abnormal,25,2022,11
21,Male,B-,Hypertension,2024-01-29,Maureen Salazar,Tucker-Brown,Medicare,9955.44142848513,Elective,2024-02-26,Ibuprofen,Abnormal,28,2024,1
21,Male,O+,Hypertension,2019-10-27,Jeffrey Taylor,"Hicks Kidd and Allen,",Aetna,47191.77367720067,Emergency,2019-11-23,Penicillin,Inconclusive,27,2019,10
53,Male,AB+,Cancer,2022-07-04,Sherry Torres,Williams-Howell,Medicare,32729.675155950437,Elective,2022-07-05,Lipitor,Inconclusive,1,2022,7
34,Female,A+,Arthritis,2020-09-03,Sara Crawford,Washington and Sons,Cigna,51146.16783807289,Elective,2020-09-24,Penicillin,Abnormal,21,2020,9
24,Male,A-,Obesity,2023-06-03,Kimberly Tucker,Moss Group,UnitedHealthcare,30486.60731233523,Emergency,2023-06-15,Penicillin,Normal,12,2023,6
74,Male,A-,Obesity,2022-09-03,Diana Martinez,"Mcknight Perry Rivera, and",Cigna,38497.7418379952,Urgent,2022-09-30,Lipitor,Inconclusive,27,2022,9
85,Female,O+,Obesity,2022-07-13,Nancy Watson,Richardson-Powell,Cigna,45692.90264520227,Urgent,2022-07-21,Paracetamol,Abnormal,8,2022,7
60,Male,O+,Hypertension,2020-06-11,Mary Miller,"Reese Adams, Lara and",Cigna,2948.5457903048878,Emergency,2020-06-28,Paracetamol,Inconclusive,17,2020,6
53,Female,AB+,Hypertension,2019-06-03,Brenda Torres MD,Inc Huynh,Medicare,31569.87867651557,Elective,2019-06-04,Lipitor,Normal,1,2019,6
74,Male,AB+,Arthritis,2019-09-09,Daniel Pennington,Lopez Group,Blue Cross,33538.04094808747,Elective,2019-10-09,Lipitor,Inconclusive,30,2019,9
35,Male,O-,Hypertension,2022-07-27,James Osborn,Group Turner,Cigna,9856.057304090971,Urgent,2022-08-21,Penicillin,Abnormal,25,2022,7
76,Female,O+,Obesity,2021-05-14,Lauren Brown,Graham Group,Blue Cross,45420.98623036285,Emergency,2021-06-02,Lipitor,Abnormal,19,2021,5
20,Female,AB+,Obesity,2022-11-15,Stacey Armstrong,Calhoun LLC,Aetna,24641.53193866456,Emergency,2022-11-17,Lipitor,Inconclusive,2,2022,11
83,Male,O+,Cancer,2020-02-27,Benjamin Thomas,Ward-Jordan,Aetna,18801.510493025533,Elective,2020-03-28,Penicillin,Abnormal,30,2020,2
37,Male,O-,Obesity,2022-03-10,John Day,Roberts-Sexton,Aetna,24500.18701429384,Elective,2022-04-04,Penicillin,Inconclusive,25,2022,3
37,Female,B-,Cancer,2020-04-14,Steven Ortiz,Group Powell,Aetna,16473.37371855609,Urgent,2020-05-13,Paracetamol,Inconclusive,29,2020,4
82,Male,O-,Obesity,2019-06-11,Dawn Rodriguez,Rogers LLC,Medicare,24175.188138013666,Urgent,2019-07-01,Ibuprofen,Inconclusive,20,2019,6
72,Female,AB-,Cancer,2024-01-14,Lauren Lowe,"Davis Maddox Harris, and",Aetna,11064.02825898568,Urgent,2024-02-08,Ibuprofen,Abnormal,25,2024,1
83,Male,A+,Asthma,2022-08-09,Scott Meyer,Wright-Walker,Aetna,50713.56222403902,Emergency,2022-08-27,Ibuprofen,Inconclusive,18,2022,8
83,Female,B-,Hypertension,2021-09-19,Evan George,"Thomas and Lambert, Young",Blue Cross,40850.924880202976,Emergency,2021-09-29,Aspirin,Abnormal,10,2021,9
49,Male,A+,Arthritis,2023-05-27,James Bray,Smith-Ewing,Cigna,6407.901188672767,Elective,2023-06-21,Ibuprofen,Inconclusive,25,2023,5
27,Female,B-,Cancer,2020-08-08,Eric Bowen,LLC Hayes,Aetna,25595.06979984719,Emergency,2020-09-04,Ibuprofen,Abnormal,27,2020,8
42,Male,A+,Cancer,2022-03-08,Christine Hines,Gonzalez Ltd,Blue Cross,34566.57063632834,Emergency,2022-04-02,Penicillin,Normal,25,2022,3
56,Female,A-,Asthma,2021-06-26,Michael Miller,Travis-Watkins,Blue Cross,25784.56705386994,Emergency,2021-07-15,Ibuprofen,Inconclusive,19,2021,6
44,Male,AB-,Hypertension,2023-01-28,Adrian Jacobs PhD,"and Pittman Thomas, Stein",Aetna,33345.580467448344,Emergency,2023-02-22,Paracetamol,Abnormal,25,2023,1
55,Female,AB-,Arthritis,2024-03-21,Allison Roberson,"Lopez, Rodriguez Hodges and",Cigna,48615.35286399213,Emergency,2024-04-09,Aspirin,Abnormal,19,2024,3
36,Female,O-,Cancer,2021-09-04,Susan Reid,Bentley Ltd,Cigna,36572.084376112114,Emergency,2021-09-22,Ibuprofen,Normal,18,2021,9
25,Female,B-,Obesity,2022-03-28,Patrick Morales,"Pratt and Keller, Davis",Cigna,32086.975820568143,Urgent,2022-04-08,Paracetamol,Inconclusive,11,2022,3
57,Female,O-,Asthma,2023-10-10,Michael Burns,Buck PLC,Aetna,44276.4174208084,Elective,2023-11-02,Aspirin,Normal,23,2023,10
82,Male,B-,Asthma,2019-08-31,Mark Lawson,"Williams Evans Myers, and",Blue Cross,29846.145848360564,Elective,2019-09-10,Lipitor,Abnormal,10,2019,8
42,Female,A-,Diabetes,2024-03-14,Cynthia Martin,Riddle LLC,Aetna,1398.8764619286871,Emergency,2024-04-03,Ibuprofen,Inconclusive,20,2024,3
53,Female,A-,Obesity,2020-04-17,Lynn Miller,Medina-Hubbard,Medicare,9868.006142117938,Emergency,2020-05-10,Ibuprofen,Normal,23,2020,4
41,Female,B-,Obesity,2023-12-18,Julie Jones,Jenkins PLC,Cigna,2952.6118816791045,Emergency,2023-12-22,Paracetamol,Normal,4,2023,12
61,Female,O-,Diabetes,2020-09-05,Amanda Fowler,"and Yates Serrano, Henderson",Cigna,9436.345600294011,Elective,2020-09-17,Aspirin,Normal,12,2020,9
59,Female,AB+,Diabetes,2023-10-10,Russell Serrano,Murillo-Warner,Cigna,5663.999467777997,Emergency,2023-10-22,Penicillin,Normal,12,2023,10
54,Female,O-,Hypertension,2021-11-03,Thomas White,"and Fitzgerald, Sharp Cooke",Cigna,7231.673569898058,Emergency,2021-11-25,Lipitor,Inconclusive,22,2021,11
68,Male,A-,Arthritis,2022-01-22,Dr. Matthew Hamilton MD,Smith-Carter,Blue Cross,25344.198169138,Emergency,2022-01-29,Aspirin,Abnormal,7,2022,1
67,Male,AB-,Obesity,2023-02-24,Daniel Flowers,Hernandez-Patton,Blue Cross,22456.62482865756,Elective,2023-03-20,Ibuprofen,Inconclusive,24,2023,2
75,Female,O-,Cancer,2022-10-13,John Gaines,Evans-Torres,Aetna,2473.4707476105477,Urgent,2022-11-08,Ibuprofen,Abnormal,26,2022,10
46,Male,B+,Asthma,2019-12-28,Jennifer Gray,"and Neal Barrett, Bailey",UnitedHealthcare,10484.922616617245,Urgent,2020-01-01,Aspirin,Normal,4,2019,12
72,Female,A-,Diabetes,2020-09-17,Erik Woods,Hernandez-Valdez,Medicare,14697.456429592234,Elective,2020-09-21,Aspirin,Inconclusive,4,2020,9
56,Female,A+,Obesity,2023-05-08,Carol Moore,Smith-Nguyen,Blue Cross,13672.83829453503,Emergency,2023-05-18,Ibuprofen,Normal,10,2023,5
53,Female,O-,Arthritis,2022-11-03,Hailey Jackson,Wilson-Torres,Aetna,41463.83543989072,Elective,2022-11-13,Aspirin,Normal,10,2022,11
72,Female,B+,Hypertension,2021-09-02,Joseph Miranda,"Burton and Curry, Parker",Cigna,7459.099357431387,Emergency,2021-10-02,Ibuprofen,Normal,30,2021,9
58,Male,AB+,Cancer,2021-02-13,Jason Wallace,"Patterson Mann, Williamson and",UnitedHealthcare,28441.890386434923,Urgent,2021-03-02,Ibuprofen,Abnormal,17,2021,2
69,Female,AB-,Diabetes,2022-03-08,James Thomas,"Velasquez, Bullock and Maldonado",Aetna,28180.81340492944,Elective,2022-04-04,Ibuprofen,Abnormal,27,2022,3
77,Female,B+,Diabetes,2020-07-22,Amanda Allen,Spence Sons and,Blue Cross,38313.83662055559,Emergency,2020-08-10,Aspirin,Inconclusive,19,2020,7
18,Male,O-,Cancer,2022-12-18,Frank Stephens,Sparks-Smith,Medicare,10706.539190087746,Emergency,2023-01-14,Penicillin,Normal,27,2022,12
83,Female,O-,Diabetes,2022-08-06,David Walker,"Brown, and Stone Perez",Aetna,39003.989466692045,Emergency,2022-08-27,Penicillin,Normal,21,2022,8
65,Female,O+,Asthma,2019-07-10,Karen Rodriguez MD,Inc Banks,Blue Cross,6444.732053499226,Emergency,2019-07-30,Ibuprofen,Normal,20,2019,7
54,Female,A-,Diabetes,2019-11-15,Christine Singleton,PLC Reese,Cigna,9959.980043901534,Emergency,2019-12-02,Ibuprofen,Inconclusive,17,2019,11
35,Male,AB-,Hypertension,2023-01-26,Sarah Lawrence,"Porter, Woods Miller and",UnitedHealthcare,37053.67374846308,Urgent,2023-02-08,Lipitor,Normal,13,2023,1
48,Male,O+,Asthma,2021-03-08,Allison Ruiz,Wagner-Sanchez,Medicare,40273.79568671645,Urgent,2021-03-20,Aspirin,Inconclusive,12,2021,3
34,Female,A+,Obesity,2021-01-23,Phillip Green,"Wilson and Hood, Robinson",Blue Cross,33437.44845382385,Emergency,2021-02-19,Paracetamol,Normal,27,2021,1
64,Female,AB-,Hypertension,2022-04-28,Richard Hernandez,"Smith Holland, and Hogan",Blue Cross,38938.72356460895,Elective,2022-05-21,Lipitor,Normal,23,2022,4
79,Male,O+,Diabetes,2021-11-12,Ryan Lewis,Simpson-Jennings,UnitedHealthcare,40860.8113872547,Emergency,2021-11-18,Ibuprofen,Inconclusive,6,2021,11
79,Female,B+,Diabetes,2021-01-13,Kyle Johnson,Owens-Cole,Medicare,26217.09264633338,Urgent,2021-01-26,Ibuprofen,Abnormal,13,2021,1
41,Male,A-,Diabetes,2020-08-24,Carly Johnston,"and Weaver, Lee Baxter",Medicare,37519.01518979323,Elective,2020-08-28,Lipitor,Normal,4,2020,8
21,Female,B-,Hypertension,2021-02-04,Kevin Harris,Walker Ltd,Cigna,36754.77784627982,Urgent,2021-02-17,Ibuprofen,Normal,13,2021,2
41,Male,B+,Diabetes,2024-02-12,John Moody,"Edwards, Daniels Garcia and",Medicare,25261.178872712244,Elective,2024-02-17,Lipitor,Normal,5,2024,2
47,Male,AB+,Hypertension,2021-08-23,Peggy Underwood,Hernandez-Wood,UnitedHealthcare,13325.466025984402,Emergency,2021-09-01,Lipitor,Abnormal,9,2021,8
30,Male,A+,Asthma,2023-12-26,Angela Taylor,Mccormick-Morales,Blue Cross,5333.245582713122,Urgent,2023-12-29,Penicillin,Abnormal,3,2023,12
33,Female,B-,Cancer,2019-06-18,Elizabeth Fields,Inc Santos,Blue Cross,22317.68096975426,Emergency,2019-06-23,Lipitor,Inconclusive,5,2019,6
76,Female,A+,Cancer,2020-06-22,Michael Stone,Group Greer,Blue Cross,43686.89449854437,Elective,2020-07-12,Ibuprofen,Normal,20,2020,6
79,Male,AB-,Diabetes,2020-04-03,Daniel Ball,Gonzales-Snyder,Cigna,9274.886465026186,Emergency,2020-04-26,Penicillin,Normal,23,2020,4
54,Female,AB-,Diabetes,2022-07-31,Vanessa Whitaker,Beard-Michael,Aetna,7198.044711539503,Urgent,2022-08-02,Ibuprofen,Abnormal,2,2022,7
82,Male,A+,Obesity,2021-10-01,Emily Roberson,"Leon Mcfarland Wise, and",UnitedHealthcare,26379.368851365056,Emergency,2021-10-29,Paracetamol,Normal,28,2021,10
80,Female,AB-,Obesity,2020-09-13,Angel Hawkins,and Sons Bryan,Medicare,4844.98058737316,Elective,2020-10-06,Ibuprofen,Inconclusive,23,2020,9
51,Female,B+,Obesity,2023-11-11,Megan Wright,"Coleman, and Berry Davis",UnitedHealthcare,28949.173855966907,Emergency,2023-12-09,Lipitor,Inconclusive,28,2023,11
79,Female,A+,Cancer,2021-05-20,Kimberly Hawkins,Reed-Gibson,UnitedHealthcare,40313.37340186948,Elective,2021-05-23,Penicillin,Inconclusive,3,2021,5
27,Female,B-,Arthritis,2021-08-21,Jamie Ortega,Rios Group,UnitedHealthcare,48115.638451456856,Emergency,2021-09-04,Lipitor,Abnormal,14,2021,8
84,Female,O+,Asthma,2021-04-14,Diane Hood,Inc Duran,UnitedHealthcare,17011.78250361432,Elective,2021-04-18,Lipitor,Abnormal,4,2021,4
77,Female,B+,Arthritis,2024-04-03,Denise Hernandez,"and Patel Owens Dominguez,",Aetna,41515.259304236046,Urgent,2024-04-06,Aspirin,Inconclusive,3,2024,4
51,Female,A+,Asthma,2023-07-29,Wendy Castillo,PLC Lewis,Cigna,28147.866439719597,Urgent,2023-08-19,Paracetamol,Abnormal,21,2023,7
27,Female,A-,Diabetes,2020-10-14,Kathryn Guerra,"Berry and Clark Shaw,",Aetna,13244.477995190537,Elective,2020-10-30,Aspirin,Normal,16,2020,10
45,Female,O+,Cancer,2023-06-12,Melissa Weeks,"Allen Parker and Estes,",Blue Cross,12448.688521969914,Elective,2023-06-19,Paracetamol,Normal,7,2023,6
65,Female,O-,Hypertension,2021-08-31,Scott Reed,"Hogan Malone, and Gray",Blue Cross,6904.114294766694,Emergency,2021-09-11,Ibuprofen,Inconclusive,11,2021,8
36,Female,AB+,Obesity,2019-11-13,Alejandro Cole,Ltd Martin,UnitedHealthcare,42472.25353249815,Elective,2019-12-09,Penicillin,Inconclusive,26,2019,11
66,Male,B-,Cancer,2022-05-10,John White,"Contreras Myers and Young,",UnitedHealthcare,21305.51633797254,Emergency,2022-06-04,Aspirin,Abnormal,25,2022,5
77,Male,AB+,Diabetes,2022-07-30,Noah Moore,Inc Valenzuela,Blue Cross,20825.72498213369,Elective,2022-08-04,Penicillin,Abnormal,5,2022,7
39,Male,AB+,Asthma,2019-07-28,Frank Quinn DVM,Knox-Esparza,Aetna,43663.878199415085,Urgent,2019-08-02,Paracetamol,Abnormal,5,2019,7
55,Male,B-,Arthritis,2022-05-10,Thomas Jones,"Rodriguez and Sanders, Luna",UnitedHealthcare,28478.53758684566,Emergency,2022-05-12,Paracetamol,Normal,2,2022,5
53,Female,A+,Cancer,2023-02-04,John Long,"Miller Bailey, and Anderson",Medicare,13091.802110667728,Elective,2023-02-28,Penicillin,Abnormal,24,2023,2
45,Female,AB-,Cancer,2020-10-14,Stephanie Farmer,Hancock-Galloway,Medicare,5164.536330376097,Elective,2020-11-06,Penicillin,Abnormal,23,2020,10
25,Male,A-,Diabetes,2024-03-22,Tammy Cisneros,Vasquez-Carr,Blue Cross,20762.01590134403,Emergency,2024-04-14,Ibuprofen,Abnormal,23,2024,3
78,Female,A-,Arthritis,2021-12-20,Benjamin Taylor,Gomez-Spencer,Blue Cross,35543.06752768772,Elective,2021-12-22,Lipitor,Abnormal,2,2021,12
76,Male,AB-,Arthritis,2020-03-21,Nichole Rodriguez,Sweeney LLC,Blue Cross,36334.02035323065,Urgent,2020-04-20,Lipitor,Abnormal,30,2020,3
84,Female,AB-,Asthma,2023-02-24,Vincent Young,and Patton Sons,Aetna,22990.65249287748,Elective,2023-03-03,Aspirin,Abnormal,7,2023,2
52,Male,AB-,Diabetes,2022-10-13,Roger Serrano,Lewis-Henry,Cigna,4241.391707513804,Emergency,2022-10-25,Paracetamol,Abnormal,12,2022,10
59,Male,B-,Arthritis,2022-07-28,Jared Prince,"Rowe, Stone and Patterson",Aetna,49.45011677425987,Urgent,2022-08-13,Lipitor,Abnormal,16,2022,7
47,Female,A+,Cancer,2020-04-05,Emily Joseph,Bell-Morgan,Cigna,48848.41453740604,Elective,2020-04-07,Ibuprofen,Inconclusive,2,2020,4
85,Male,O+,Hypertension,2021-12-06,Toni Parker,Alvarado-Martin,UnitedHealthcare,1077.1696809399066,Emergency,2021-12-30,Lipitor,Abnormal,24,2021,12
29,Male,O-,Diabetes,2024-01-22,Jenna Larson,Thomas-Adams,Aetna,47906.00901443315,Emergency,2024-01-25,Penicillin,Inconclusive,3,2024,1
85,Male,O+,Cancer,2019-06-05,Joseph Dixon,Cortez-Cannon,UnitedHealthcare,25098.25043675972,Emergency,2019-07-05,Penicillin,Inconclusive,30,2019,6
26,Female,O+,Diabetes,2019-06-25,Adam Richard,Burch-Hernandez,Aetna,15860.360928515727,Elective,2019-07-22,Aspirin,Abnormal,27,2019,6
35,Female,AB-,Obesity,2023-10-31,Julie Taylor,Cochran-Hart,Aetna,25442.615905575243,Emergency,2023-11-05,Penicillin,Normal,5,2023,10
48,Female,O-,Hypertension,2024-04-08,Derrick Martinez,Wood Ltd,Blue Cross,37989.196017922855,Elective,2024-05-07,Aspirin,Inconclusive,29,2024,4
21,Male,O-,Hypertension,2023-04-28,Maurice Dunn,White Group,UnitedHealthcare,671.125229911441,Urgent,2023-05-12,Aspirin,Inconclusive,14,2023,4
80,Female,B+,Hypertension,2022-04-24,Jesus Mitchell,Jackson-Brennan,Aetna,15102.955438436247,Elective,2022-05-04,Penicillin,Abnormal,10,2022,4
79,Male,A-,Obesity,2021-11-02,Gerald Chase,Smith Sons and,Medicare,19641.01270614908,Emergency,2021-11-04,Lipitor,Normal,2,2021,11
20,Male,AB-,Cancer,2019-05-11,Dr. Joseph Mitchell,"and Walsh, Floyd Owens",Aetna,35776.637069418735,Urgent,2019-05-12,Lipitor,Abnormal,1,2019,5
73,Male,AB-,Hypertension,2021-11-30,Denise Chase,Howard-Bates,Aetna,40841.27672501811,Urgent,2021-12-01,Penicillin,Abnormal,1,2021,11
50,Female,B-,Hypertension,2023-10-21,Edward Burgess,"and Perez, Graham Herrera",Blue Cross,700.5950762535957,Urgent,2023-10-24,Aspirin,Normal,3,2023,10
66,Female,A-,Arthritis,2021-12-12,Pamela Clayton,Medina-Palmer,Cigna,50404.28210395663,Elective,2021-12-28,Aspirin,Normal,16,2021,12
36,Male,A+,Diabetes,2020-11-11,Heather Miller,and Nelson Sons,Aetna,6918.301291113446,Urgent,2020-11-29,Ibuprofen,Inconclusive,18,2020,11
62,Female,AB-,Diabetes,2023-10-29,Sharon Perez,"Patterson Jones and Hernandez,",Blue Cross,34011.5442942475,Urgent,2023-11-12,Lipitor,Abnormal,14,2023,10
21,Male,B+,Diabetes,2024-02-07,Gail Roman,Jackson Inc,UnitedHealthcare,46772.76882411179,Urgent,2024-02-16,Penicillin,Inconclusive,9,2024,2
36,Male,O-,Diabetes,2022-06-15,Mary King,"Woodard, and Martin Baker",Aetna,36080.329470378514,Urgent,2022-07-06,Penicillin,Abnormal,21,2022,6
36,Female,A-,Diabetes,2021-10-16,Jennifer Jones,"Ramsey and Malone Sanford,",Aetna,8797.409413265477,Elective,2021-11-08,Aspirin,Inconclusive,23,2021,10
85,Male,O-,Hypertension,2020-10-08,Christian Dawson,"and Perry Leach, Alexander",Blue Cross,23502.45958122782,Urgent,2020-11-07,Paracetamol,Normal,30,2020,10
26,Female,AB-,Cancer,2022-08-10,Sarah Lopez,Sons and Bowman,UnitedHealthcare,15483.385683732557,Elective,2022-08-30,Paracetamol,Normal,20,2022,8
75,Female,B-,Hypertension,2019-11-15,Angela Ramirez,"and Garza Martin Holloway,",Medicare,18683.11857030521,Emergency,2019-12-10,Penicillin,Normal,25,2019,11
28,Female,A-,Arthritis,2020-06-01,James Barnes,"Holland Brown, and York",Cigna,43119.1063437755,Emergency,2020-06-05,Paracetamol,Normal,4,2020,6
55,Male,B+,Asthma,2024-01-08,Melvin Montgomery,Ltd Weber,UnitedHealthcare,33779.25832907136,Urgent,2024-01-09,Penicillin,Normal,1,2024,1
32,Female,A+,Arthritis,2023-12-25,Caroline Castillo,"Tran Wright and Vasquez,",Medicare,28319.53220701166,Elective,2024-01-11,Lipitor,Normal,17,2023,12
19,Male,O-,Asthma,2022-11-01,Cheryl Lane,Atkinson Ltd,Aetna,2914.023503376444,Elective,2022-12-01,Aspirin,Inconclusive,30,2022,11
27,Female,O-,Asthma,2022-07-02,Brittany Harding,and Brown Sons,UnitedHealthcare,7916.088600833134,Emergency,2022-07-11,Penicillin,Normal,9,2022,7
38,Female,O-,Obesity,2021-12-08,Daniel Contreras,Simpson Inc,Aetna,30372.445438301165,Emergency,2021-12-14,Paracetamol,Normal,6,2021,12
79,Female,A+,Hypertension,2022-01-22,Jacob Garcia,Edwards PLC,Blue Cross,45267.06262762212,Urgent,2022-02-16,Aspirin,Normal,25,2022,1
80,Female,AB-,Hypertension,2020-03-13,Dana Page,"Perez and Ho, Riley",Cigna,12638.051305047957,Emergency,2020-04-01,Ibuprofen,Normal,19,2020,3
19,Male,AB-,Obesity,2019-08-03,Tara Ruiz,Ltd Curry,Cigna,30789.006660254683,Urgent,2019-08-15,Ibuprofen,Abnormal,12,2019,8
61,Female,AB-,Obesity,2019-09-13,Mitchell Franklin,Group Young,Cigna,36556.5118777332,Emergency,2019-10-13,Aspirin,Inconclusive,30,2019,9
64,Female,O+,Diabetes,2020-12-23,Alexander Moore,"Edwards, Fry and Lopez",UnitedHealthcare,15579.669126052524,Emergency,2021-01-03,Aspirin,Normal,11,2020,12
57,Female,O+,Arthritis,2019-07-06,Bailey Foster,Ferguson-Cole,Medicare,29672.11493764791,Urgent,2019-07-24,Lipitor,Abnormal,18,2019,7
49,Male,A-,Diabetes,2021-01-14,Anthony Allen,"Santos and Blake Wood,",Medicare,20548.758263643515,Emergency,2021-01-30,Lipitor,Normal,16,2021,1
67,Female,A+,Asthma,2020-08-02,Amy Roberts,Inc Robinson,Medicare,48503.28984238997,Urgent,2020-08-17,Ibuprofen,Inconclusive,15,2020,8
78,Male,AB-,Obesity,2023-10-01,Susan Brown,Matthews-Mcbride,UnitedHealthcare,22247.437482013545,Urgent,2023-10-13,Penicillin,Normal,12,2023,10
33,Female,AB+,Cancer,2022-08-11,Alexandra Pena,Wright Sons and,Blue Cross,37153.37973928561,Urgent,2022-09-09,Aspirin,Abnormal,29,2022,8
43,Female,O-,Asthma,2020-05-12,Andrew Alvarez,Owens-Douglas,Aetna,18620.84904695403,Urgent,2020-05-24,Lipitor,Normal,12,2020,5
64,Male,AB-,Cancer,2020-06-19,Eric Shields,Sons Miller and,Medicare,13261.059892208868,Urgent,2020-07-12,Aspirin,Abnormal,23,2020,6
46,Female,A+,Asthma,2019-09-11,Melanie Watson,Frost Inc,Blue Cross,10648.114201713955,Emergency,2019-09-18,Lipitor,Normal,7,2019,9
33,Female,O+,Asthma,2022-01-15,Russell Cox,"and Baird, Simmons Peters",UnitedHealthcare,37629.03329951395,Emergency,2022-02-03,Aspirin,Inconclusive,19,2022,1
19,Female,A-,Diabetes,2022-03-29,Brenda Chavez,Higgins Inc,Medicare,34092.48329400681,Urgent,2022-04-10,Aspirin,Inconclusive,12,2022,3
64,Male,O-,Diabetes,2019-11-04,Ryan Hamilton,"Gates Underwood, Coleman and",Medicare,10768.308796446923,Emergency,2019-11-26,Ibuprofen,Abnormal,22,2019,11
34,Male,A+,Asthma,2022-10-28,Justin Harris,"Hobbs Schneider, and Walter",Cigna,44076.20442249016,Emergency,2022-11-03,Lipitor,Inconclusive,6,2022,10
30,Male,B-,Obesity,2023-05-17,Michelle Mcdonald,Miller-Wilson,Blue Cross,15170.336972005152,Emergency,2023-06-08,Penicillin,Abnormal,22,2023,5
65,Male,B-,Asthma,2021-01-14,Pamela Williams,Brown LLC,Cigna,7703.471945778565,Elective,2021-02-09,Lipitor,Inconclusive,26,2021,1
66,Male,B+,Arthritis,2022-12-30,Angela Sweeney,Benitez-Nguyen,Blue Cross,24768.45652521604,Emergency,2023-01-15,Paracetamol,Inconclusive,16,2022,12
43,Female,A-,Hypertension,2021-10-13,Cheryl Hamilton,Terry Ltd,Cigna,671.5270283753521,Urgent,2021-10-17,Aspirin,Inconclusive,4,2021,10
37,Female,AB-,Hypertension,2021-01-30,Wendy Montgomery,"Foley Nelson, and Thompson",Medicare,49553.13588682877,Emergency,2021-01-31,Aspirin,Normal,1,2021,1
30,Male,O+,Hypertension,2021-06-21,Maurice Ramos,Long-Golden,UnitedHealthcare,28035.937828739847,Emergency,2021-07-19,Penicillin,Normal,28,2021,6
84,Female,AB-,Arthritis,2019-11-21,Kenneth Robbins,Inc Edwards,Cigna,51059.72780393654,Emergency,2019-12-18,Penicillin,Abnormal,27,2019,11
29,Male,AB-,Cancer,2022-05-11,Curtis Evans,Johnson-Stewart,Medicare,19737.20011332953,Elective,2022-06-03,Ibuprofen,Normal,23,2022,5
66,Female,B-,Diabetes,2023-01-05,Aaron Pace,Clark-Rivers,Blue Cross,41982.11019254328,Urgent,2023-01-12,Ibuprofen,Inconclusive,7,2023,1
80,Male,A+,Cancer,2019-06-05,Jonathan White,Mccoy-Luna,Cigna,33810.04465692076,Emergency,2019-06-18,Aspirin,Inconclusive,13,2019,6
42,Female,B+,Hypertension,2020-07-13,Joe Jacobs DVM,"and Mahoney Johnson Vasquez,",UnitedHealthcare,27620.764717427424,Urgent,2020-08-10,Ibuprofen,Abnormal,28,2020,7
63,Male,AB+,Cancer,2021-09-15,Laura Sweeney,Smith Inc,UnitedHealthcare,16424.03167516201,Emergency,2021-09-22,Paracetamol,Inconclusive,7,2021,9
72,Female,A-,Cancer,2020-10-18,Anita Johnson,"and Swanson Proctor Daniels,",Cigna,32786.669232265194,Emergency,2020-11-12,Penicillin,Normal,25,2020,10
68,Female,A+,Obesity,2020-11-04,Collin Gaines,Inc Jones,Aetna,45832.83524531232,Urgent,2020-11-17,Ibuprofen,Inconclusive,13,2020,11
61,Female,B+,Cancer,2022-10-12,Amy Pearson,Austin-Galvan,Medicare,29441.691325240427,Emergency,2022-11-07,Lipitor,Abnormal,26,2022,10
72,Female,AB-,Obesity,2023-06-13,Mary Moore,"and Meadows, Thomas Vaughn",Cigna,17172.00988273984,Emergency,2023-07-06,Lipitor,Normal,23,2023,6
51,Male,B+,Obesity,2022-04-10,Audrey Luna,"Brown, and Perez Osborne",Cigna,21570.289813692503,Emergency,2022-05-03,Ibuprofen,Abnormal,23,2022,4
23,Male,A-,Arthritis,2020-09-16,Justin Perry,Larson-Townsend,Aetna,19451.779122801778,Elective,2020-10-08,Paracetamol,Inconclusive,22,2020,9
77,Male,O+,Cancer,2020-06-18,Katie Silva,"and Green Garza Ware,",UnitedHealthcare,14551.880298526852,Emergency,2020-06-19,Aspirin,Inconclusive,1,2020,6
25,Male,A+,Cancer,2020-08-28,Paige Carpenter,May-Rodriguez,UnitedHealthcare,12333.469339994992,Elective,2020-09-20,Lipitor,Abnormal,23,2020,8
74,Female,A+,Diabetes,2021-02-12,Lisa Burns,Hahn-Rollins,Cigna,4288.820712807866,Elective,2021-03-14,Lipitor,Normal,30,2021,2
39,Male,B+,Obesity,2022-09-07,Cody Galvan,Anderson-Oconnor,UnitedHealthcare,11904.521987181017,Elective,2022-09-21,Aspirin,Abnormal,14,2022,9
43,Female,AB+,Cancer,2020-08-21,Scott Bell,Rodgers Inc,Medicare,9988.199830438802,Urgent,2020-08-25,Aspirin,Inconclusive,4,2020,8
46,Male,A+,Obesity,2021-03-13,Karen Lee,Terrell-Stewart,Medicare,12060.10395678868,Elective,2021-04-08,Paracetamol,Inconclusive,26,2021,3
45,Female,A-,Diabetes,2023-12-20,Julia Reyes,"Thompson, and Ruiz Vance",UnitedHealthcare,48887.06051652329,Emergency,2024-01-09,Paracetamol,Inconclusive,20,2023,12
44,Female,A+,Hypertension,2019-10-19,Maria Parker,Clark-Leon,Cigna,22992.305851943063,Elective,2019-11-06,Paracetamol,Inconclusive,18,2019,10
44,Female,O+,Obesity,2021-07-27,Yvonne Santana,Burton-Hernandez,Aetna,37516.60233462456,Emergency,2021-08-20,Penicillin,Abnormal,24,2021,7
70,Male,O-,Obesity,2021-05-03,Ashley Johnson,Wilson Ltd,UnitedHealthcare,32798.1956413605,Urgent,2021-06-02,Paracetamol,Normal,30,2021,5
46,Female,O-,Hypertension,2021-09-12,Timothy Gomez,and Brewer Sons,Aetna,34338.86135878305,Emergency,2021-10-03,Lipitor,Normal,21,2021,9
34,Female,B+,Obesity,2023-06-10,James Bryan,Randall-Castaneda,Cigna,44231.80391859678,Emergency,2023-06-20,Ibuprofen,Abnormal,10,2023,6
28,Male,AB+,Arthritis,2019-08-12,Amy Mcdonald,Inc Griffin,UnitedHealthcare,35976.35860382427,Emergency,2019-08-20,Lipitor,Normal,8,2019,8
35,Male,O+,Asthma,2023-07-24,James Blair,"Long Riley Lewis, and",Blue Cross,31693.900794076744,Emergency,2023-07-30,Paracetamol,Inconclusive,6,2023,7
35,Male,B+,Diabetes,2019-11-03,Destiny Hooper,"Lopez Stanley, and Perez",Aetna,31781.02203864635,Urgent,2019-11-29,Penicillin,Inconclusive,26,2019,11
50,Female,O+,Asthma,2020-05-05,Ricky Mccormick,Fry LLC,UnitedHealthcare,20713.7372311163,Emergency,2020-05-11,Ibuprofen,Normal,6,2020,5
30,Male,B-,Diabetes,2022-02-01,William Gonzalez,Henry Inc,Blue Cross,45217.89690052896,Elective,2022-02-11,Penicillin,Normal,10,2022,2
48,Female,A+,Obesity,2021-11-18,Brandon Mejia,Williams Ltd,Blue Cross,49458.49826244339,Urgent,2021-12-13,Aspirin,Inconclusive,25,2021,11
21,Male,A-,Cancer,2020-01-27,Meagan Jordan,"Wilson and Kelley, Fitzgerald",Blue Cross,32140.235718181262,Elective,2020-02-18,Paracetamol,Normal,22,2020,1
77,Female,B-,Arthritis,2019-12-05,Melinda Smith,Vang Group,Cigna,17591.452113778563,Emergency,2019-12-20,Lipitor,Inconclusive,15,2019,12
77,Female,B+,Arthritis,2023-03-20,Meghan Hardin,Group Alexander,Blue Cross,33999.22981697186,Urgent,2023-04-04,Aspirin,Abnormal,15,2023,3
38,Male,O-,Obesity,2019-11-01,Alyssa Rivas,Wilson-Smith,UnitedHealthcare,28766.37772282056,Elective,2019-11-27,Penicillin,Normal,26,2019,11
19,Female,O-,Cancer,2023-10-26,Jennifer Miller,Inc Cannon,Cigna,50437.74621614325,Elective,2023-11-16,Ibuprofen,Inconclusive,21,2023,10
68,Female,O-,Arthritis,2022-09-27,Steven Parrish,"Collins Cooper Thompson, and",Aetna,43862.61935062125,Emergency,2022-10-04,Penicillin,Abnormal,7,2022,9
60,Female,B-,Obesity,2021-10-20,Kaylee Smith,"Williams, Rice Barnes and",Medicare,29373.756114503507,Elective,2021-10-28,Aspirin,Inconclusive,8,2021,10
38,Male,A+,Asthma,2019-09-26,David Hubbard,Lee-Brennan,Blue Cross,19201.76925697265,Urgent,2019-10-23,Ibuprofen,Abnormal,27,2019,9
18,Female,O-,Diabetes,2022-06-20,Sandra Gonzales,Greene-Barnett,Blue Cross,29015.933070376544,Urgent,2022-06-29,Ibuprofen,Abnormal,9,2022,6
22,Female,A+,Arthritis,2023-10-21,Lisa Williams,Howard-Meyer,UnitedHealthcare,45299.977171606566,Urgent,2023-10-28,Penicillin,Normal,7,2023,10
57,Female,O-,Asthma,2019-05-11,Patrick Robbins,Brown LLC,Medicare,47449.61653897699,Urgent,2019-05-17,Ibuprofen,Inconclusive,6,2019,5
72,Female,A-,Asthma,2021-01-02,Brandon Mercado,"Jones Lopez, and Ali",Medicare,30133.235414131064,Emergency,2021-01-24,Aspirin,Normal,22,2021,1
22,Male,AB-,Cancer,2022-09-24,Roberta Garcia,PLC Williams,Aetna,29133.32202906816,Elective,2022-09-25,Penicillin,Normal,1,2022,9
57,Male,B+,Obesity,2023-10-17,Kevin Oliver,PLC Smith,Blue Cross,34264.86547927692,Urgent,2023-10-30,Paracetamol,Inconclusive,13,2023,10
85,Male,B+,Hypertension,2023-09-12,Sydney Mcbride,Stone Ltd,Blue Cross,21447.559355333804,Urgent,2023-09-27,Lipitor,Inconclusive,15,2023,9
64,Female,A+,Asthma,2021-12-22,Maria Brown PhD,"Washington, Moran and Le",Blue Cross,34508.72031577254,Emergency,2022-01-13,Penicillin,Abnormal,22,2021,12
51,Male,A-,Cancer,2023-02-25,Darren Walters,Fernandez-Mahoney,Cigna,45697.77858162468,Urgent,2023-03-25,Penicillin,Inconclusive,28,2023,2
48,Female,O-,Cancer,2023-06-19,Shane Gates,LLC Cooley,Aetna,31415.693596370867,Emergency,2023-07-05,Penicillin,Abnormal,16,2023,6
48,Female,O-,Cancer,2019-07-13,Alex Thomas,Gonzalez Sons and,UnitedHealthcare,13690.90034633557,Emergency,2019-08-12,Penicillin,Normal,30,2019,7
70,Female,O+,Hypertension,2022-03-01,Heather Taylor,Group Beck,Medicare,39494.05481899151,Urgent,2022-03-03,Ibuprofen,Inconclusive,2,2022,3
57,Male,O+,Asthma,2020-10-04,Samantha Banks,Lowe-Bruce,Aetna,34898.35906255016,Urgent,2020-10-29,Penicillin,Inconclusive,25,2020,10
76,Male,AB+,Obesity,2021-02-25,Patricia Wagner,Best-Ramsey,Cigna,50658.52882138885,Urgent,2021-03-26,Lipitor,Abnormal,29,2021,2
41,Male,AB-,Obesity,2023-12-19,Kathleen Lawrence,"Smith, Miller Rosario and",UnitedHealthcare,30881.35942552224,Emergency,2023-12-25,Penicillin,Inconclusive,6,2023,12
47,Male,B-,Obesity,2022-05-29,Savannah Herrera,PLC Mendez,Medicare,12635.805365423426,Urgent,2022-06-18,Paracetamol,Normal,20,2022,5
18,Female,A+,Diabetes,2020-07-22,Erin Martinez,LLC Lee,UnitedHealthcare,19596.913386110064,Emergency,2020-08-08,Aspirin,Abnormal,17,2020,7
33,Male,A+,Cancer,2021-10-30,Seth Kennedy,Bowman-Young,Aetna,36340.426851139855,Emergency,2021-11-08,Lipitor,Normal,9,2021,10
41,Male,AB-,Obesity,2020-06-05,Brandon Dixon,and Sons Holmes,Blue Cross,18387.26695551107,Elective,2020-06-10,Penicillin,Normal,5,2020,6
23,Female,A+,Obesity,2023-10-13,Elizabeth Nixon,Shaw Inc,Medicare,32731.724219053867,Emergency,2023-11-06,Lipitor,Normal,24,2023,10
69,Female,AB+,Cancer,2020-06-12,Jordan Bruce,Floyd LLC,Cigna,49407.78284466687,Emergency,2020-06-22,Aspirin,Abnormal,10,2020,6
25,Male,A-,Diabetes,2023-06-27,Amber Bailey,Morris-Rowe,Cigna,35624.96549525986,Elective,2023-07-04,Paracetamol,Normal,7,2023,6
71,Female,AB-,Cancer,2020-08-29,Sheena Weaver,LLC Wood,Medicare,34162.48481009162,Urgent,2020-09-02,Ibuprofen,Inconclusive,4,2020,8
74,Male,B-,Hypertension,2021-07-14,Preston Lewis,Sims-Mullins,Aetna,699.9481081626193,Elective,2021-07-16,Lipitor,Inconclusive,2,2021,7
78,Male,B-,Arthritis,2022-09-01,Brady Johnson,Barker and Sons,Medicare,16524.223086335187,Elective,2022-09-10,Penicillin,Abnormal,9,2022,9
69,Male,AB-,Asthma,2019-08-06,Kyle Lucas,Ltd Wright,Blue Cross,13680.353368931092,Urgent,2019-08-16,Ibuprofen,Abnormal,10,2019,8
34,Female,B-,Arthritis,2019-06-18,Blake Pope,"Jimenez, Green and Wright",Cigna,38122.9289944303,Urgent,2019-07-16,Ibuprofen,Inconclusive,28,2019,6
67,Male,A+,Diabetes,2022-05-01,Ashley Walters,"Rice, Thompson Williams and",Cigna,20545.939354429465,Urgent,2022-05-23,Paracetamol,Normal,22,2022,5
28,Male,A-,Arthritis,2019-11-21,Brian Taylor,Barnes-Norris,Blue Cross,40408.8818098275,Urgent,2019-11-30,Penicillin,Inconclusive,9,2019,11
57,Male,B+,Diabetes,2022-04-12,Christopher Green,Lee-Edwards,Cigna,14209.760051521796,Urgent,2022-05-10,Aspirin,Normal,28,2022,4
38,Male,B+,Cancer,2024-02-20,Tonya Cobb,Medina-Campos,UnitedHealthcare,46605.0527576414,Urgent,2024-03-18,Paracetamol,Inconclusive,27,2024,2
58,Female,AB+,Arthritis,2023-12-07,Scott Smith,Smith Group,UnitedHealthcare,25710.735885247454,Elective,2023-12-31,Aspirin,Normal,24,2023,12
69,Male,B-,Asthma,2023-11-13,Heather Church,Davis-Freeman,Medicare,23031.249521642487,Urgent,2023-11-23,Ibuprofen,Abnormal,10,2023,11
36,Female,A+,Cancer,2021-12-24,Jacqueline Bowman,Price-Keller,UnitedHealthcare,9588.947221483402,Urgent,2022-01-17,Ibuprofen,Inconclusive,24,2021,12
47,Female,AB+,Obesity,2023-06-04,Mrs. Victoria Sanchez MD,LLC Wilson,UnitedHealthcare,2538.5061146719063,Emergency,2023-07-01,Aspirin,Inconclusive,27,2023,6
19,Male,AB-,Hypertension,2019-05-14,Linda Peterson,Fox-Campos,Aetna,26386.67399957296,Elective,2019-05-21,Ibuprofen,Abnormal,7,2019,5
85,Female,A+,Diabetes,2021-07-18,Julie Nelson,Jones-George,Cigna,35006.015877985155,Urgent,2021-07-21,Lipitor,Abnormal,3,2021,7
30,Female,AB-,Diabetes,2021-12-21,Christopher Page,Hall Group,Blue Cross,49100.996105906765,Urgent,2022-01-07,Penicillin,Abnormal,17,2021,12
68,Male,O-,Obesity,2022-07-28,Kevin Paul,"and Merritt Turner, Sanders",Blue Cross,32474.903491790148,Urgent,2022-08-07,Paracetamol,Abnormal,10,2022,7
20,Male,O-,Diabetes,2023-11-20,Madeline Lewis,Bennett Group,Cigna,47894.88070639495,Elective,2023-11-21,Paracetamol,Abnormal,1,2023,11
44,Female,AB+,Arthritis,2023-12-18,Cassandra Cain,Johnson LLC,Medicare,48106.41236604376,Elective,2024-01-10,Paracetamol,Inconclusive,23,2023,12
76,Male,O-,Arthritis,2020-03-31,David Simmons,"Hebert and Morgan, Wilson",Aetna,38755.11345082393,Elective,2020-04-15,Paracetamol,Abnormal,15,2020,3
62,Male,O-,Arthritis,2021-01-06,Dennis Gutierrez,"Wright Miller Gonzalez, and",Aetna,31269.47760809684,Emergency,2021-01-18,Aspirin,Inconclusive,12,2021,1
25,Female,AB+,Hypertension,2023-08-21,Jack Reilly,"and Mayo Chen, Murray",Medicare,49400.21402801165,Urgent,2023-08-24,Penicillin,Normal,3,2023,8
40,Female,B-,Arthritis,2023-02-02,Curtis Li,Bailey-Buckley,Aetna,1779.4729585360017,Emergency,2023-02-08,Ibuprofen,Inconclusive,6,2023,2
42,Male,A+,Obesity,2023-10-10,Joseph Young,Peters-Bentley,UnitedHealthcare,46237.975761230606,Elective,2023-10-30,Ibuprofen,Normal,20,2023,10
34,Male,AB-,Diabetes,2022-03-31,Danielle Robinson,"Martinez, Sullivan Bowers and",UnitedHealthcare,21009.20153321011,Elective,2022-04-16,Penicillin,Normal,16,2022,3
47,Female,O+,Cancer,2019-12-20,Melvin Harmon,Wright-Schmidt,Blue Cross,40406.87229855708,Emergency,2019-12-27,Lipitor,Abnormal,7,2019,12
22,Male,B-,Arthritis,2024-02-22,Tracy Bowman,Sons and Patton,Medicare,24490.01876591004,Elective,2024-03-06,Paracetamol,Inconclusive,13,2024,2
38,Female,B+,Arthritis,2024-04-15,Leah Guerra,Jennings Group,Cigna,36067.82191188086,Elective,2024-05-09,Paracetamol,Inconclusive,24,2024,4
51,Male,AB-,Cancer,2020-11-23,Adam Perez,"Sandoval Cook and Gutierrez,",UnitedHealthcare,20274.97082098852,Emergency,2020-12-07,Aspirin,Abnormal,14,2020,11
63,Male,A-,Obesity,2019-08-08,Justin Cameron,Mason-Moore,Aetna,30964.35399426707,Emergency,2019-08-12,Penicillin,Normal,4,2019,8
59,Male,AB-,Cancer,2023-08-22,Eric Simpson,"Parker, and Parker Macdonald",Cigna,34318.34645688757,Urgent,2023-08-27,Aspirin,Inconclusive,5,2023,8
51,Male,O+,Arthritis,2022-05-17,Joseph Price,Inc Jensen,Blue Cross,28312.9366206766,Elective,2022-05-25,Aspirin,Abnormal,8,2022,5
21,Male,A-,Asthma,2023-03-09,Debra Johnson,Ltd Potts,Cigna,26527.55730240478,Elective,2023-03-28,Penicillin,Inconclusive,19,2023,3
31,Male,AB+,Cancer,2021-05-03,Catherine Joseph,Smith-Miller,Medicare,34830.843589439086,Elective,2021-05-17,Penicillin,Abnormal,14,2021,5
50,Female,A+,Cancer,2022-09-25,Amanda Miller,"and Allen Anderson, Rivera",Cigna,23698.708553919256,Urgent,2022-10-25,Ibuprofen,Normal,30,2022,9
54,Male,B-,Hypertension,2023-09-12,Dr. Rachel Hudson,"Logan Smith Vaughn, and",UnitedHealthcare,27139.541095658125,Emergency,2023-09-15,Penicillin,Normal,3,2023,9
47,Male,AB-,Hypertension,2019-07-28,Gina Curry,PLC Harrison,Cigna,45079.61828127071,Urgent,2019-08-04,Ibuprofen,Abnormal,7,2019,7
84,Male,AB+,Arthritis,2020-07-25,Christopher Scott,"Harris Jackson Pearson, and",UnitedHealthcare,47408.57771839778,Urgent,2020-08-12,Aspirin,Normal,18,2020,7
64,Male,AB-,Obesity,2024-02-24,Pamela Harris,Bell-Hernandez,Aetna,38160.7448684728,Urgent,2024-02-29,Penicillin,Abnormal,5,2024,2
68,Female,A+,Arthritis,2023-01-25,Krystal Bowman,Chavez-Chapman,Blue Cross,8976.398188785079,Emergency,2023-01-26,Aspirin,Inconclusive,1,2023,1
26,Female,A+,Hypertension,2021-09-30,Michelle Simmons,Stephens Group,Medicare,3356.4829390780465,Urgent,2021-10-07,Lipitor,Abnormal,7,2021,9
82,Female,B-,Obesity,2022-02-07,Jeffrey Haley,Bush-Rodgers,Aetna,915.272322177406,Urgent,2022-02-19,Aspirin,Normal,12,2022,2
30,Male,A-,Diabetes,2020-06-25,Joshua Jones,"Wade Savage, Harrington and",Blue Cross,26138.88043551831,Emergency,2020-07-10,Paracetamol,Abnormal,15,2020,6
25,Female,B-,Cancer,2021-01-11,Daryl Oconnor,"Butler Mathis and Mooney,",Blue Cross,9573.385548733168,Emergency,2021-02-03,Penicillin,Abnormal,23,2021,1
51,Female,B-,Obesity,2024-03-16,Tyler Pearson,Burns-Smith,Medicare,5264.17734768446,Emergency,2024-03-18,Lipitor,Abnormal,2,2024,3
71,Female,A+,Cancer,2021-09-19,Katrina Martin,"Cook and Craig, Herrera",Blue Cross,804.2447439027342,Urgent,2021-10-18,Penicillin,Normal,29,2021,9
81,Female,A-,Arthritis,2020-12-11,Sharon Morris,Serrano Group,UnitedHealthcare,13386.352057102273,Urgent,2020-12-12,Lipitor,Inconclusive,1,2020,12
27,Male,AB+,Cancer,2023-02-11,Erika Gordon,"and Gentry Rich, King",Blue Cross,21528.260757847565,Urgent,2023-03-02,Penicillin,Normal,19,2023,2
34,Female,B+,Hypertension,2024-04-06,Mike Riley,Davila-Harding,Cigna,10653.466542022295,Elective,2024-04-23,Lipitor,Abnormal,17,2024,4
42,Female,O-,Arthritis,2022-04-18,David Sims,"Ortega, Taylor Berry and",UnitedHealthcare,44407.343247251054,Urgent,2022-04-22,Paracetamol,Abnormal,4,2022,4
26,Male,A+,Diabetes,2024-04-30,Joseph Smith,"Cabrera Barnes, Harper and",UnitedHealthcare,26686.198485178884,Elective,2024-05-16,Aspirin,Normal,16,2024,4
75,Male,B-,Arthritis,2023-03-01,Sandra Key,Williams Inc,Aetna,38160.72481604702,Urgent,2023-03-05,Aspirin,Normal,4,2023,3
50,Male,A-,Hypertension,2022-06-20,Jessica Perez,Chen-Garrett,Medicare,35726.304541690995,Urgent,2022-06-29,Paracetamol,Inconclusive,9,2022,6
23,Male,O-,Obesity,2020-10-30,Maria Jones,Johnson PLC,Medicare,42345.63910614404,Emergency,2020-11-29,Ibuprofen,Abnormal,30,2020,10
35,Female,A-,Cancer,2021-12-11,Brianna Mccoy,Mitchell-Ryan,Cigna,10498.99478442596,Elective,2021-12-17,Aspirin,Inconclusive,6,2021,12
27,Male,B-,Hypertension,2023-07-27,Robert Hampton,Ltd Todd,Medicare,14030.36309675418,Urgent,2023-08-18,Lipitor,Normal,22,2023,7
44,Male,A+,Diabetes,2020-08-03,Michelle James,Johnson-Nichols,UnitedHealthcare,14558.190436616913,Elective,2020-08-31,Ibuprofen,Inconclusive,28,2020,8
80,Male,O+,Diabetes,2022-02-27,Brandon Sutton,Dean-Smith,Aetna,3027.993159971465,Elective,2022-02-28,Aspirin,Normal,1,2022,2
75,Male,A+,Obesity,2024-03-04,Wendy Oliver,"Shaw Taylor, and Khan",Blue Cross,35294.67720007783,Emergency,2024-03-18,Paracetamol,Inconclusive,14,2024,3
49,Female,O+,Obesity,2020-01-19,Victor Dixon,Mercado-Brown,Blue Cross,18181.533836900748,Emergency,2020-02-10,Aspirin,Inconclusive,22,2020,1
58,Male,B+,Hypertension,2024-03-16,Rebecca Herring,Powell-Nelson,Cigna,29950.72406633985,Urgent,2024-03-17,Lipitor,Inconclusive,1,2024,3
52,Male,A-,Diabetes,2020-06-25,Bill Clark,Nelson-Wilson,Cigna,13661.063120328798,Urgent,2020-07-24,Lipitor,Abnormal,29,2020,6
77,Female,O-,Hypertension,2024-04-21,Anthony Smith,Cooley-Howell,Medicare,32857.62367707483,Urgent,2024-04-26,Ibuprofen,Normal,5,2024,4
79,Male,A+,Cancer,2022-10-23,Justin Tapia,PLC Wright,UnitedHealthcare,15702.03036268479,Emergency,2022-10-27,Aspirin,Normal,4,2022,10
84,Female,AB+,Cancer,2023-06-17,Robyn Howard,Willis PLC,Blue Cross,41948.6408434136,Urgent,2023-07-12,Aspirin,Inconclusive,25,2023,6
75,Male,A+,Hypertension,2019-11-10,William Taylor,"and Edwards Brown Murphy,",Cigna,35792.121027798064,Elective,2019-12-09,Ibuprofen,Normal,29,2019,11
74,Male,A+,Asthma,2020-07-02,David Perry,Nelson-Drake,Aetna,47540.28357224411,Urgent,2020-07-05,Paracetamol,Inconclusive,3,2020,7
68,Male,AB+,Obesity,2020-08-01,Sarah Becker,Stewart-Daniel,Cigna,6664.525501266508,Urgent,2020-08-09,Aspirin,Inconclusive,8,2020,8
19,Female,A-,Asthma,2020-01-20,Jessica Washington,"Miller and Perez Wood,",Medicare,37765.34816611584,Emergency,2020-01-30,Ibuprofen,Inconclusive,10,2020,1
79,Female,O+,Arthritis,2021-11-18,Jennifer Webster,Ltd Simmons,Aetna,25974.615537744103,Urgent,2021-12-15,Paracetamol,Normal,27,2021,11
38,Male,B+,Asthma,2022-04-21,Carrie Li,"and Simmons Lopez Chavez,",Cigna,43630.80301702855,Emergency,2022-05-03,Paracetamol,Inconclusive,12,2022,4
25,Male,AB-,Asthma,2022-08-11,Jay Moore,Ltd Carson,Aetna,6948.144633876157,Elective,2022-08-12,Ibuprofen,Normal,1,2022,8
66,Male,B+,Cancer,2020-08-10,Christopher Avery,Perry and Sons,Blue Cross,1773.4557157416407,Elective,2020-08-26,Paracetamol,Normal,16,2020,8
25,Female,B+,Hypertension,2022-02-11,Dr. Michael Patrick,Kelly LLC,Cigna,4525.204273831698,Urgent,2022-02-28,Ibuprofen,Inconclusive,17,2022,2
20,Female,A-,Cancer,2019-09-01,Gregory Jenkins,Morris-Fox,Cigna,2250.826534626081,Urgent,2019-09-06,Ibuprofen,Inconclusive,5,2019,9
38,Male,AB-,Cancer,2021-08-07,Kenneth Vargas,"Richmond, and Williams Cabrera",UnitedHealthcare,47511.50735318321,Urgent,2021-08-14,Lipitor,Normal,7,2021,8
68,Female,O-,Hypertension,2021-02-24,Michelle Anderson,Ltd George,Blue Cross,19390.265984307927,Elective,2021-02-26,Aspirin,Abnormal,2,2021,2
43,Female,O+,Cancer,2022-11-12,Amber Schaefer,"Ramirez, Owens and Evans",Aetna,12377.400525970275,Emergency,2022-11-24,Penicillin,Normal,12,2022,11
73,Male,AB+,Asthma,2020-12-25,Ryan Andersen,Sparks PLC,Blue Cross,23934.241144489588,Urgent,2021-01-11,Penicillin,Normal,17,2020,12
65,Male,B+,Asthma,2024-04-22,Mr. Matthew Howell,"Ewing Carr Watson, and",Aetna,8896.020945606582,Urgent,2024-05-04,Ibuprofen,Normal,12,2024,4
80,Female,AB-,Arthritis,2023-08-27,Joshua Evans,Smith-Hoffman,Cigna,35513.76632548327,Emergency,2023-09-25,Penicillin,Normal,29,2023,8
40,Male,B+,Hypertension,2022-04-25,William Mcdonald,"Frey and Wise, Mendez",Medicare,41365.00477517112,Elective,2022-04-29,Paracetamol,Inconclusive,4,2022,4
76,Female,A+,Diabetes,2021-02-10,Heather Lopez,Lyons PLC,Medicare,2776.7776756889384,Emergency,2021-03-04,Ibuprofen,Normal,22,2021,2
81,Male,O+,Cancer,2022-12-29,Melanie Ortiz,Inc Pruitt,Aetna,33473.55013204379,Elective,2023-01-04,Lipitor,Inconclusive,6,2022,12
48,Male,A-,Arthritis,2023-02-03,Timothy Wood,"Hernandez Brown, and Norman",UnitedHealthcare,46947.03727409146,Emergency,2023-02-08,Ibuprofen,Abnormal,5,2023,2
38,Female,O+,Obesity,2021-02-27,Bonnie Johnson,"Weeks, Carey Johnson and",Blue Cross,31013.91950442644,Urgent,2021-03-16,Aspirin,Inconclusive,17,2021,2
78,Male,AB-,Arthritis,2023-06-12,Heather Jensen,Stein-Smith,Medicare,32746.568689731645,Elective,2023-07-05,Lipitor,Inconclusive,23,2023,6
44,Female,O-,Arthritis,2023-07-11,Cassandra Carroll,"Cole Dawson and King,",UnitedHealthcare,24668.502180131232,Emergency,2023-07-25,Aspirin,Inconclusive,14,2023,7
48,Male,B+,Cancer,2019-08-06,Kelly Davis,Jordan-Combs,Cigna,15023.72516833882,Emergency,2019-08-28,Penicillin,Normal,22,2019,8
58,Female,AB+,Hypertension,2023-08-12,Jeremy Vaughn,Jones-Buchanan,Aetna,41438.75349619138,Urgent,2023-08-18,Lipitor,Inconclusive,6,2023,8
38,Female,A-,Cancer,2020-08-02,Bradley Bryant,Miller PLC,Cigna,31446.974476479376,Emergency,2020-08-19,Aspirin,Inconclusive,17,2020,8
52,Male,A+,Arthritis,2023-07-14,Anthony Ramirez,"Jackson Parks, and Hickman",UnitedHealthcare,36047.1714265766,Emergency,2023-07-20,Penicillin,Abnormal,6,2023,7
67,Female,B+,Asthma,2021-08-06,Tiffany Dickerson,Sons Allison and,UnitedHealthcare,6186.133307383427,Urgent,2021-08-31,Penicillin,Inconclusive,25,2021,8
52,Female,O-,Obesity,2020-08-23,Brett Snyder,Hunter-Vincent,Cigna,39188.95032172475,Urgent,2020-09-03,Aspirin,Normal,11,2020,8
76,Female,AB+,Cancer,2022-06-29,Alexis Garrison,"Chen, and Avery Green",UnitedHealthcare,8501.149965553423,Elective,2022-07-13,Paracetamol,Abnormal,14,2022,6
67,Female,B-,Diabetes,2023-12-07,Rachel Miranda,Hunter LLC,UnitedHealthcare,32922.80910156692,Urgent,2023-12-14,Lipitor,Inconclusive,7,2023,12
41,Male,B-,Diabetes,2023-06-11,William Fisher,Cunningham-Stephens,Medicare,45005.5538859024,Emergency,2023-06-13,Paracetamol,Normal,2,2023,6
73,Female,AB+,Asthma,2020-03-29,Dennis Gregory,Fox PLC,Blue Cross,20393.95826286607,Urgent,2020-04-09,Aspirin,Normal,11,2020,3
22,Male,AB+,Diabetes,2021-05-11,Matthew Medina,"Moore Morris Martinez, and",Aetna,20874.04302624624,Elective,2021-05-16,Paracetamol,Inconclusive,5,2021,5
46,Male,A-,Diabetes,2021-03-21,Jennifer Lopez,Lyons-Hickman,Medicare,44524.63780175894,Elective,2021-04-19,Paracetamol,Inconclusive,29,2021,3
30,Female,O-,Obesity,2019-05-11,Maria Spencer,"and Hall Little Moon,",UnitedHealthcare,6549.173752573523,Elective,2019-06-01,Paracetamol,Abnormal,21,2019,5
55,Female,O+,Cancer,2023-04-17,Molly Rios,French Ltd,UnitedHealthcare,13964.154805715898,Emergency,2023-05-06,Ibuprofen,Inconclusive,19,2023,4
68,Female,AB+,Asthma,2020-08-05,Danielle Shields,"and Henderson Kline Barnett,",Cigna,35523.14237533802,Urgent,2020-08-25,Ibuprofen,Inconclusive,20,2020,8
18,Female,B-,Asthma,2021-05-06,Tammy Wilson,Walton Inc,UnitedHealthcare,40391.334506119725,Elective,2021-06-01,Aspirin,Abnormal,26,2021,5
73,Male,O-,Arthritis,2023-12-11,Tyler Henry,Hernandez PLC,UnitedHealthcare,35325.379088648595,Elective,2023-12-31,Aspirin,Normal,20,2023,12
69,Male,A-,Obesity,2021-05-17,Theresa Brown,Cruz-Fritz,Aetna,5402.658842425022,Emergency,2021-05-18,Lipitor,Inconclusive,1,2021,5
67,Male,B-,Asthma,2023-04-20,Roger Brown,Lewis-Greene,Blue Cross,14571.42279970705,Emergency,2023-05-07,Penicillin,Inconclusive,17,2023,4
37,Female,O-,Asthma,2019-08-30,Jennifer Paul,Perry-Hayes,UnitedHealthcare,46400.478724267145,Emergency,2019-09-13,Penicillin,Inconclusive,14,2019,8
37,Male,AB+,Obesity,2023-06-11,Alexandra Ramos,Meyers-Hicks,UnitedHealthcare,10029.203289244222,Urgent,2023-06-15,Ibuprofen,Normal,4,2023,6
45,Female,O+,Diabetes,2021-04-23,Michelle Gilbert,Nicholson-Perez,Aetna,38146.99968675789,Urgent,2021-05-11,Aspirin,Abnormal,18,2021,4
57,Male,O+,Obesity,2024-01-24,Teresa Carroll,Thompson-Jones,Blue Cross,39379.01531675196,Urgent,2024-02-17,Paracetamol,Abnormal,24,2024,1
72,Male,B-,Arthritis,2021-11-27,Russell Miles,Shaw-Mullins,Blue Cross,367.9888035209871,Urgent,2021-12-08,Lipitor,Abnormal,11,2021,11
29,Female,O-,Cancer,2021-04-16,David Gonzalez,PLC Williams,Blue Cross,6006.059966564103,Urgent,2021-04-30,Aspirin,Normal,14,2021,4
77,Female,B-,Asthma,2021-08-25,Nina Stephens,Bradshaw-Meadows,Aetna,7271.644184242494,Elective,2021-08-26,Aspirin,Abnormal,1,2021,8
43,Female,AB+,Hypertension,2021-05-19,Angela Richard,LLC Ferrell,Medicare,8590.190771961148,Emergency,2021-05-30,Paracetamol,Normal,11,2021,5
19,Female,A+,Cancer,2021-10-03,Andrew Collins,Weaver-Figueroa,Medicare,18563.447617777707,Emergency,2021-10-15,Ibuprofen,Abnormal,12,2021,10
57,Female,B+,Cancer,2022-05-27,Meghan Mccullough,Hill-Bowman,Blue Cross,40700.10206381887,Urgent,2022-06-22,Penicillin,Abnormal,26,2022,5
72,Male,O-,Asthma,2021-04-21,Antonio Mcdonald,Fuller-Gilbert,Medicare,27271.21965932108,Emergency,2021-05-17,Aspirin,Abnormal,26,2021,4
71,Female,A+,Diabetes,2023-11-12,Anthony Robinson,"Davis Garcia, and Gay",Medicare,11242.742595117752,Emergency,2023-11-13,Paracetamol,Normal,1,2023,11
30,Female,A-,Obesity,2023-09-30,Dawn Ward,Cole-Montgomery,UnitedHealthcare,23082.23799967846,Urgent,2023-10-12,Aspirin,Inconclusive,12,2023,9
74,Female,A-,Asthma,2024-04-01,Sarah Patterson,Group Owens,UnitedHealthcare,11124.838925592923,Elective,2024-04-17,Ibuprofen,Inconclusive,16,2024,4
77,Male,O-,Asthma,2020-11-18,Daniel Livingston,PLC Brooks,Cigna,12721.900606759871,Emergency,2020-12-11,Aspirin,Normal,23,2020,11
77,Female,B-,Obesity,2022-03-24,Randy Shea,"Massey, and Snyder Bell",Aetna,45956.22629779394,Elective,2022-04-21,Penicillin,Abnormal,28,2022,3
70,Male,O+,Hypertension,2022-12-04,Kathryn Humphrey,Ltd Malone,Cigna,18646.9488910978,Emergency,2022-12-12,Lipitor,Abnormal,8,2022,12
48,Female,A+,Arthritis,2024-01-06,John Cruz,Martinez-Potter,Medicare,5030.845781498045,Urgent,2024-01-20,Ibuprofen,Inconclusive,14,2024,1
56,Male,B+,Diabetes,2021-11-16,Amy Taylor,Mckenzie-Miller,Medicare,6860.887731132408,Urgent,2021-12-10,Ibuprofen,Abnormal,24,2021,11
83,Male,O-,Obesity,2019-07-20,Steven Morales,Garcia-Farmer,Blue Cross,25857.53878258312,Emergency,2019-08-07,Penicillin,Inconclusive,18,2019,7
70,Female,O+,Arthritis,2020-08-31,Paula Anderson,PLC Richard,Aetna,13575.163626456297,Elective,2020-09-09,Lipitor,Inconclusive,9,2020,8
70,Male,O-,Obesity,2023-05-25,Lisa Horne,Jones-Johnson,Blue Cross,2168.1701099628654,Elective,2023-06-10,Ibuprofen,Inconclusive,16,2023,5
79,Male,AB+,Asthma,2022-09-21,Ashley Johnston,Stephenson-Cruz,Medicare,10581.42862969242,Elective,2022-10-15,Penicillin,Abnormal,24,2022,9
82,Male,A+,Hypertension,2019-11-01,Patricia Cole,"Taylor and Scott Bowman,",Medicare,48687.01013698123,Elective,2019-11-20,Penicillin,Abnormal,19,2019,11
70,Male,AB+,Arthritis,2021-04-04,Robert Garcia,Anderson-Cox,Blue Cross,24692.83910509708,Emergency,2021-04-16,Penicillin,Abnormal,12,2021,4
31,Male,A+,Hypertension,2020-04-04,Cynthia Wright,Inc Garcia,Blue Cross,40818.29695847703,Elective,2020-04-05,Ibuprofen,Abnormal,1,2020,4
36,Female,B-,Hypertension,2021-09-17,Phillip Harris,Harper Ltd,Blue Cross,14854.849983920363,Emergency,2021-09-25,Aspirin,Inconclusive,8,2021,9
85,Female,A-,Arthritis,2023-01-03,Christopher Johnson,Smith-Mack,Blue Cross,28906.05068260603,Emergency,2023-01-04,Aspirin,Abnormal,1,2023,1
54,Female,O+,Hypertension,2019-07-14,Lisa Gonzales,Inc Moore,Aetna,21439.12156317849,Elective,2019-07-15,Lipitor,Inconclusive,1,2019,7
74,Female,A+,Obesity,2021-07-03,Jessica Page,"Jones, Walker Moore and",Blue Cross,37957.26659971875,Elective,2021-07-24,Aspirin,Normal,21,2021,7
78,Female,B+,Diabetes,2022-10-31,Timothy Salazar,Greene-Garrett,Blue Cross,11702.119983326233,Emergency,2022-11-25,Lipitor,Abnormal,25,2022,10
62,Male,O+,Diabetes,2019-12-22,Tamara Mckee,Simpson-Brown,Medicare,17243.698276402374,Urgent,2020-01-12,Ibuprofen,Inconclusive,21,2019,12
59,Female,A-,Diabetes,2022-04-04,Brittney Roberson,Fritz-Cox,Cigna,41851.423366199015,Urgent,2022-04-13,Aspirin,Normal,9,2022,4
36,Female,B+,Obesity,2023-06-05,Robert Mack,Sanchez-Lopez,Blue Cross,26725.433219464805,Elective,2023-06-25,Ibuprofen,Inconclusive,20,2023,6
75,Male,A-,Obesity,2020-04-05,Larry Boyd,"Cooper Gomez, and Simmons",Medicare,28518.428021042637,Urgent,2020-04-11,Ibuprofen,Normal,6,2020,4
40,Male,B+,Obesity,2023-11-27,Michelle Jackson,Hodge-Thomas,Medicare,26816.70586290615,Urgent,2023-12-03,Aspirin,Inconclusive,6,2023,11
74,Female,A-,Asthma,2020-03-08,Allison Stone,"and Wright, Coffey Eaton",Aetna,8920.640117692266,Elective,2020-04-05,Aspirin,Abnormal,28,2020,3
46,Female,O+,Asthma,2023-08-30,William Gillespie,Johnson-Gutierrez,Cigna,2951.2802842332176,Elective,2023-09-01,Ibuprofen,Normal,2,2023,8
70,Female,AB+,Diabetes,2019-11-23,Wayne Morales,"Ward, and Clarke Ayala",Aetna,7003.643782467946,Elective,2019-12-01,Aspirin,Abnormal,8,2019,11
74,Female,AB-,Diabetes,2021-07-05,David Johnson,"Little Moore, Ellis and",Cigna,32667.246523797825,Emergency,2021-07-15,Paracetamol,Abnormal,10,2021,7
63,Male,B-,Cancer,2020-06-23,Mark Mcknight,Inc Jackson,Aetna,47329.72055702208,Emergency,2020-07-11,Ibuprofen,Abnormal,18,2020,6
45,Male,AB-,Diabetes,2022-06-03,Anthony Huff,and Sons Alexander,Aetna,33698.396316036866,Elective,2022-06-09,Aspirin,Inconclusive,6,2022,6
57,Female,A+,Arthritis,2022-04-21,Gregory Burke,Ltd Owens,Cigna,41796.26875528395,Elective,2022-05-09,Ibuprofen,Normal,18,2022,4
68,Male,AB-,Cancer,2020-11-16,Jerry Walker,King-Powell,Cigna,46597.28621146998,Elective,2020-11-18,Lipitor,Inconclusive,2,2020,11
85,Male,A-,Hypertension,2023-09-16,Deborah Kennedy,Small-Simmons,UnitedHealthcare,1041.715022639426,Urgent,2023-10-04,Paracetamol,Normal,18,2023,9
85,Male,A-,Diabetes,2023-11-06,Daniel Rose,"Figueroa Gibson Hess, and",Blue Cross,39828.21731895347,Emergency,2023-11-26,Lipitor,Normal,20,2023,11
42,Male,AB+,Hypertension,2023-12-21,Denise Richardson,Torres-Jones,Cigna,9994.75201318686,Emergency,2024-01-03,Aspirin,Normal,13,2023,12
70,Female,AB-,Arthritis,2021-01-30,Nicholas Wolf,Trujillo-Newman,Aetna,29254.050319889586,Elective,2021-02-13,Paracetamol,Abnormal,14,2021,1
59,Male,B+,Cancer,2024-03-25,Sandra Hanson,"Taylor Hughes and Smith,",Aetna,20268.68168380596,Urgent,2024-04-22,Aspirin,Normal,28,2024,3
59,Female,B-,Hypertension,2023-06-23,Carrie Fisher,Friedman-Smith,Blue Cross,19904.838131001536,Urgent,2023-06-26,Lipitor,Abnormal,3,2023,6
50,Female,O-,Hypertension,2021-12-10,Douglas Martinez,Lopez-Wilson,UnitedHealthcare,19564.11447822695,Urgent,2022-01-05,Penicillin,Normal,26,2021,12
70,Male,AB-,Hypertension,2021-01-13,Chad Johnson,Ltd Montes,Cigna,41755.661959870464,Emergency,2021-02-04,Penicillin,Abnormal,22,2021,1
70,Female,O-,Obesity,2019-09-02,Johnny Reed,Bradford-Andrews,Cigna,23792.250161739168,Emergency,2019-09-14,Aspirin,Normal,12,2019,9
78,Male,B+,Obesity,2020-10-06,Clinton Edwards,Walker Ltd,UnitedHealthcare,50015.40973041224,Elective,2020-10-07,Ibuprofen,Normal,1,2020,10
68,Male,O+,Diabetes,2021-03-25,Steven Hubbard,Mcintyre-Beasley,UnitedHealthcare,22355.77886186235,Emergency,2021-03-31,Aspirin,Inconclusive,6,2021,3
28,Male,O+,Diabetes,2021-01-10,Gary Kerr,Nelson and Sons,Blue Cross,40333.87289636477,Emergency,2021-01-16,Penicillin,Inconclusive,6,2021,1
47,Female,O-,Cancer,2021-09-23,Anna Gallagher,"Williams, Lopez David and",Blue Cross,8982.431490890662,Urgent,2021-09-25,Lipitor,Abnormal,2,2021,9
69,Male,A+,Cancer,2021-04-02,Christian Richardson,King-Fowler,UnitedHealthcare,10276.908691971596,Emergency,2021-05-01,Aspirin,Normal,29,2021,4
77,Male,AB-,Diabetes,2022-01-03,Maria Parker,Herrera-Vance,Aetna,27741.4959600932,Elective,2022-01-25,Lipitor,Inconclusive,22,2022,1
37,Female,O+,Cancer,2023-01-18,Kurt Flowers,Pratt Inc,Aetna,25816.41988975139,Emergency,2023-02-04,Aspirin,Inconclusive,17,2023,1
70,Female,B+,Obesity,2020-02-19,Chris Klein,Butler Group,Medicare,9218.642406821644,Urgent,2020-03-02,Ibuprofen,Abnormal,12,2020,2
47,Male,AB-,Cancer,2021-09-21,Richard Mejia,"Jimenez, and Miller Perry",Cigna,36677.19663727958,Urgent,2021-09-24,Paracetamol,Inconclusive,3,2021,9
74,Male,A-,Cancer,2023-06-13,Christopher Williams,Humphrey Ltd,Aetna,27052.75180534172,Urgent,2023-07-08,Penicillin,Normal,25,2023,6
38,Female,AB+,Obesity,2022-04-29,Ann Sheppard,"Rogers Chen Gordon, and",Blue Cross,17741.25475291349,Urgent,2022-05-26,Lipitor,Abnormal,27,2022,4
58,Female,O-,Arthritis,2021-11-21,Sherry Cisneros,Green Sons and,Medicare,23025.6209249771,Urgent,2021-11-28,Aspirin,Abnormal,7,2021,11
28,Female,A+,Cancer,2020-08-14,Wendy Moreno,"and Johnson Perez, Hernandez",Cigna,43095.33418064013,Elective,2020-08-30,Aspirin,Normal,16,2020,8
82,Male,O+,Hypertension,2023-12-16,Brian Farmer,Mosley Ltd,Cigna,29409.4891391001,Emergency,2024-01-04,Aspirin,Inconclusive,19,2023,12
75,Male,A-,Arthritis,2024-04-17,Jason Torres,"and Franklin Moore Campbell,",Blue Cross,10820.781601751798,Urgent,2024-05-17,Penicillin,Normal,30,2024,4
47,Male,A+,Diabetes,2021-08-15,Joshua Schwartz,PLC Conner,Cigna,50063.81995223288,Urgent,2021-09-04,Aspirin,Inconclusive,20,2021,8
50,Male,O-,Cancer,2022-10-09,Shawn Hicks,and Sons Wright,Medicare,18164.706434788597,Urgent,2022-10-18,Ibuprofen,Abnormal,9,2022,10
20,Female,O+,Asthma,2021-01-24,Chelsea Hester,Harris-Farrell,Medicare,32166.967383439547,Emergency,2021-02-14,Paracetamol,Abnormal,21,2021,1
78,Male,O+,Diabetes,2023-04-23,Caitlin Romero,Barrett PLC,Medicare,45722.07363304577,Urgent,2023-05-03,Penicillin,Inconclusive,10,2023,4
79,Female,O+,Diabetes,2022-08-23,Todd Lowe,"Smith and Delacruz, Poole",Blue Cross,34828.81274233561,Emergency,2022-09-18,Lipitor,Normal,26,2022,8
54,Female,O-,Hypertension,2020-01-13,Brooke Hill,Newman-Martinez,Medicare,43457.08377781696,Elective,2020-02-03,Paracetamol,Abnormal,21,2020,1
65,Female,AB+,Cancer,2019-05-16,Brian Callahan,Floyd-Hayes,Cigna,50240.70341828776,Elective,2019-06-07,Paracetamol,Abnormal,22,2019,5
45,Male,B+,Diabetes,2020-01-13,Paul Jones,"and Anderson, Berry Franklin",Cigna,21899.49906306776,Urgent,2020-02-04,Aspirin,Inconclusive,22,2020,1
77,Male,O+,Cancer,2022-11-17,Robert Jones,"Rice and Ochoa Parker,",UnitedHealthcare,6558.037908836682,Elective,2022-11-26,Lipitor,Normal,9,2022,11
57,Male,A-,Arthritis,2022-03-30,Henry Cardenas,and Lopez Sons,Medicare,15197.30415481304,Elective,2022-04-11,Penicillin,Abnormal,12,2022,3
61,Male,O+,Obesity,2022-09-07,William Cohen,Sullivan Group,Aetna,32365.23165490589,Elective,2022-09-09,Penicillin,Normal,2,2022,9
51,Female,B+,Arthritis,2022-06-15,Cheryl Gonzalez,LLC Mason,Blue Cross,50506.097770984125,Emergency,2022-06-25,Penicillin,Inconclusive,10,2022,6
53,Female,AB-,Asthma,2022-07-10,Jennifer Hartman,Bryan Inc,UnitedHealthcare,39201.821177162274,Emergency,2022-08-05,Aspirin,Abnormal,26,2022,7
20,Female,A+,Diabetes,2024-04-12,Susan Hansen,"and Ross, Crosby Caldwell",UnitedHealthcare,16521.901425304353,Urgent,2024-04-20,Lipitor,Normal,8,2024,4
85,Male,AB-,Diabetes,2022-01-24,Dennis Torres,LLC Baker,Aetna,45206.781566328624,Urgent,2022-02-13,Penicillin,Normal,20,2022,1
51,Male,A-,Hypertension,2019-07-10,Pamela Hayes,Gonzalez Sons and,Aetna,50463.976446987406,Emergency,2019-08-03,Penicillin,Inconclusive,24,2019,7
83,Female,A+,Hypertension,2023-04-09,Antonio Torres,Fritz-Evans,Cigna,47405.76966932228,Emergency,2023-05-06,Ibuprofen,Normal,27,2023,4
23,Female,B+,Asthma,2023-04-20,James Parker,and May Sons,Cigna,2207.034569931243,Elective,2023-05-19,Lipitor,Inconclusive,29,2023,4
57,Male,B-,Asthma,2020-12-01,Chad Newman,Dawson-Williams,Aetna,4808.313012866691,Emergency,2020-12-28,Ibuprofen,Normal,27,2020,12
51,Female,O+,Arthritis,2022-08-13,Raven Lewis,"Bishop, Wright and Wright",Cigna,47173.49197783474,Urgent,2022-09-02,Aspirin,Abnormal,20,2022,8
42,Female,O+,Asthma,2024-04-06,Olivia Hill,Reed-Guzman,Cigna,43317.62042303469,Elective,2024-04-24,Aspirin,Normal,18,2024,4
24,Male,AB+,Arthritis,2019-06-17,Phillip Huff,Patrick-White,UnitedHealthcare,42201.90065509918,Urgent,2019-06-19,Paracetamol,Abnormal,2,2019,6
27,Female,O-,Arthritis,2020-03-04,David Lynch,"Chavez Kennedy, and Hensley",Medicare,45269.40738711006,Emergency,2020-03-31,Ibuprofen,Normal,27,2020,3
59,Male,O+,Cancer,2021-05-23,Gregory Martin MD,Ltd Vaughn,Aetna,7101.970384749949,Urgent,2021-06-09,Ibuprofen,Normal,17,2021,5
63,Male,O+,Diabetes,2020-12-03,Kristen Woods,Hill-Rogers,Aetna,6395.246268325094,Emergency,2020-12-12,Lipitor,Normal,9,2020,12
65,Male,O-,Cancer,2021-02-07,Karl Bennett,"Green, Silva Singleton and",Medicare,27143.38998705602,Elective,2021-02-22,Penicillin,Inconclusive,15,2021,2
50,Male,O-,Cancer,2021-07-11,Michael Burns,PLC Dorsey,Aetna,15013.784698404905,Elective,2021-07-26,Lipitor,Abnormal,15,2021,7
49,Female,B+,Hypertension,2022-06-14,Samuel Navarro,Jones Ltd,Cigna,9955.316284295965,Urgent,2022-06-19,Paracetamol,Normal,5,2022,6
51,Male,AB+,Obesity,2021-02-07,Steven Mack,Group Brown,Aetna,10871.616877446104,Elective,2021-02-23,Paracetamol,Abnormal,16,2021,2
62,Male,A-,Arthritis,2019-07-28,Gary Yang,Martinez-Gonzalez,UnitedHealthcare,20944.9529230558,Elective,2019-08-21,Lipitor,Normal,24,2019,7
33,Female,B+,Obesity,2020-05-24,Travis Garcia,"Acosta Weeks Yates, and",Medicare,5036.830970466603,Emergency,2020-05-26,Ibuprofen,Normal,2,2020,5
27,Female,A-,Asthma,2020-03-28,Mrs. Olivia Wood DVM,"Cobb Rubio, Williamson and",Aetna,47087.82738021887,Elective,2020-04-25,Ibuprofen,Inconclusive,28,2020,3
34,Male,AB+,Diabetes,2021-11-08,Jeremy Baker,Black LLC,Blue Cross,8852.587402613439,Elective,2021-11-09,Penicillin,Inconclusive,1,2021,11
50,Female,B+,Obesity,2021-01-16,Glenda Delgado,Clayton LLC,UnitedHealthcare,10283.183990248315,Urgent,2021-01-27,Ibuprofen,Normal,11,2021,1
26,Female,B-,Diabetes,2021-07-13,Margaret Peterson,"and Fleming, Brown Short",Medicare,37500.87146703649,Urgent,2021-07-16,Penicillin,Inconclusive,3,2021,7
47,Male,O-,Asthma,2021-05-30,Richard Rodriguez,Sons and Dominguez,Blue Cross,18465.920352652334,Emergency,2021-06-23,Penicillin,Normal,24,2021,5
40,Female,AB-,Arthritis,2023-02-14,Thomas Hamilton,Monroe-Morris,UnitedHealthcare,37657.55181413199,Urgent,2023-02-23,Ibuprofen,Inconclusive,9,2023,2
84,Male,A+,Cancer,2020-01-23,Mackenzie Hammond,"Brown, Stevens Tran and",Medicare,39156.12021994612,Elective,2020-02-21,Aspirin,Inconclusive,29,2020,1
72,Female,O-,Asthma,2023-09-23,Miranda Fry,Gibson Ltd,Cigna,40459.99801883032,Urgent,2023-09-26,Ibuprofen,Normal,3,2023,9
18,Female,O+,Hypertension,2020-09-02,Michael Brown,Miller-Robinson,Aetna,46334.88194177711,Elective,2020-09-16,Paracetamol,Normal,14,2020,9
18,Female,A-,Obesity,2023-08-14,Diana Willis,"Ferguson and Benton, Moore",Medicare,19359.61462097256,Urgent,2023-09-11,Ibuprofen,Abnormal,28,2023,8
40,Female,O+,Arthritis,2021-09-23,James Crawford,PLC Brooks,Blue Cross,5621.474864433591,Emergency,2021-09-30,Ibuprofen,Normal,7,2021,9
62,Female,AB-,Hypertension,2020-06-11,Heidi Estrada,"Brown Cochran and Murphy,",Medicare,20619.889336259148,Emergency,2020-07-06,Aspirin,Abnormal,25,2020,6
33,Male,A+,Diabetes,2020-06-26,Eric Colon,Rangel-Barton,UnitedHealthcare,48607.41857599775,Elective,2020-07-17,Penicillin,Inconclusive,21,2020,6
80,Male,AB-,Cancer,2021-05-14,Wendy Flores,"Andrade, Johnson Watts and",Medicare,18153.82272622901,Emergency,2021-05-22,Ibuprofen,Inconclusive,8,2021,5
76,Male,O+,Arthritis,2020-05-27,Danielle Lee,"Reynolds and Ward, Wise",UnitedHealthcare,26862.523328164152,Urgent,2020-06-01,Ibuprofen,Inconclusive,5,2020,5
53,Female,O-,Asthma,2022-01-11,Lucas Lewis,Clark-Stewart,Cigna,29864.238995214208,Urgent,2022-01-14,Aspirin,Normal,3,2022,1
37,Female,B+,Asthma,2022-11-12,Anna Chapman,Smith-Prince,UnitedHealthcare,33211.67837538979,Urgent,2022-11-21,Penicillin,Normal,9,2022,11
80,Female,A-,Diabetes,2023-10-23,Gabriel Booker,Inc Navarro,Aetna,26760.94186853952,Urgent,2023-11-15,Paracetamol,Normal,23,2023,10
56,Male,A+,Asthma,2020-03-25,Andrew Whitehead,Mcclure-Sparks,Medicare,7334.591731002836,Elective,2020-04-05,Aspirin,Abnormal,11,2020,3
43,Male,AB+,Hypertension,2023-08-24,Suzanne Butler,Reyes-Gutierrez,UnitedHealthcare,23483.586373538263,Elective,2023-09-13,Paracetamol,Normal,20,2023,8
41,Male,O+,Hypertension,2020-10-06,Julie Henderson,"Stevens, Hudson and Simmons",Medicare,12502.754130054718,Emergency,2020-10-12,Penicillin,Abnormal,6,2020,10
55,Male,O+,Asthma,2022-05-12,Linda Rogers,Fowler Ltd,Cigna,7602.570703576844,Urgent,2022-05-15,Aspirin,Abnormal,3,2022,5
37,Male,A+,Asthma,2022-12-15,Jeffrey Chandler,"Powers Wyatt and Underwood,",Medicare,40831.047619265104,Urgent,2023-01-13,Penicillin,Inconclusive,29,2022,12
61,Female,B-,Hypertension,2022-04-02,Melissa Shields,and Lawson Sons,Aetna,25447.57894614389,Emergency,2022-04-09,Penicillin,Inconclusive,7,2022,4
49,Female,AB+,Hypertension,2021-06-13,Renee Wilson,"and Huang, Alvarez Gray",Cigna,16666.09709660517,Urgent,2021-07-11,Ibuprofen,Normal,28,2021,6
58,Male,A-,Cancer,2020-06-03,Joshua Gill,LLC Miller,Blue Cross,20402.05234961675,Elective,2020-06-05,Lipitor,Inconclusive,2,2020,6
20,Male,O+,Hypertension,2021-02-09,Stephanie Smith,Brown-Zimmerman,Blue Cross,30140.928723106696,Urgent,2021-03-06,Paracetamol,Normal,25,2021,2
59,Female,O-,Hypertension,2021-03-11,Patricia Munoz,Thomas-Schneider,Medicare,8267.938833983051,Elective,2021-03-14,Paracetamol,Abnormal,3,2021,3
18,Male,B-,Asthma,2020-02-24,Amanda Richardson,Hayden-Day,Medicare,12204.230845462798,Elective,2020-03-03,Paracetamol,Abnormal,8,2020,2
84,Female,A-,Obesity,2020-07-03,Samantha Baker,"Perkins and Gomez Collins,",Cigna,5228.633031453589,Elective,2020-07-27,Paracetamol,Inconclusive,24,2020,7
53,Female,AB-,Cancer,2019-11-12,Jeffrey Nguyen,Sons and Drake,UnitedHealthcare,43886.59599300056,Urgent,2019-12-04,Paracetamol,Inconclusive,22,2019,11
22,Male,O+,Asthma,2020-07-31,Mary Gordon,"and Lopez Dean, Rowland",Medicare,17869.42713892634,Urgent,2020-08-14,Ibuprofen,Abnormal,14,2020,7
54,Male,A-,Diabetes,2023-09-01,Brian Nelson,Hays Inc,Medicare,2748.550967419224,Urgent,2023-09-20,Lipitor,Abnormal,19,2023,9
79,Female,AB+,Cancer,2022-10-14,Erica Mckay,Bridges-Anthony,Aetna,3028.8257841035597,Emergency,2022-10-28,Penicillin,Normal,14,2022,10
63,Male,A+,Arthritis,2019-11-02,Jessica Cox,Sons Wood and,Blue Cross,16762.407921600676,Emergency,2019-11-08,Lipitor,Normal,6,2019,11
70,Female,B-,Diabetes,2022-07-17,Philip Rhodes,"Carter Lowe Benitez, and",Aetna,15689.897793599714,Emergency,2022-07-28,Aspirin,Normal,11,2022,7
27,Female,AB+,Obesity,2021-08-03,Kenneth Jackson,"Floyd, and Johnson Miller",Aetna,22579.839968191296,Urgent,2021-08-27,Penicillin,Abnormal,24,2021,8
81,Female,O+,Asthma,2021-09-19,Deanna Kim,"Willis Stewart, and Warner",Medicare,7701.043313670002,Emergency,2021-10-07,Penicillin,Normal,18,2021,9
58,Female,A+,Obesity,2023-06-04,David Hardin,Haas Ltd,Blue Cross,3163.7870419293117,Elective,2023-06-05,Lipitor,Inconclusive,1,2023,6
80,Female,O+,Hypertension,2022-01-28,Adrian Swanson,"and Gonzalez Smith, Arnold",Cigna,38026.85302119365,Elective,2022-02-21,Penicillin,Abnormal,24,2022,1
69,Female,AB-,Obesity,2020-05-10,Cole Young,Bennett-Wheeler,Medicare,44878.63679337019,Emergency,2020-06-05,Ibuprofen,Inconclusive,26,2020,5
61,Female,AB+,Cancer,2020-02-27,Jennifer Sims,Cox-Johnson,Medicare,42665.26956359504,Elective,2020-03-05,Ibuprofen,Inconclusive,7,2020,2
30,Male,A-,Asthma,2022-04-18,April Noble,Bruce-Preston,Cigna,29270.435015011888,Elective,2022-05-12,Aspirin,Abnormal,24,2022,4
71,Female,O-,Diabetes,2021-04-17,Jeffrey Caldwell,Walton-Thomas,Blue Cross,18259.57861203927,Urgent,2021-05-13,Penicillin,Inconclusive,26,2021,4
28,Male,B+,Diabetes,2020-03-29,Andrew Moore,Bishop Ltd,Aetna,4009.187574615813,Elective,2020-04-03,Aspirin,Abnormal,5,2020,3
40,Female,B+,Obesity,2022-10-08,Michael Garcia,Moore-Walker,Blue Cross,22741.65602533655,Urgent,2022-10-25,Ibuprofen,Abnormal,17,2022,10
57,Female,AB+,Arthritis,2019-10-10,Allison Mullen,"Davis Petersen, and Colon",Cigna,30281.644625785364,Emergency,2019-11-01,Aspirin,Abnormal,22,2019,10
72,Male,B-,Cancer,2021-12-28,Rachel Underwood,Pace-Peterson,Medicare,1475.9550795428954,Elective,2022-01-23,Lipitor,Normal,26,2021,12
63,Male,AB+,Obesity,2022-01-07,Tony Casey,"Beck, Malone Braun and",Cigna,7812.263324965218,Elective,2022-01-12,Aspirin,Normal,5,2022,1
32,Female,A-,Asthma,2021-02-08,Sean Avila,Boyle PLC,Blue Cross,38896.40092179493,Elective,2021-02-19,Penicillin,Abnormal,11,2021,2
61,Female,O-,Hypertension,2021-12-30,Erin Thomas,and Tate Sons,UnitedHealthcare,27764.229220400182,Urgent,2022-01-20,Aspirin,Inconclusive,21,2021,12
42,Male,O+,Asthma,2021-02-17,Sarah Porter,"Alexander Simmons and Martinez,",Blue Cross,14648.1731090729,Emergency,2021-03-10,Penicillin,Inconclusive,21,2021,2
72,Female,AB-,Asthma,2022-06-25,Luis Pierce,Johnson PLC,Cigna,20216.372031328323,Emergency,2022-07-02,Penicillin,Inconclusive,7,2022,6
32,Female,B-,Asthma,2019-11-11,Jessica Williams,"Byrd Moore, and Norton",Aetna,33762.125937360666,Emergency,2019-11-14,Penicillin,Inconclusive,3,2019,11
26,Male,O+,Asthma,2019-10-27,Vanessa Smith,Padilla Sons and,Blue Cross,20831.025505036327,Urgent,2019-11-07,Aspirin,Abnormal,11,2019,10
83,Female,O+,Arthritis,2021-01-09,Lisa Williams,"and Lane Jones, Hill",UnitedHealthcare,27927.094280524336,Emergency,2021-01-11,Ibuprofen,Normal,2,2021,1
27,Female,O+,Asthma,2021-11-17,Anthony Brown,Carlson-Delacruz,Blue Cross,46267.98535795986,Urgent,2021-12-14,Paracetamol,Inconclusive,27,2021,11
22,Male,AB+,Diabetes,2024-03-11,Ronald Dawson,Joseph Inc,UnitedHealthcare,13294.12236194527,Elective,2024-03-23,Aspirin,Normal,12,2024,3
84,Female,AB-,Diabetes,2019-11-01,Rose Sanders,and Martin Sons,Medicare,23876.42341127353,Emergency,2019-11-27,Lipitor,Abnormal,26,2019,11
77,Male,AB+,Cancer,2022-11-04,Kristine Buchanan,Ramirez Inc,UnitedHealthcare,43873.38983531707,Elective,2022-11-28,Lipitor,Abnormal,24,2022,11
84,Male,AB-,Asthma,2023-06-18,Michelle Lam,"Williams and Nunez Mccullough,",Blue Cross,46533.53993687183,Urgent,2023-06-28,Paracetamol,Inconclusive,10,2023,6
64,Male,O-,Hypertension,2020-01-07,Kayla Acosta,"and Orozco Henry Harris,",Cigna,29549.52388370991,Urgent,2020-01-30,Ibuprofen,Normal,23,2020,1
42,Male,B+,Arthritis,2023-06-30,Wayne Robbins,Ruiz-Schroeder,Blue Cross,39115.31146102409,Emergency,2023-07-05,Paracetamol,Normal,5,2023,6
54,Female,AB-,Obesity,2021-03-23,Jessica Kelly,Williams PLC,Medicare,45884.3209135802,Urgent,2021-04-22,Aspirin,Normal,30,2021,3
47,Male,B+,Hypertension,2020-10-09,Catherine Dunn,"and Wilson Swanson, Griffin",Cigna,6157.967100886055,Urgent,2020-11-03,Aspirin,Abnormal,25,2020,10
59,Female,O-,Arthritis,2021-06-10,Lucas Rodriguez,"and Ryan, Browning Vargas",Aetna,11299.558909241248,Emergency,2021-06-18,Aspirin,Normal,8,2021,6
54,Female,AB-,Obesity,2021-01-16,Jessica Snyder,Hensley-Ward,Medicare,25629.32675799822,Urgent,2021-02-03,Paracetamol,Abnormal,18,2021,1
33,Female,B+,Obesity,2022-01-22,Kimberly Rogers,Carlson-Perry,Cigna,15870.734461152926,Emergency,2022-02-14,Ibuprofen,Abnormal,23,2022,1
43,Female,B-,Arthritis,2024-01-31,Elizabeth James,Sanchez Group,Medicare,2431.840328190274,Emergency,2024-02-04,Ibuprofen,Abnormal,4,2024,1
72,Female,A-,Hypertension,2020-10-03,Juan Kelley,"Wilson and Thomas, Anderson",Cigna,10023.488068374245,Elective,2020-10-13,Ibuprofen,Abnormal,10,2020,10
41,Male,O-,Hypertension,2021-10-04,Morgan Douglas,and Robinson Sons,Cigna,14028.618964248742,Elective,2021-10-28,Aspirin,Abnormal,24,2021,10
72,Male,B-,Obesity,2022-06-15,Erica Fields,Adams-Bass,Medicare,27850.552749878643,Urgent,2022-06-22,Aspirin,Abnormal,7,2022,6
48,Male,A+,Cancer,2021-12-14,Robert Griffin,"Wright and Hart Brown,",Aetna,41044.12578769889,Elective,2022-01-10,Paracetamol,Inconclusive,27,2021,12
32,Female,O+,Asthma,2020-01-13,Jennifer Davis,Ltd Jackson,Blue Cross,41929.219482296925,Elective,2020-01-27,Aspirin,Abnormal,14,2020,1
63,Female,AB-,Obesity,2020-12-04,Lisa Jones,"Hall Sullivan and Hernandez,",Blue Cross,8547.567746493261,Elective,2020-12-06,Penicillin,Abnormal,2,2020,12
75,Female,B-,Hypertension,2022-04-29,Eric Bean,Camacho PLC,Blue Cross,45116.7921791159,Urgent,2022-05-04,Ibuprofen,Abnormal,5,2022,4
43,Male,A+,Diabetes,2024-03-01,Janice Smith,"Duran Navarro Torres, and",UnitedHealthcare,36045.06493215321,Elective,2024-03-15,Penicillin,Normal,14,2024,3
64,Female,AB-,Hypertension,2020-08-10,Robert Ray,Inc Miller,Blue Cross,22120.408827430558,Emergency,2020-08-31,Paracetamol,Normal,21,2020,8
57,Male,A+,Diabetes,2020-09-24,Brian Pennington,Morris-Taylor,Medicare,9629.32373734053,Urgent,2020-10-20,Lipitor,Normal,26,2020,9
55,Female,B+,Asthma,2023-06-07,Cody Hernandez,Ross-Coleman,UnitedHealthcare,11908.081104631428,Emergency,2023-06-24,Lipitor,Abnormal,17,2023,6
42,Male,AB-,Hypertension,2022-08-30,Ashley Lynch,"Moses Nunez, Gray and",UnitedHealthcare,27538.84354756741,Elective,2022-09-20,Ibuprofen,Inconclusive,21,2022,8
62,Female,AB-,Hypertension,2019-12-10,James Ryan,Cohen LLC,Medicare,23061.19870403872,Elective,2019-12-16,Aspirin,Inconclusive,6,2019,12
43,Male,A-,Arthritis,2020-05-20,Dr. Thomas Chan Jr.,"Webb Daniel, Turner and",Medicare,13564.71654634586,Elective,2020-06-15,Ibuprofen,Inconclusive,26,2020,5
40,Male,A+,Cancer,2021-07-04,John Rivera,"Hawkins Davidson Oliver, and",Aetna,43396.8526718766,Urgent,2021-07-25,Lipitor,Inconclusive,21,2021,7
34,Female,A-,Asthma,2020-06-04,Jose Page,"and Foley, Jones Harris",UnitedHealthcare,29500.47289038652,Emergency,2020-06-08,Ibuprofen,Normal,4,2020,6
32,Female,AB-,Arthritis,2021-07-20,Amber Thomas,"Berger Sanford and Dennis,",Medicare,20833.167474439328,Elective,2021-08-03,Lipitor,Inconclusive,14,2021,7
29,Female,AB-,Diabetes,2021-10-08,Kenneth Sweeney,Martin Inc,Blue Cross,28324.902334678147,Emergency,2021-10-22,Ibuprofen,Inconclusive,14,2021,10
19,Male,AB-,Arthritis,2023-06-15,Toni Gonzalez,Fitzgerald and Sons,Blue Cross,40236.82454690892,Elective,2023-06-23,Ibuprofen,Abnormal,8,2023,6
61,Female,B-,Diabetes,2022-04-24,Sarah Chan,Ltd Fisher,Medicare,38749.43247711237,Urgent,2022-05-23,Lipitor,Abnormal,29,2022,4
49,Male,B-,Arthritis,2023-01-12,Lindsay Castaneda,"Jackson Robinson and Walsh,",Blue Cross,29249.67394712541,Elective,2023-02-06,Aspirin,Inconclusive,25,2023,1
80,Male,B+,Obesity,2022-09-07,Brittany Diaz,"Hunter and White, Campos",Aetna,44882.51882822224,Urgent,2022-09-23,Penicillin,Inconclusive,16,2022,9
24,Male,O-,Arthritis,2024-04-17,Connie Larsen,"Smith, Sanchez Zuniga and",Cigna,38265.07384812754,Emergency,2024-05-17,Penicillin,Abnormal,30,2024,4
81,Female,AB-,Hypertension,2022-06-25,Lee Colon,Martinez-Sellers,Aetna,43550.0819073932,Emergency,2022-06-30,Aspirin,Inconclusive,5,2022,6
66,Female,B+,Hypertension,2021-11-17,Dr. Jacob Aguilar,Blevins Group,Aetna,47649.69663822056,Emergency,2021-12-09,Penicillin,Abnormal,22,2021,11
78,Female,AB+,Diabetes,2024-01-13,Charles Oconnell,"Kim Hodge Hansen, and",Medicare,27101.867774407678,Elective,2024-01-26,Lipitor,Abnormal,13,2024,1
27,Male,O-,Asthma,2022-06-18,James Thomas,"Wu, Carey Sexton and",Medicare,20593.458301514773,Urgent,2022-07-16,Lipitor,Normal,28,2022,6
42,Male,O-,Cancer,2023-05-02,Carla Davis,Conner-Hayes,UnitedHealthcare,49188.65230810867,Emergency,2023-05-09,Lipitor,Abnormal,7,2023,5
52,Female,AB+,Obesity,2020-02-13,Leslie Hernandez,"Wright, Friedman and Franklin",UnitedHealthcare,41022.40001058062,Emergency,2020-03-13,Aspirin,Abnormal,29,2020,2
55,Female,AB-,Arthritis,2019-07-26,William Howe,Schultz-Sloan,Cigna,35542.59915475535,Elective,2019-08-21,Paracetamol,Normal,26,2019,7
38,Female,A-,Arthritis,2020-12-04,Daniel Davenport,Mejia-Beard,Medicare,30043.79115638939,Emergency,2020-12-10,Lipitor,Normal,6,2020,12
32,Female,B+,Diabetes,2019-10-05,Michael Taylor,"Long, and Richards Nelson",Aetna,43090.6577754766,Emergency,2019-10-17,Aspirin,Inconclusive,12,2019,10
37,Male,AB+,Asthma,2019-09-05,Arthur White,Zimmerman-Smith,Blue Cross,18773.292005310184,Elective,2019-09-16,Aspirin,Abnormal,11,2019,9
48,Female,AB+,Diabetes,2024-02-06,Bryan Goodman,Miller LLC,Blue Cross,43726.57558971129,Urgent,2024-02-27,Paracetamol,Abnormal,21,2024,2
79,Male,AB+,Diabetes,2022-08-09,Michael Schultz,Ali PLC,Blue Cross,28903.439585419364,Urgent,2022-09-07,Penicillin,Inconclusive,29,2022,8
76,Female,AB-,Obesity,2019-09-29,Anna Moody,"and Blackburn Huff, Rios",Aetna,38860.56416260911,Emergency,2019-10-14,Penicillin,Normal,15,2019,9
78,Male,B+,Arthritis,2020-04-13,Charles Webb,"Roberts Hale and Wilson,",Aetna,22072.36583056672,Emergency,2020-05-02,Penicillin,Inconclusive,19,2020,4
61,Female,B-,Arthritis,2024-02-29,Christopher Lynn,Inc Harper,Aetna,18853.151112369243,Emergency,2024-03-16,Penicillin,Abnormal,16,2024,2
22,Female,O-,Arthritis,2021-01-09,Diane Cobb,George-Smith,Cigna,23532.243918482203,Emergency,2021-02-06,Penicillin,Normal,28,2021,1
68,Male,B+,Asthma,2022-10-27,Kimberly Woodward,Cooper-Bishop,Blue Cross,14070.319760363796,Elective,2022-11-21,Lipitor,Abnormal,25,2022,10
65,Female,A-,Hypertension,2021-05-16,Crystal Williams,Daugherty Group,UnitedHealthcare,6020.5517641483975,Elective,2021-05-20,Paracetamol,Inconclusive,4,2021,5
58,Male,A-,Obesity,2021-07-30,John Williams,Ltd Stephens,UnitedHealthcare,5160.37856966535,Elective,2021-08-10,Paracetamol,Normal,11,2021,7
36,Male,O+,Diabetes,2024-01-23,Lisa Moreno PhD,Sanchez-Lewis,Aetna,23882.14456587636,Emergency,2024-02-09,Penicillin,Normal,17,2024,1
77,Male,O+,Cancer,2022-02-14,Steven Nicholson,Haney-Nielsen,Medicare,6297.686916203204,Elective,2022-02-18,Aspirin,Normal,4,2022,2
73,Female,B-,Diabetes,2020-09-20,Jonathan Morris,Sims-Crawford,Blue Cross,12874.817185973892,Emergency,2020-09-24,Lipitor,Normal,4,2020,9
71,Male,O-,Arthritis,2023-05-09,Crystal Carrillo,Mccormick-Rodriguez,Blue Cross,40306.67604621381,Urgent,2023-05-11,Aspirin,Normal,2,2023,5
23,Female,O+,Cancer,2020-08-29,Cindy Gibson,Group Thornton,Blue Cross,28070.465272594192,Emergency,2020-09-13,Lipitor,Inconclusive,15,2020,8
31,Male,O-,Arthritis,2019-09-29,Rita Rivera,Hill Group,UnitedHealthcare,6624.362022441079,Emergency,2019-10-24,Lipitor,Inconclusive,25,2019,9
50,Male,B+,Cancer,2023-03-24,Maxwell Andrews,Nguyen-Johnson,UnitedHealthcare,2626.5173962067406,Elective,2023-04-03,Penicillin,Normal,10,2023,3
55,Male,AB-,Hypertension,2023-10-22,Lisa Foster,"Foster and Sharp, Silva",Cigna,20218.57210665011,Emergency,2023-10-30,Aspirin,Abnormal,8,2023,10
75,Female,A+,Asthma,2022-11-28,Bryan Ross,Group Bradley,Blue Cross,24500.12699223637,Elective,2022-12-24,Lipitor,Inconclusive,26,2022,11
64,Male,AB+,Asthma,2023-08-29,John King,Mcmillan-Black,Medicare,33152.35439719872,Emergency,2023-09-11,Aspirin,Inconclusive,13,2023,8
38,Male,B+,Cancer,2019-06-24,Patrick Gibson,Adkins Inc,UnitedHealthcare,45899.81304845503,Elective,2019-07-24,Penicillin,Inconclusive,30,2019,6
46,Female,O-,Arthritis,2022-06-29,Nancy Martinez,"White and Gutierrez Castillo,",Aetna,46361.96091215703,Urgent,2022-07-06,Penicillin,Normal,7,2022,6
70,Male,O+,Hypertension,2019-10-06,Ebony Mayer,"Byrd, White Garcia and",Cigna,27679.353561419604,Urgent,2019-10-15,Ibuprofen,Normal,9,2019,10
57,Female,AB-,Arthritis,2019-08-31,Shari Miller,Carter Group,Cigna,24838.277260286264,Emergency,2019-09-09,Ibuprofen,Normal,9,2019,8
55,Male,O-,Obesity,2021-07-06,Tracy Miller,Cervantes-Cooper,Blue Cross,44045.05128488565,Urgent,2021-08-05,Lipitor,Abnormal,30,2021,7
32,Female,O-,Hypertension,2023-11-08,Thomas Jackson,Rodriguez-Baker,Cigna,7913.638395601111,Elective,2023-12-04,Lipitor,Normal,26,2023,11
26,Male,A+,Cancer,2024-03-06,Ryan Callahan,"Jackson, Byrd Wilkerson and",UnitedHealthcare,43281.60289184668,Elective,2024-03-14,Aspirin,Inconclusive,8,2024,3
29,Male,B+,Cancer,2019-08-10,Bradley Henderson,Smith Group,Cigna,18548.75606917972,Urgent,2019-09-04,Penicillin,Abnormal,25,2019,8
53,Male,A+,Asthma,2022-10-24,Teresa Bryant MD,"Young Downs, Russell and",Medicare,9301.510161924904,Elective,2022-11-11,Penicillin,Inconclusive,18,2022,10
81,Male,O+,Cancer,2023-06-23,Bryan Simmons,West-Thompson,Medicare,43315.68357687737,Urgent,2023-07-03,Aspirin,Abnormal,10,2023,6
71,Female,O-,Arthritis,2019-09-20,Mason Santana,Nelson-Cooke,Blue Cross,48327.04928277107,Urgent,2019-10-14,Paracetamol,Normal,24,2019,9
80,Female,AB+,Arthritis,2023-02-01,Sarah Martin,Miller-Garza,Medicare,49926.70553712751,Urgent,2023-02-24,Paracetamol,Inconclusive,23,2023,2
78,Male,B+,Hypertension,2022-01-26,Amanda Fletcher,Williams-Tucker,UnitedHealthcare,34697.347478867065,Elective,2022-02-11,Lipitor,Normal,16,2022,1
34,Male,A-,Asthma,2020-02-15,Stephen Sweeney,"Patrick Huffman, and Lowery",Blue Cross,2190.563605964572,Urgent,2020-02-17,Lipitor,Normal,2,2020,2
47,Male,AB+,Hypertension,2024-01-14,Kent Randolph,"and Schmidt Black, Wells",Medicare,24617.965115699157,Elective,2024-02-08,Paracetamol,Normal,25,2024,1
32,Female,AB+,Cancer,2023-03-06,William Ryan,"Eaton Gentry Henry, and",Medicare,32385.77333422417,Emergency,2023-03-30,Paracetamol,Normal,24,2023,3
25,Female,A+,Obesity,2021-02-08,Joshua Murphy,Schaefer and Sons,UnitedHealthcare,13063.771235356126,Emergency,2021-03-07,Aspirin,Inconclusive,27,2021,2
85,Female,O+,Hypertension,2022-06-03,Alan Little,"Rodriguez, Campbell and Moore",Blue Cross,7340.624805026463,Urgent,2022-06-27,Penicillin,Normal,24,2022,6
56,Male,AB-,Arthritis,2020-10-31,Jean Newman,Inc Washington,Cigna,3397.885265997909,Emergency,2020-11-01,Ibuprofen,Normal,1,2020,10
79,Female,O-,Diabetes,2019-05-17,Toni Frazier,Lara-Paul,Medicare,12020.716487472871,Elective,2019-06-01,Lipitor,Inconclusive,15,2019,5
60,Male,AB-,Arthritis,2020-06-13,Lori Kelley,Mcintosh-Neal,Medicare,16810.280216320432,Urgent,2020-07-04,Aspirin,Abnormal,21,2020,6
64,Male,O+,Obesity,2019-11-28,Beth Moore,Robinson Inc,Blue Cross,17820.25317314981,Emergency,2019-12-22,Paracetamol,Abnormal,24,2019,11
50,Male,O-,Asthma,2019-06-13,Travis Chavez,and Evans Sons,Aetna,17769.63754927871,Elective,2019-06-14,Penicillin,Normal,1,2019,6
30,Male,O+,Asthma,2024-02-16,David Swanson,Moses LLC,Medicare,15500.841424434411,Elective,2024-02-24,Aspirin,Normal,8,2024,2
45,Male,O+,Obesity,2022-10-31,Carmen Johnson,PLC Glass,Aetna,19666.995431196014,Elective,2022-11-29,Penicillin,Inconclusive,29,2022,10
22,Female,B-,Arthritis,2019-12-31,Sean Scott,Ochoa-Edwards,Medicare,9585.07136569674,Emergency,2020-01-21,Ibuprofen,Normal,21,2019,12
40,Female,B-,Hypertension,2023-11-21,Eric Crawford,"and Patel Russo Foster,",Medicare,45918.409344896514,Elective,2023-12-19,Ibuprofen,Normal,28,2023,11
52,Female,O+,Diabetes,2024-02-14,Susan Anderson,Ltd Jones,Aetna,13907.321068542842,Elective,2024-03-11,Ibuprofen,Normal,26,2024,2
18,Female,O-,Asthma,2023-03-21,Michael Kelley,Williams-Smith,UnitedHealthcare,36063.783979170425,Elective,2023-04-07,Penicillin,Normal,17,2023,3
30,Female,B-,Asthma,2022-04-30,Jamie Reed,Smith-Fields,Cigna,4875.09848132092,Emergency,2022-05-08,Paracetamol,Abnormal,8,2022,4
71,Female,AB-,Hypertension,2022-05-27,Nancy Briggs,Inc Kramer,UnitedHealthcare,28536.86783701997,Urgent,2022-06-26,Aspirin,Abnormal,30,2022,5
81,Male,O-,Arthritis,2023-02-04,Angela Armstrong,Rodriguez Sons and,Aetna,33756.61488799653,Emergency,2023-02-18,Ibuprofen,Abnormal,14,2023,2
81,Male,B-,Hypertension,2020-05-15,Stanley Berry,Cowan LLC,Blue Cross,28935.13190850214,Elective,2020-05-18,Lipitor,Inconclusive,3,2020,5
72,Female,O-,Hypertension,2023-09-29,Teresa Reed,Hull-Murphy,Medicare,49723.61069486382,Emergency,2023-10-28,Ibuprofen,Abnormal,29,2023,9
25,Male,AB-,Asthma,2019-12-17,Matthew Gonzalez,Larsen-Vega,Aetna,15526.457763307058,Elective,2020-01-05,Paracetamol,Inconclusive,19,2019,12
59,Male,B-,Cancer,2019-09-02,Lauren Hogan,Fernandez LLC,UnitedHealthcare,14880.59812720014,Emergency,2019-09-25,Lipitor,Normal,23,2019,9
61,Female,O-,Hypertension,2020-03-27,Adrian Vaughn,"Lopez Ingram, and Barber",Cigna,26163.994360049488,Urgent,2020-04-15,Lipitor,Inconclusive,19,2020,3
72,Male,B+,Asthma,2022-05-17,Michael Mccarthy,"Wood Boyd Bowman, and",Blue Cross,24744.1138906292,Elective,2022-06-12,Paracetamol,Inconclusive,26,2022,5
39,Male,A-,Hypertension,2023-08-13,Heather Griffith,"Harris, Nguyen Alvarez and",Aetna,33510.322577341336,Emergency,2023-08-14,Paracetamol,Abnormal,1,2023,8
51,Female,O-,Obesity,2024-04-24,Michael Riley,Carlson-Holland,UnitedHealthcare,7381.422839381634,Elective,2024-05-03,Paracetamol,Normal,9,2024,4
28,Female,AB-,Diabetes,2019-10-12,Shawn Campbell,Jones-Holden,Blue Cross,13893.526669948384,Elective,2019-11-09,Lipitor,Normal,28,2019,10
52,Male,B-,Hypertension,2020-05-13,Xavier Jones,Wang-Jones,Aetna,33207.14310841411,Urgent,2020-06-03,Lipitor,Inconclusive,21,2020,5
20,Male,AB+,Arthritis,2023-01-19,Debra Phillips,PLC Potter,UnitedHealthcare,20269.149863316,Elective,2023-01-27,Ibuprofen,Normal,8,2023,1
82,Male,AB-,Diabetes,2019-11-04,Catherine Miller,and Sons Torres,UnitedHealthcare,21224.01378893789,Elective,2019-11-06,Ibuprofen,Normal,2,2019,11
66,Male,AB-,Cancer,2022-02-19,Jonathan Harris,Inc King,UnitedHealthcare,28185.06501861229,Urgent,2022-03-05,Aspirin,Abnormal,14,2022,2
34,Male,B-,Cancer,2022-04-14,Pamela Bartlett,Garrison PLC,Cigna,39507.855295020745,Elective,2022-04-27,Lipitor,Normal,13,2022,4
85,Male,A+,Diabetes,2019-12-09,Nicolas Russell,Inc Mcdaniel,Blue Cross,28696.247386388728,Urgent,2019-12-11,Lipitor,Inconclusive,2,2019,12
25,Female,AB-,Cancer,2021-08-26,Ethan Li,"Ramos, and Lee Griffin",Cigna,7753.111014229033,Emergency,2021-09-23,Aspirin,Abnormal,28,2021,8
75,Female,A-,Asthma,2021-10-06,Jessica Neal,LLC Lopez,UnitedHealthcare,32353.01682695748,Elective,2021-10-19,Penicillin,Normal,13,2021,10
26,Male,A-,Cancer,2022-05-19,Emma Morrison DDS,"Hubbard Edwards, Romero and",Aetna,20145.9295655392,Emergency,2022-06-16,Lipitor,Normal,28,2022,5
82,Male,O+,Arthritis,2020-08-18,Brandon Middleton,"Ross, and Chambers Webb",UnitedHealthcare,43834.14790911845,Emergency,2020-09-03,Lipitor,Inconclusive,16,2020,8
45,Male,O+,Hypertension,2021-08-15,Jessica Jones,Johnson Group,Aetna,46064.4446263231,Urgent,2021-09-14,Lipitor,Abnormal,30,2021,8
47,Male,O+,Obesity,2022-10-05,Angel Smith,Robinson Inc,Blue Cross,35202.43732687535,Emergency,2022-10-14,Ibuprofen,Normal,9,2022,10
59,Male,A-,Arthritis,2022-12-01,Jessica Carr,Myers-Crawford,UnitedHealthcare,45910.53983575431,Urgent,2022-12-15,Paracetamol,Abnormal,14,2022,12
68,Male,O+,Cancer,2021-01-05,Michelle Torres,Stewart Inc,Aetna,17413.01219316677,Emergency,2021-01-17,Penicillin,Abnormal,12,2021,1
38,Male,B-,Cancer,2021-04-04,Erik Stewart,Mccormick-Marshall,Medicare,41335.69403061563,Elective,2021-04-08,Ibuprofen,Abnormal,4,2021,4
24,Female,AB+,Hypertension,2023-12-01,Shannon David,Richardson-Bryant,UnitedHealthcare,39004.16978134314,Urgent,2023-12-08,Aspirin,Normal,7,2023,12
70,Female,A+,Hypertension,2020-08-13,Jason Davis,Kirk-Martin,Blue Cross,7771.543409402016,Emergency,2020-09-03,Paracetamol,Normal,21,2020,8
36,Female,AB+,Asthma,2024-01-10,Brittany Rogers,"Nelson, and Wilson Ashley",Aetna,5432.024844821006,Urgent,2024-01-15,Ibuprofen,Abnormal,5,2024,1
60,Female,B-,Obesity,2021-07-16,Stephanie Dillon,Wilson-Hernandez,Blue Cross,6890.117646583964,Elective,2021-07-20,Paracetamol,Abnormal,4,2021,7
76,Female,A-,Diabetes,2021-02-21,Manuel Moore,"and Parker Wright, Miles",Medicare,7068.274923864583,Emergency,2021-02-26,Penicillin,Normal,5,2021,2
40,Female,AB-,Obesity,2023-02-15,Jessica Miller,Martinez-Mccormick,Blue Cross,41184.22950381138,Emergency,2023-03-02,Ibuprofen,Normal,15,2023,2
42,Male,B-,Asthma,2023-10-15,Diane Blair,Smith-Bailey,Blue Cross,28169.75691002763,Emergency,2023-10-26,Ibuprofen,Abnormal,11,2023,10
35,Male,AB-,Asthma,2021-04-27,Mary Anderson,Walker-Wu,UnitedHealthcare,33057.65970023013,Emergency,2021-04-28,Lipitor,Normal,1,2021,4
49,Male,O+,Diabetes,2020-10-18,Jennifer Guerra,George-Peck,Cigna,17104.78013224214,Elective,2020-10-31,Penicillin,Abnormal,13,2020,10
78,Male,AB+,Cancer,2023-02-24,Maria Hernandez,"Velazquez Schmidt and Douglas,",Cigna,9000.222951342115,Urgent,2023-03-19,Aspirin,Normal,23,2023,2
78,Female,O+,Obesity,2020-03-10,Terry Norris,Inc Parker,Cigna,962.2395155767036,Elective,2020-03-25,Aspirin,Inconclusive,15,2020,3
38,Female,O+,Cancer,2020-07-31,Lindsay Singleton,Group Roberts,Cigna,25483.51524604401,Elective,2020-08-08,Paracetamol,Normal,8,2020,7
62,Female,B-,Cancer,2023-07-05,Miss Sandra Tyler DVM,"Edwards Williams, Finley and",Cigna,42214.96109785472,Urgent,2023-07-18,Aspirin,Inconclusive,13,2023,7
75,Female,O-,Diabetes,2022-09-04,Amy Young,Chavez Inc,Aetna,45722.42059740181,Urgent,2022-09-11,Penicillin,Inconclusive,7,2022,9
59,Male,B+,Obesity,2022-10-01,Megan Becker,Benson Ltd,Blue Cross,43400.80005480375,Urgent,2022-10-02,Lipitor,Inconclusive,1,2022,10
57,Male,AB-,Arthritis,2019-08-02,Megan Davis,"Smith Mcgrath, Burgess and",Aetna,25618.41125649866,Urgent,2019-08-11,Penicillin,Abnormal,9,2019,8
41,Male,B-,Asthma,2019-06-26,Carrie Carpenter,Parker Sons and,Blue Cross,11195.237387219058,Urgent,2019-07-10,Paracetamol,Abnormal,14,2019,6
85,Male,B-,Hypertension,2024-03-10,Timothy Morrison,Martinez Inc,UnitedHealthcare,24166.139905571305,Emergency,2024-03-14,Aspirin,Abnormal,4,2024,3
57,Female,AB-,Hypertension,2021-06-02,Jeffrey Jacobs,"Myers and Brooks, Flores",Cigna,3553.740885175165,Elective,2021-06-14,Aspirin,Inconclusive,12,2021,6
28,Male,B-,Hypertension,2023-01-20,Jesse Russell,"Hernandez Anderson, and Rush",Cigna,32156.99497728598,Elective,2023-02-11,Lipitor,Inconclusive,22,2023,1
35,Female,AB-,Arthritis,2021-02-24,Amber Mayo,"and Wright, Fletcher King",Cigna,7284.74419426006,Urgent,2021-03-07,Lipitor,Abnormal,11,2021,2
41,Female,AB+,Asthma,2020-12-09,Steve Johnson,"and Vargas Sampson Young,",Aetna,15801.691418973578,Elective,2021-01-02,Paracetamol,Inconclusive,24,2020,12
46,Female,B-,Hypertension,2019-08-21,Karen Parker,Miller-Santiago,UnitedHealthcare,41030.23650844632,Emergency,2019-09-16,Lipitor,Normal,26,2019,8
78,Female,AB+,Diabetes,2023-12-12,Heather Jordan,Stuart-Robertson,Cigna,43236.4207378327,Emergency,2024-01-05,Aspirin,Normal,24,2023,12
69,Male,AB-,Arthritis,2019-08-10,Taylor Love,Suarez Group,UnitedHealthcare,22132.68131181384,Elective,2019-08-18,Aspirin,Normal,8,2019,8
63,Male,B+,Diabetes,2022-12-22,Linda Anderson,PLC Ortiz,Aetna,25297.761885154592,Elective,2023-01-04,Paracetamol,Abnormal,13,2022,12
35,Male,A-,Asthma,2020-03-19,Matthew Edwards,Marks-Stark,Blue Cross,3579.1451251474477,Urgent,2020-03-28,Lipitor,Abnormal,9,2020,3
77,Male,B-,Asthma,2021-06-21,Jennifer Ward,"and Wilkins Davis Silva,",Medicare,46615.40006072481,Elective,2021-07-20,Lipitor,Normal,29,2021,6
82,Male,O+,Cancer,2023-10-31,Philip Baker,"and Chavez Freeman, Smith",Blue Cross,3466.0453943075145,Urgent,2023-11-05,Paracetamol,Inconclusive,5,2023,10
45,Female,B+,Obesity,2022-02-15,Dale Ford,Garner Inc,UnitedHealthcare,33203.49316463993,Elective,2022-02-16,Aspirin,Normal,1,2022,2
67,Female,B+,Obesity,2020-05-13,Joshua Miller,Inc Harris,Aetna,10785.821837927837,Urgent,2020-05-24,Lipitor,Normal,11,2020,5
45,Female,A-,Cancer,2019-10-31,Jack Haney,"Thompson White, and Miller",Aetna,23450.783863645025,Emergency,2019-11-25,Aspirin,Normal,25,2019,10
29,Male,B-,Diabetes,2019-09-24,Kathleen Diaz,Thomas-Nielsen,Aetna,19536.961588492995,Elective,2019-10-05,Penicillin,Inconclusive,11,2019,9
32,Female,AB+,Diabetes,2023-05-29,Nicole Patel,Hart LLC,Aetna,662.6054592354526,Emergency,2023-06-08,Paracetamol,Normal,10,2023,5
66,Female,B-,Obesity,2021-03-23,Danielle Roberts,Ltd Patel,Medicare,32664.890641876776,Urgent,2021-04-04,Ibuprofen,Abnormal,12,2021,3
71,Female,AB+,Hypertension,2022-01-07,Jesse Thompson,Smith-Smith,Medicare,38449.531612716906,Emergency,2022-01-26,Paracetamol,Abnormal,19,2022,1
18,Female,AB+,Obesity,2019-10-12,Emily Ware,Blackwell-Cooper,Cigna,8082.544717853376,Urgent,2019-10-28,Lipitor,Normal,16,2019,10
50,Female,A+,Diabetes,2021-10-15,Amanda Williams,Powell-Brown,Cigna,24184.49130569167,Elective,2021-11-11,Lipitor,Inconclusive,27,2021,10
37,Female,B-,Arthritis,2022-05-18,Monica Sanders,Cook LLC,Medicare,17157.225355108163,Urgent,2022-06-11,Penicillin,Inconclusive,24,2022,5
45,Female,B-,Asthma,2023-06-13,Dennis Cole,Lewis-Mcdonald,Aetna,30040.21134252641,Emergency,2023-06-21,Ibuprofen,Normal,8,2023,6
45,Male,O+,Asthma,2022-01-06,Joe Gallagher,Bishop-Bautista,Blue Cross,18768.4323953753,Urgent,2022-01-13,Ibuprofen,Inconclusive,7,2022,1
71,Female,O-,Asthma,2021-01-20,Allen Ford,"Thomas Price Reeves, and",Aetna,48261.25770043253,Urgent,2021-02-04,Aspirin,Inconclusive,15,2021,1
83,Female,B+,Diabetes,2022-06-29,Jason Thompson,Wade-Sellers,Blue Cross,38530.60088303686,Urgent,2022-07-06,Aspirin,Inconclusive,7,2022,6
21,Female,B-,Cancer,2023-09-14,Dr. Pamela Ramos,"and Mcclain, Ramos Salas",UnitedHealthcare,4536.949662421536,Elective,2023-10-09,Penicillin,Abnormal,25,2023,9
62,Female,O-,Arthritis,2023-07-19,Paul Le,"Baker Andrade, and Johnson",UnitedHealthcare,28531.772788141152,Emergency,2023-07-22,Lipitor,Normal,3,2023,7
80,Male,A-,Hypertension,2024-01-22,Debra Perkins,Anderson Group,UnitedHealthcare,2348.439000441447,Emergency,2024-02-04,Lipitor,Abnormal,13,2024,1
27,Female,B-,Diabetes,2023-08-15,Hannah Love,"Shelton Nelson and Adams,",Medicare,46402.329925066784,Elective,2023-09-08,Paracetamol,Inconclusive,24,2023,8
28,Male,B+,Hypertension,2023-07-27,Victoria Joseph,Dunn-Miller,UnitedHealthcare,29047.51724119791,Elective,2023-07-30,Ibuprofen,Abnormal,3,2023,7
49,Female,A+,Cancer,2022-08-28,Kara Wilson,White-Leon,Aetna,34740.22207708444,Elective,2022-09-19,Penicillin,Normal,22,2022,8
49,Female,O+,Diabetes,2023-05-05,Anthony Robinson,"Taylor, and Garner Lee",Blue Cross,32801.7197738276,Emergency,2023-05-06,Penicillin,Abnormal,1,2023,5
33,Female,B+,Diabetes,2021-07-24,Jennifer Henry,"Kelly Scott, Brown and",Medicare,24792.173556549584,Urgent,2021-08-04,Penicillin,Normal,11,2021,7
54,Female,O-,Cancer,2024-02-02,Kendra Pierce,"and Morris Wallace Duncan,",UnitedHealthcare,1474.1820960796497,Emergency,2024-02-10,Paracetamol,Abnormal,8,2024,2
42,Male,AB-,Asthma,2022-01-11,Chelsea Wilson,"Kirby Ryan, Andrade and",Medicare,43378.35384431855,Elective,2022-01-29,Aspirin,Normal,18,2022,1
29,Female,B-,Cancer,2022-07-24,Kyle Hancock,"and Chandler, Conner Miller",Blue Cross,26873.00547125749,Emergency,2022-07-31,Lipitor,Inconclusive,7,2022,7
85,Female,A+,Cancer,2023-05-21,Heather Rowe,"Graham Knight, and Griffin",Cigna,21230.53218815398,Urgent,2023-05-28,Aspirin,Abnormal,7,2023,5
53,Male,AB-,Hypertension,2019-08-11,Andrew Jackson,PLC Smith,Medicare,44685.290247397,Emergency,2019-08-18,Paracetamol,Abnormal,7,2019,8
18,Female,B+,Diabetes,2020-11-20,Samantha Spencer,Perez-Wang,Aetna,24815.041623554564,Emergency,2020-11-25,Paracetamol,Inconclusive,5,2020,11
66,Female,B-,Hypertension,2020-12-25,Nicole Petersen,"Wright and Greene, Arnold",UnitedHealthcare,36402.6107842138,Urgent,2021-01-08,Ibuprofen,Inconclusive,14,2020,12
64,Male,B-,Cancer,2022-10-16,Maureen Torres,Mason-Collins,Medicare,28946.803858753243,Elective,2022-11-12,Ibuprofen,Inconclusive,27,2022,10
63,Female,A-,Obesity,2019-12-17,Xavier Guzman,Wolf Ltd,Cigna,9646.271730832235,Urgent,2020-01-11,Ibuprofen,Abnormal,25,2019,12
69,Female,O+,Asthma,2020-08-23,Nancy Douglas,Boyd-Diaz,Cigna,48947.65185132108,Emergency,2020-09-18,Penicillin,Abnormal,26,2020,8
41,Male,O+,Obesity,2020-01-02,Brian Glover,"Hawkins Keller and Morris,",Medicare,32179.288656301014,Urgent,2020-01-27,Lipitor,Abnormal,25,2020,1
19,Male,B-,Arthritis,2023-08-11,Matthew Butler,Houston-Walsh,Medicare,8237.935231711483,Elective,2023-09-02,Ibuprofen,Abnormal,22,2023,8
73,Female,B-,Cancer,2021-10-21,Lisa Joseph,"Lynch Woodard, Andrade and",Blue Cross,13543.552755731384,Elective,2021-11-16,Penicillin,Abnormal,26,2021,10
47,Male,A+,Diabetes,2022-08-20,Beth Porter,"Mendoza, Thomas Choi and",Blue Cross,18023.210557420098,Emergency,2022-09-06,Aspirin,Abnormal,17,2022,8
51,Female,B-,Asthma,2023-07-18,Hunter Sparks,"Walton and Strickland Yates,",Aetna,32656.9734931746,Emergency,2023-08-09,Ibuprofen,Abnormal,22,2023,7
84,Male,AB+,Arthritis,2022-05-12,Eric Johnson,"and Escobar Hamilton, Strickland",Medicare,47811.35886591265,Elective,2022-05-16,Ibuprofen,Normal,4,2022,5
53,Male,B+,Cancer,2021-08-08,Amy Stafford,Smith-Espinoza,UnitedHealthcare,9148.560651941494,Elective,2021-09-04,Penicillin,Inconclusive,27,2021,8
43,Male,O+,Hypertension,2019-07-01,Bob Lopez,Ltd Wilkins,Aetna,49980.47667128728,Elective,2019-07-04,Penicillin,Abnormal,3,2019,7
39,Female,B-,Hypertension,2022-06-16,Cathy Mccoy,"Freeman and Fletcher Patton,",UnitedHealthcare,21182.13250519244,Elective,2022-07-08,Paracetamol,Normal,22,2022,6
60,Male,AB-,Asthma,2022-07-21,Alexis Gonzales,Delacruz-Watson,Medicare,46157.428827085845,Urgent,2022-08-11,Lipitor,Abnormal,21,2022,7
59,Female,AB+,Diabetes,2019-07-19,Kenneth Johnson,"Fisher, Moore Jackson and",UnitedHealthcare,35041.224094410674,Elective,2019-08-01,Lipitor,Normal,13,2019,7
67,Male,O+,Arthritis,2020-11-29,Amanda Murray,PLC Nunez,Blue Cross,23595.34539041676,Urgent,2020-12-05,Ibuprofen,Inconclusive,6,2020,11
82,Male,AB-,Asthma,2022-01-22,Nicole Hall,Ltd Rodgers,Blue Cross,20157.898454435504,Emergency,2022-02-05,Paracetamol,Inconclusive,14,2022,1
65,Male,AB+,Diabetes,2022-12-10,Amy Ross,Hancock Group,Blue Cross,51199.73920806826,Emergency,2022-12-29,Ibuprofen,Normal,19,2022,12
65,Female,O+,Cancer,2020-01-24,Sarah Lawson,"Bailey and Wilson, Scott",Blue Cross,23845.791168104395,Urgent,2020-02-23,Penicillin,Normal,30,2020,1
61,Female,A-,Cancer,2022-12-31,Jennifer Evans,"Kim, Curry and Hensley",Blue Cross,22176.601668734533,Elective,2023-01-09,Lipitor,Normal,9,2022,12
52,Male,AB+,Asthma,2023-08-22,Andrea Sweeney,"and Hernandez Riggs, Diaz",Aetna,46672.797834796416,Emergency,2023-09-07,Ibuprofen,Abnormal,16,2023,8
48,Female,A+,Hypertension,2021-03-09,Harold Griffin,Spears Group,Aetna,27151.44048837802,Urgent,2021-03-15,Aspirin,Inconclusive,6,2021,3
78,Female,O+,Obesity,2024-03-01,Ashley Parker,"and Rice Wheeler, Jennings",Cigna,24655.23208125536,Elective,2024-03-08,Aspirin,Normal,7,2024,3
40,Male,A-,Asthma,2019-05-15,Vanessa Roberts,Glenn-Lane,Medicare,21619.417297457425,Urgent,2019-06-01,Lipitor,Abnormal,17,2019,5
80,Female,A+,Asthma,2024-02-10,Cameron Campbell,"Carlson Hicks, Fitzgerald and",Medicare,30317.26237191061,Urgent,2024-02-19,Ibuprofen,Abnormal,9,2024,2
71,Female,O+,Asthma,2022-12-24,Cheryl Montoya,LLC Morales,Aetna,23378.01089741111,Emergency,2023-01-05,Lipitor,Abnormal,12,2022,12
60,Female,AB+,Cancer,2022-09-17,Denise Gardner,"Thompson, Cole and Johnson",UnitedHealthcare,12624.841400043457,Urgent,2022-09-30,Lipitor,Inconclusive,13,2022,9
24,Male,B+,Asthma,2023-02-20,Stacy White,Mills-Bryant,Blue Cross,11829.9243238837,Emergency,2023-03-04,Paracetamol,Abnormal,12,2023,2
81,Male,O+,Obesity,2022-05-18,Jessica Thomas,"Alvarado Sullivan Miller, and",Blue Cross,33378.64229368837,Urgent,2022-06-04,Aspirin,Normal,17,2022,5
18,Male,AB-,Asthma,2024-01-27,Jon Harding,"Gomez, and Monroe Walter",Cigna,30405.726663334197,Emergency,2024-02-05,Penicillin,Abnormal,9,2024,1
82,Male,A+,Hypertension,2021-01-01,Tonya Barker,"Freeman Gonzalez Swanson, and",UnitedHealthcare,8377.400954832421,Elective,2021-01-26,Aspirin,Normal,25,2021,1
78,Female,O+,Hypertension,2023-07-09,Regina Davis,Ltd Jones,UnitedHealthcare,44265.86486549872,Elective,2023-07-10,Ibuprofen,Normal,1,2023,7
50,Male,AB-,Obesity,2024-02-18,Shawn Hill,Lewis-Thompson,Cigna,36861.20793072515,Urgent,2024-02-27,Lipitor,Abnormal,9,2024,2
36,Male,O+,Asthma,2022-03-06,Lindsey Hale DDS,Gallagher-Johnson,Blue Cross,20379.287225038657,Emergency,2022-04-01,Aspirin,Inconclusive,26,2022,3
72,Female,O-,Hypertension,2021-06-19,Edward Dunlap,Knight PLC,Cigna,16729.591069301205,Emergency,2021-07-18,Lipitor,Normal,29,2021,6
46,Male,AB-,Asthma,2020-07-21,Sonya Gonzalez,"Johnson and Maldonado, Lee",Cigna,6995.895569035143,Elective,2020-07-26,Paracetamol,Inconclusive,5,2020,7
70,Male,O-,Asthma,2019-06-07,Seth Rivers,Ferguson Sons and,Blue Cross,36923.59392398491,Urgent,2019-06-12,Ibuprofen,Abnormal,5,2019,6
37,Female,A+,Hypertension,2022-05-22,Ronald Black,Sons Wright and,Medicare,34996.48847031492,Emergency,2022-06-20,Paracetamol,Abnormal,29,2022,5
25,Male,B-,Diabetes,2021-06-13,Hayden Silva,Moss Ltd,UnitedHealthcare,49464.967598831565,Elective,2021-07-09,Penicillin,Inconclusive,26,2021,6
26,Male,A-,Cancer,2019-05-26,Tyler Steele,Wilson-Wilson,UnitedHealthcare,22120.601189451096,Elective,2019-06-13,Lipitor,Abnormal,18,2019,5
65,Male,AB-,Arthritis,2020-08-05,Matthew Armstrong,Perez-Martinez,Aetna,22459.04146543831,Urgent,2020-08-08,Lipitor,Abnormal,3,2020,8
58,Female,AB+,Diabetes,2022-08-07,Christine Morris,Walters-Bonilla,Cigna,28774.57926472218,Urgent,2022-08-30,Lipitor,Normal,23,2022,8
65,Female,O+,Cancer,2021-07-06,Tyrone Ramos,Williams LLC,UnitedHealthcare,26081.325032317214,Urgent,2021-07-10,Aspirin,Inconclusive,4,2021,7
39,Male,A+,Obesity,2020-01-03,Jeffery Banks,"and Lynch Rodriguez Clark,",Cigna,39878.389434115335,Urgent,2020-02-02,Lipitor,Inconclusive,30,2020,1
55,Male,O-,Asthma,2022-11-16,Molly Meyer,Moore-Butler,Medicare,44396.72720765065,Emergency,2022-12-08,Penicillin,Inconclusive,22,2022,11
45,Male,B-,Hypertension,2020-09-02,Nicole Roman,"Hughes and Wong, Tanner",Medicare,32893.81307650217,Urgent,2020-09-10,Aspirin,Normal,8,2020,9
84,Female,B-,Obesity,2023-08-21,Larry Walker,PLC Dixon,Aetna,22567.727724090964,Emergency,2023-08-30,Penicillin,Abnormal,9,2023,8
81,Female,A-,Diabetes,2022-05-14,Jeffrey Edwards,"Franklin Gentry and Kennedy,",Aetna,43279.727770244535,Emergency,2022-05-22,Paracetamol,Normal,8,2022,5
59,Male,B+,Diabetes,2022-03-24,Evan Russell,Strong PLC,UnitedHealthcare,28120.578171706973,Urgent,2022-04-12,Ibuprofen,Abnormal,19,2022,3
63,Male,AB-,Arthritis,2019-08-10,Joanne Johnson,PLC Chavez,Aetna,17280.556212403524,Urgent,2019-09-04,Ibuprofen,Inconclusive,25,2019,8
31,Female,AB+,Diabetes,2021-11-10,Lauren Bell,Keith-Romero,Cigna,2134.9946370242624,Emergency,2021-11-13,Aspirin,Abnormal,3,2021,11
72,Male,O-,Hypertension,2023-08-31,Elizabeth Gutierrez,Gordon Inc,Aetna,34752.290374410506,Urgent,2023-09-17,Penicillin,Normal,17,2023,8
36,Female,AB+,Asthma,2023-11-27,Margaret Boone,Mitchell and Sons,Medicare,5854.756737270101,Elective,2023-12-10,Paracetamol,Abnormal,13,2023,11
53,Female,AB-,Arthritis,2020-11-15,April Wilson,Hodge-Morgan,Medicare,13362.790118424296,Emergency,2020-11-22,Ibuprofen,Abnormal,7,2020,11
79,Male,B+,Obesity,2020-03-08,John Brooks,Yoder-Carlson,Cigna,19292.54218295272,Elective,2020-03-28,Penicillin,Normal,20,2020,3
49,Female,B-,Diabetes,2022-12-10,Eric Brock,Ramos LLC,Blue Cross,12250.16918654124,Emergency,2022-12-19,Ibuprofen,Inconclusive,9,2022,12
64,Female,AB-,Arthritis,2020-04-07,Gregory Juarez,"Dixon Tran Larson, and",Blue Cross,14305.496887782048,Elective,2020-04-12,Penicillin,Inconclusive,5,2020,4
61,Male,A-,Asthma,2020-03-08,Timothy Carter,Ruiz-Williams,Blue Cross,35534.82819047033,Elective,2020-04-04,Ibuprofen,Inconclusive,27,2020,3
77,Male,A-,Diabetes,2021-10-01,Garrett Beltran,"and Newton Campbell Sullivan,",Aetna,45246.99832355175,Emergency,2021-10-13,Penicillin,Abnormal,12,2021,10
22,Male,O-,Diabetes,2021-05-29,Gwendolyn Clayton,LLC Martin,Blue Cross,27954.426572647702,Elective,2021-05-31,Lipitor,Abnormal,2,2021,5
65,Female,AB-,Diabetes,2023-07-28,James Bailey,"Scott, and Peters Burns",Blue Cross,46417.34774067208,Emergency,2023-08-05,Ibuprofen,Normal,8,2023,7
51,Male,AB-,Obesity,2021-06-11,Lauren Hahn,"and Harrison Galvan, Shields",Blue Cross,39741.496777895416,Emergency,2021-06-17,Paracetamol,Normal,6,2021,6
50,Male,A-,Cancer,2023-05-21,Nicole Cardenas,"Lopez Bowman, and Combs",UnitedHealthcare,20827.51222741158,Urgent,2023-05-29,Ibuprofen,Inconclusive,8,2023,5
26,Male,B+,Diabetes,2023-02-24,James Fields,Garcia-Jackson,Aetna,41586.539307483006,Elective,2023-03-12,Lipitor,Inconclusive,16,2023,2
72,Male,B-,Arthritis,2022-12-01,Dr. Alexander Lynch,Group Farley,Medicare,48103.43313970735,Emergency,2022-12-05,Ibuprofen,Inconclusive,4,2022,12
29,Male,AB-,Asthma,2024-02-21,Meagan Zhang,"Cole and Nelson, Davies",UnitedHealthcare,38907.67676483317,Urgent,2024-03-19,Ibuprofen,Normal,27,2024,2
31,Female,B+,Cancer,2021-10-29,Allison Morales,Tucker-Lewis,Blue Cross,50489.19554265317,Emergency,2021-11-22,Ibuprofen,Abnormal,24,2021,10
82,Male,O+,Obesity,2022-04-03,Lynn Hunter,Walker-Smith,UnitedHealthcare,44048.99655203948,Elective,2022-04-05,Penicillin,Abnormal,2,2022,4
85,Female,AB+,Hypertension,2019-12-02,William Moore,Campbell LLC,Blue Cross,18088.96407831389,Elective,2019-12-11,Paracetamol,Inconclusive,9,2019,12
70,Female,B+,Diabetes,2022-03-16,Jonathan Berry,Suarez Ltd,Blue Cross,47628.62758763718,Urgent,2022-03-22,Lipitor,Inconclusive,6,2022,3
72,Female,B-,Asthma,2021-06-18,Lindsey Craig,White-Thompson,Cigna,43588.84953105278,Emergency,2021-06-21,Ibuprofen,Inconclusive,3,2021,6
46,Female,A-,Arthritis,2019-07-05,David Thompson,"May, and Wagner Cooley",Aetna,19479.552072298626,Urgent,2019-07-09,Aspirin,Inconclusive,4,2019,7
68,Male,A+,Cancer,2020-05-26,Meredith Blair,"Mejia Austin, and Davis",Cigna,4005.6906799095937,Urgent,2020-05-31,Paracetamol,Normal,5,2020,5
20,Male,B+,Asthma,2020-11-25,Mr. Jorge Marshall,and Burnett Sons,Cigna,32405.474570838727,Urgent,2020-12-17,Aspirin,Inconclusive,22,2020,11
50,Female,AB+,Hypertension,2023-11-13,Emily Foley,Sons Bennett and,Medicare,25195.83974544856,Emergency,2023-12-12,Lipitor,Normal,29,2023,11
65,Female,O+,Asthma,2020-10-26,Kaylee Glenn,PLC Torres,Aetna,35818.90311306447,Emergency,2020-11-15,Penicillin,Abnormal,20,2020,10
18,Female,AB+,Arthritis,2020-06-09,William Patel,Davidson-Shaw,Blue Cross,28513.1760123064,Elective,2020-06-13,Aspirin,Inconclusive,4,2020,6
54,Female,A-,Asthma,2022-08-15,Brianna Wong,LLC Williams,Aetna,33307.70979863076,Emergency,2022-08-30,Lipitor,Abnormal,15,2022,8
40,Male,A-,Arthritis,2020-07-15,Jeffrey Thomas,and Sons Lane,Medicare,44218.03723380309,Urgent,2020-07-24,Penicillin,Abnormal,9,2020,7
56,Female,O-,Asthma,2022-03-20,Connie Lucas,Hampton-Collins,Aetna,5655.413059826667,Urgent,2022-04-08,Lipitor,Normal,19,2022,3
30,Female,B-,Diabetes,2022-06-08,Bethany Anderson,"Baker Elliott and Miller,",UnitedHealthcare,42230.59391198197,Elective,2022-06-16,Penicillin,Normal,8,2022,6
31,Female,AB+,Obesity,2023-02-20,Sarah Hernandez,"Santana Brock Morris, and",Cigna,47484.26560816846,Emergency,2023-03-05,Ibuprofen,Inconclusive,13,2023,2
67,Female,AB-,Diabetes,2022-07-13,Jessica Montoya,Andrade-Stone,Medicare,40495.81312297833,Emergency,2022-07-17,Ibuprofen,Inconclusive,4,2022,7
59,Female,B+,Arthritis,2023-03-02,Gabrielle Johnson,Johnston Group,Aetna,20109.592764231475,Elective,2023-03-24,Lipitor,Normal,22,2023,3
85,Female,AB+,Hypertension,2024-01-16,Casey Long,Levy-Smith,Cigna,24217.320709978867,Elective,2024-02-03,Penicillin,Abnormal,18,2024,1
44,Male,A+,Diabetes,2024-04-30,Jonathan Duran,King Ltd,Aetna,9043.847133775696,Emergency,2024-05-17,Lipitor,Inconclusive,17,2024,4
58,Male,AB-,Diabetes,2021-04-04,Erin Powell,Garcia-Davis,UnitedHealthcare,3722.788184839538,Emergency,2021-04-16,Aspirin,Inconclusive,12,2021,4
59,Female,AB-,Asthma,2019-10-25,Kenneth Kaufman,Inc Wright,Aetna,38441.50577471165,Elective,2019-10-27,Penicillin,Abnormal,2,2019,10
63,Female,A-,Asthma,2022-06-08,Travis Noble,"Garcia, King Chan and",Aetna,12688.85302308247,Elective,2022-06-25,Paracetamol,Abnormal,17,2022,6
36,Male,O+,Obesity,2020-03-13,Benjamin Anthony,"Wyatt and Kramer Porter,",Cigna,47873.96766158052,Elective,2020-03-28,Lipitor,Normal,15,2020,3
85,Female,AB+,Cancer,2024-04-30,Shane Sanchez,Hicks-Salas,Medicare,23390.360536402142,Urgent,2024-05-17,Paracetamol,Inconclusive,17,2024,4
36,Female,B-,Arthritis,2024-03-28,Raymond Roberts,Clarke-King,Blue Cross,30735.4786052856,Elective,2024-04-26,Penicillin,Normal,29,2024,3
70,Male,A-,Cancer,2020-03-09,Marilyn Jones,Wang-Barker,UnitedHealthcare,35810.09633674239,Urgent,2020-03-30,Penicillin,Normal,21,2020,3
68,Male,AB+,Asthma,2019-08-25,Micheal Coleman,"Jackson Roberts, and Randolph",Medicare,32015.00336010859,Urgent,2019-09-08,Penicillin,Normal,14,2019,8
83,Male,O-,Hypertension,2024-02-27,Eddie Hughes,"Jackson Collier and Delacruz,",Cigna,644.3744071601363,Urgent,2024-03-07,Penicillin,Abnormal,9,2024,2
70,Female,A+,Asthma,2019-08-19,Patrick Moran,"Holmes Reed and Johnson,",Blue Cross,9492.225487246007,Elective,2019-09-11,Ibuprofen,Normal,23,2019,8
23,Female,O+,Cancer,2023-06-10,Aaron Esparza,Clark Inc,Blue Cross,41655.81972127788,Emergency,2023-06-13,Aspirin,Inconclusive,3,2023,6
74,Female,O-,Arthritis,2021-07-20,Michael Schroeder,"Parker, Kirk and Martin",Medicare,4653.832107381182,Urgent,2021-08-09,Ibuprofen,Inconclusive,20,2021,7
64,Female,A-,Hypertension,2022-06-01,Susan Terry,Love PLC,Aetna,46387.61658624745,Elective,2022-06-07,Penicillin,Normal,6,2022,6
58,Female,A+,Hypertension,2020-09-30,Sonya Costa,Mcdaniel PLC,Medicare,35726.73285283236,Emergency,2020-10-03,Aspirin,Normal,3,2020,9
64,Male,A+,Diabetes,2021-03-26,Robert Lara,LLC Kerr,Medicare,38842.27869448024,Urgent,2021-03-29,Penicillin,Inconclusive,3,2021,3
72,Male,O-,Arthritis,2022-01-15,Sarah Ross,"Marshall Holden and Small,",UnitedHealthcare,22249.958373295434,Elective,2022-01-25,Ibuprofen,Normal,10,2022,1
73,Female,AB+,Cancer,2022-10-30,Timothy Garcia,Ltd Brown,UnitedHealthcare,28459.109028812178,Emergency,2022-11-10,Lipitor,Abnormal,11,2022,10
82,Female,B+,Arthritis,2024-01-31,Teresa Harris,PLC Ritter,Blue Cross,29245.586038150617,Elective,2024-02-15,Penicillin,Inconclusive,15,2024,1
31,Male,AB+,Diabetes,2022-12-20,Maurice Davis,Wall-Weaver,Medicare,25773.32823641777,Elective,2023-01-09,Penicillin,Inconclusive,20,2022,12
77,Female,B-,Asthma,2020-07-24,Richard Ritter,Williams-Kim,UnitedHealthcare,22421.25433370884,Emergency,2020-08-04,Ibuprofen,Normal,11,2020,7
82,Male,O-,Diabetes,2020-08-16,Ashley Vincent,LLC Ramos,Aetna,16385.468181500208,Urgent,2020-08-20,Ibuprofen,Abnormal,4,2020,8
58,Male,O+,Asthma,2020-11-06,Andrew Jackson,West-Mcdonald,Blue Cross,2671.23689621905,Elective,2020-11-18,Ibuprofen,Inconclusive,12,2020,11
52,Female,AB+,Asthma,2024-03-14,Elizabeth Foster,Brown-Young,Cigna,40494.09179649183,Emergency,2024-04-04,Aspirin,Normal,21,2024,3
32,Female,AB+,Diabetes,2023-12-30,Michelle Davis,PLC Owens,Medicare,22056.675262879624,Urgent,2024-01-11,Lipitor,Abnormal,12,2023,12
20,Male,B+,Cancer,2020-08-10,Keith Carter,LLC Bates,Cigna,9638.904059627892,Elective,2020-08-27,Aspirin,Abnormal,17,2020,8
84,Male,A-,Hypertension,2021-07-06,Cynthia Robinson,"and Brown Martinez Johnson,",Aetna,47660.949991369576,Elective,2021-07-24,Aspirin,Normal,18,2021,7
75,Male,O+,Asthma,2019-09-27,Brittany Howard,"Reyes Edwards, Mullen and",Medicare,2765.832719323722,Urgent,2019-10-05,Aspirin,Normal,8,2019,9
71,Male,B+,Obesity,2024-02-26,Kimberly Sanders,"Lane Evans and Cooper,",Cigna,4088.449306425689,Elective,2024-02-28,Lipitor,Abnormal,2,2024,2
47,Female,AB+,Diabetes,2020-11-05,Linda Diaz,"and Montgomery Day Pierce,",Blue Cross,34468.359636655216,Emergency,2020-11-30,Lipitor,Abnormal,25,2020,11
59,Male,O-,Cancer,2022-08-20,Jessica Evans DDS,Booth-Moore,Blue Cross,26795.687018321925,Emergency,2022-09-01,Lipitor,Abnormal,12,2022,8
76,Female,O-,Hypertension,2022-11-11,Ashley Wilson,Martin-Martinez,Blue Cross,23370.7462676662,Elective,2022-12-06,Ibuprofen,Inconclusive,25,2022,11
20,Female,O+,Diabetes,2019-05-24,Annette Holt,"Dixon Smith, and Navarro",Aetna,34688.847861694,Emergency,2019-06-02,Aspirin,Normal,9,2019,5
85,Male,O-,Diabetes,2023-12-01,Cynthia Stark,Serrano Sons and,Medicare,28882.902989123235,Emergency,2023-12-12,Aspirin,Normal,11,2023,12
42,Male,O+,Cancer,2020-04-22,Jessica Smith,"Thomas Jones and Hill,",UnitedHealthcare,31914.0535992362,Elective,2020-05-15,Paracetamol,Inconclusive,23,2020,4
73,Female,A+,Cancer,2023-06-07,Steven Sutton,Mendoza-Wilson,Medicare,19391.543411320126,Elective,2023-06-19,Penicillin,Abnormal,12,2023,6
19,Female,B+,Cancer,2024-04-05,Sara Jimenez,"and Stone Booth, Garcia",Cigna,5954.725693706063,Urgent,2024-04-09,Penicillin,Abnormal,4,2024,4
29,Male,A+,Hypertension,2022-08-03,Jennifer Ray,Johnson-Nash,Blue Cross,10783.80543635234,Elective,2022-08-15,Ibuprofen,Abnormal,12,2022,8
71,Male,A-,Obesity,2020-03-29,Steven Watts,Nguyen-White,UnitedHealthcare,44706.97823967963,Urgent,2020-04-02,Penicillin,Normal,4,2020,3
32,Female,O+,Hypertension,2019-12-31,Joshua Franklin,Serrano-Griffin,Medicare,50173.24982829797,Elective,2020-01-20,Ibuprofen,Inconclusive,20,2019,12
65,Female,B-,Diabetes,2019-05-30,Timothy Sanders,Garcia-Warren,UnitedHealthcare,15263.689897475884,Emergency,2019-06-16,Lipitor,Inconclusive,17,2019,5
20,Male,AB+,Diabetes,2022-11-05,Joshua Garcia,Martinez-Solomon,Cigna,2120.438304293979,Urgent,2022-11-17,Penicillin,Abnormal,12,2022,11
24,Female,A-,Hypertension,2024-01-03,Gabriella Castro,PLC Thomas,Cigna,31758.54223618583,Urgent,2024-01-20,Penicillin,Abnormal,17,2024,1
26,Male,O-,Hypertension,2019-12-17,Lori Miller,Long-Jenkins,UnitedHealthcare,43673.7282637953,Elective,2020-01-11,Lipitor,Inconclusive,25,2019,12
29,Female,O+,Obesity,2019-12-30,Adam Richardson,"Hart and Winters, Giles",Cigna,34517.82046889444,Emergency,2020-01-18,Penicillin,Inconclusive,19,2019,12
81,Female,O-,Hypertension,2022-10-13,Rachel Jackson,"and Cox Ibarra Perry,",Medicare,32827.620815776376,Emergency,2022-10-27,Penicillin,Inconclusive,14,2022,10
55,Male,A+,Cancer,2020-01-24,Daniel Byrd,"and Rogers, Scott Ortega",Cigna,22334.067788612083,Emergency,2020-02-08,Paracetamol,Normal,15,2020,1
80,Female,AB-,Obesity,2022-08-31,Natasha Sutton,Collins-Tyler,Blue Cross,6971.632740332494,Elective,2022-09-09,Ibuprofen,Inconclusive,9,2022,8
65,Male,O+,Hypertension,2019-08-14,Krista Peterson,Shaw-Blair,Blue Cross,43577.68299772993,Elective,2019-09-11,Aspirin,Normal,28,2019,8
38,Female,B+,Hypertension,2022-01-19,Timothy Hendricks,Whitaker-Wright,Aetna,27755.63437144248,Elective,2022-01-23,Lipitor,Inconclusive,4,2022,1
45,Male,O-,Diabetes,2024-05-01,Nancy Thomas,"Smith, and Lowe Gross",Blue Cross,20257.98124909937,Emergency,2024-05-30,Lipitor,Inconclusive,29,2024,5
21,Female,AB-,Obesity,2021-05-08,Kyle Martinez,Kelly-Williams,Blue Cross,47234.08677343262,Urgent,2021-05-23,Ibuprofen,Inconclusive,15,2021,5
53,Female,AB+,Arthritis,2019-12-28,Victoria Johnson,Ltd Reed,Cigna,30015.391938737142,Elective,2019-12-29,Penicillin,Inconclusive,1,2019,12
33,Female,A-,Cancer,2023-08-12,Katherine Brown,"Santiago, and Keith Johnson",Aetna,6788.416209606748,Emergency,2023-08-30,Paracetamol,Abnormal,18,2023,8
20,Female,AB+,Obesity,2024-02-24,Timothy Chan,Roth-Stephenson,Medicare,39493.66582997144,Emergency,2024-03-04,Ibuprofen,Normal,9,2024,2
64,Female,AB+,Asthma,2019-09-05,Sheena Farley,LLC Hall,Medicare,23269.843822620453,Urgent,2019-09-22,Penicillin,Abnormal,17,2019,9
41,Male,O+,Arthritis,2024-01-13,William Burch,Rose-Brown,UnitedHealthcare,26028.635368529267,Elective,2024-02-03,Ibuprofen,Normal,21,2024,1
18,Female,B-,Hypertension,2023-03-08,Shawn Peters,Carter-Johnson,Cigna,10381.479358717415,Emergency,2023-03-09,Lipitor,Inconclusive,1,2023,3
44,Female,A-,Arthritis,2023-07-24,Katherine Huerta,"and White, Martin Strickland",Medicare,41989.197661440805,Elective,2023-08-16,Aspirin,Abnormal,23,2023,7
84,Male,AB-,Cancer,2023-09-06,Christopher Gonzalez,Carter-Estrada,Blue Cross,2091.771493939553,Emergency,2023-09-24,Penicillin,Inconclusive,18,2023,9
70,Male,A-,Diabetes,2023-08-13,Nicholas Carey,Weaver-Parker,Cigna,10614.88540676046,Elective,2023-08-18,Aspirin,Normal,5,2023,8
76,Female,A+,Arthritis,2024-04-05,Nicole Moses,Group Roberts,UnitedHealthcare,43022.48556891322,Urgent,2024-04-16,Aspirin,Normal,11,2024,4
59,Female,AB+,Asthma,2023-03-30,Mary Brown,Williams-Garcia,UnitedHealthcare,40998.75540249127,Elective,2023-04-06,Aspirin,Abnormal,7,2023,3
83,Female,B-,Diabetes,2024-03-03,Trevor Hickman,Martinez-Gonzalez,UnitedHealthcare,3754.013203957294,Elective,2024-03-21,Ibuprofen,Normal,18,2024,3
74,Male,O-,Arthritis,2021-05-16,Craig Hamilton,Clark-Riley,Blue Cross,37012.86648563504,Emergency,2021-05-21,Penicillin,Inconclusive,5,2021,5
63,Male,A-,Diabetes,2020-03-08,Michael Lyons,Stone Ltd,UnitedHealthcare,38142.39657304854,Urgent,2020-03-13,Lipitor,Normal,5,2020,3
30,Male,AB-,Hypertension,2023-03-22,David Johnson,White Inc,Cigna,29578.211126678376,Urgent,2023-03-23,Aspirin,Abnormal,1,2023,3
53,Male,A-,Hypertension,2020-10-08,Kelsey Dunn,Sons Acosta and,Medicare,41793.48329681632,Elective,2020-10-29,Aspirin,Normal,21,2020,10
66,Female,A-,Obesity,2022-02-08,Kimberly Oliver,and Sons Meadows,Medicare,25823.096954652985,Elective,2022-03-09,Paracetamol,Abnormal,29,2022,2
54,Male,O+,Diabetes,2023-10-15,Monica Santana,and Wilson Sons,Medicare,5104.709588258751,Urgent,2023-11-09,Paracetamol,Normal,25,2023,10
30,Male,A-,Asthma,2022-11-03,Vickie Garcia,Herring-Watts,Medicare,38654.73821438459,Elective,2022-11-13,Paracetamol,Abnormal,10,2022,11
67,Male,O-,Hypertension,2023-01-18,Amanda Mcdaniel,"Kelly, Combs and White",Blue Cross,18728.762317338234,Emergency,2023-01-29,Penicillin,Abnormal,11,2023,1
39,Male,AB+,Obesity,2019-09-26,Blake Garcia,"and Rogers Powell Bennett,",Aetna,21398.338155956066,Elective,2019-10-02,Lipitor,Abnormal,6,2019,9
83,Male,AB-,Obesity,2022-03-31,Timothy Bryant,Evans-Moses,Medicare,37424.907796319625,Urgent,2022-04-04,Ibuprofen,Normal,4,2022,3
21,Male,B+,Diabetes,2022-12-19,Robert Jordan,Gutierrez-Medina,Blue Cross,9995.723252287422,Elective,2023-01-02,Paracetamol,Normal,14,2022,12
39,Female,AB-,Cancer,2024-01-27,Holly Mitchell,"and Mejia Johnson Clark,",UnitedHealthcare,36973.343964037005,Elective,2024-02-26,Paracetamol,Inconclusive,30,2024,1
67,Male,AB-,Diabetes,2019-06-24,Gabriel Sanchez,Garcia-Ramos,Aetna,41216.61558951034,Urgent,2019-07-03,Penicillin,Abnormal,9,2019,6
77,Male,B-,Cancer,2023-02-07,Emily Miller,Newman-Barrera,Cigna,38466.64776813149,Emergency,2023-02-19,Paracetamol,Normal,12,2023,2
72,Female,A-,Hypertension,2022-11-20,Brandon Evans,"Martinez Leon, Washington and",Medicare,50066.07173674912,Urgent,2022-12-02,Ibuprofen,Normal,12,2022,11
45,Female,A+,Obesity,2020-02-08,David Cook,Ward-Gregory,UnitedHealthcare,43622.66943933724,Urgent,2020-02-28,Penicillin,Inconclusive,20,2020,2
20,Female,A-,Hypertension,2024-03-12,Charles Ramirez,Lee-Bridges,Medicare,14779.837730392464,Emergency,2024-03-26,Penicillin,Normal,14,2024,3
68,Female,AB+,Obesity,2022-02-22,James George,Reese-Benjamin,Medicare,39205.29313699534,Urgent,2022-03-04,Ibuprofen,Normal,10,2022,2
47,Male,O-,Hypertension,2021-08-20,William Johnston,"Wilson Hill and Ellison,",Cigna,28273.00607768433,Emergency,2021-09-18,Paracetamol,Inconclusive,29,2021,8
40,Female,AB-,Asthma,2024-03-15,Laura Carter,PLC Wong,Blue Cross,8031.512296662963,Elective,2024-03-24,Paracetamol,Inconclusive,9,2024,3
60,Female,B+,Asthma,2020-02-15,Nicole Maldonado,Koch-Simpson,Aetna,8927.66555282264,Urgent,2020-03-10,Aspirin,Inconclusive,24,2020,2
26,Male,B+,Cancer,2020-03-30,Kayla Cook,Jones Inc,UnitedHealthcare,18079.070915837547,Elective,2020-04-29,Lipitor,Normal,30,2020,3
32,Male,B+,Hypertension,2022-11-21,Justin Evans,Williams-Pena,Aetna,21977.816749615293,Emergency,2022-12-19,Ibuprofen,Abnormal,28,2022,11
45,Male,O-,Diabetes,2022-04-19,Molly Andrade,Fernandez-Parrish,Medicare,12781.956885363155,Elective,2022-04-30,Paracetamol,Abnormal,11,2022,4
70,Male,AB-,Arthritis,2022-03-10,Anthony Hall,Harris Inc,Cigna,38445.862070528914,Emergency,2022-03-18,Aspirin,Normal,8,2022,3
64,Female,O-,Asthma,2020-01-28,Jessica Brown,"and Houston, Mitchell Davenport",Medicare,34977.275882790615,Urgent,2020-02-03,Lipitor,Normal,6,2020,1
30,Female,B-,Hypertension,2022-11-21,Jason Graves,Smith-Obrien,Aetna,41900.60031383976,Elective,2022-11-30,Lipitor,Abnormal,9,2022,11
80,Female,O+,Asthma,2024-04-17,Emily Thompson,White-Terry,Cigna,21091.20089991693,Urgent,2024-05-16,Aspirin,Inconclusive,29,2024,4
25,Male,AB+,Hypertension,2021-01-05,Tanya Johnson,Marks Ltd,Cigna,43210.05824704524,Elective,2021-01-23,Paracetamol,Abnormal,18,2021,1
25,Male,A-,Arthritis,2023-07-13,Angela Bullock,Warner-Ochoa,Blue Cross,44444.8426125171,Urgent,2023-08-08,Penicillin,Inconclusive,26,2023,7
70,Male,A-,Cancer,2023-08-17,Emily Blake,Ltd Ortega,Cigna,38686.99498602308,Emergency,2023-08-19,Lipitor,Abnormal,2,2023,8
84,Male,A+,Arthritis,2022-05-24,Derek Fuentes,"Davis, and Foster Stanley",UnitedHealthcare,17826.614033773807,Urgent,2022-06-23,Lipitor,Normal,30,2022,5
66,Female,AB-,Diabetes,2022-06-02,Mercedes Williams,Daniel Group,Cigna,22930.790749956774,Urgent,2022-06-30,Ibuprofen,Abnormal,28,2022,6
69,Male,B-,Obesity,2019-06-12,Dylan Reyes,"and Fitzgerald Wells Campbell,",Blue Cross,47313.71147505011,Urgent,2019-07-04,Lipitor,Abnormal,22,2019,6
70,Female,AB+,Asthma,2020-07-19,Kenneth Nichols,Jimenez-Shaw,Aetna,11001.998694363232,Urgent,2020-08-11,Aspirin,Inconclusive,23,2020,7
81,Female,A+,Arthritis,2024-05-02,Jason Hart,"Nelson, Rush and Moore",Aetna,1518.435254885321,Urgent,2024-05-13,Lipitor,Abnormal,11,2024,5
73,Male,B+,Diabetes,2023-04-03,Brian Griffin,Jones Group,Aetna,32243.2247941399,Emergency,2023-04-07,Aspirin,Inconclusive,4,2023,4
72,Female,O+,Cancer,2023-09-24,Sue Zimmerman,Bennett Inc,Blue Cross,9293.88464167994,Elective,2023-09-28,Paracetamol,Normal,4,2023,9
43,Female,O-,Obesity,2024-04-01,Dan Perez,"and Phillips Thomas Richardson,",Aetna,21484.45235332361,Elective,2024-04-15,Lipitor,Normal,14,2024,4
39,Male,B-,Arthritis,2020-07-12,Juan Brown,Sims-Hudson,Aetna,5689.596690960121,Urgent,2020-08-10,Ibuprofen,Normal,29,2020,7
45,Female,A+,Cancer,2021-08-03,Jason Taylor,Ltd Burton,Cigna,9899.845051824776,Elective,2021-08-20,Ibuprofen,Normal,17,2021,8
39,Female,A+,Obesity,2021-03-04,Ashley Mcfarland,"Young and Barrera, English",Cigna,26105.48982495974,Elective,2021-03-10,Lipitor,Inconclusive,6,2021,3
58,Male,A-,Arthritis,2024-01-04,Sarah Costa,LLC Delgado,Blue Cross,5136.3012938824295,Emergency,2024-01-30,Penicillin,Normal,26,2024,1
56,Male,O-,Asthma,2020-06-07,Sara Carroll,Taylor-Jarvis,Medicare,26570.715522451286,Urgent,2020-07-01,Paracetamol,Inconclusive,24,2020,6
45,Male,AB+,Hypertension,2022-12-29,Jason Barrett,Cervantes-Sanchez,Aetna,10892.654584406033,Urgent,2023-01-22,Penicillin,Inconclusive,24,2022,12
76,Male,B+,Hypertension,2023-04-21,Laura Williams,LLC Craig,Blue Cross,8524.498410126092,Urgent,2023-04-30,Lipitor,Normal,9,2023,4
85,Male,O-,Arthritis,2019-11-09,Ronald Phillips,Harvey-Cook,Cigna,45773.948146267,Elective,2019-12-09,Paracetamol,Inconclusive,30,2019,11
23,Male,AB+,Arthritis,2024-02-26,Mariah Lyons,Peterson LLC,Medicare,46866.743104337,Urgent,2024-03-16,Aspirin,Abnormal,19,2024,2
55,Male,B+,Hypertension,2021-02-13,Blake Perez,Gonzalez-Logan,Medicare,27214.391543476788,Emergency,2021-03-04,Ibuprofen,Abnormal,19,2021,2
80,Female,B-,Cancer,2022-10-05,Michael Obrien,Inc Scott,Medicare,45074.4857601788,Emergency,2022-10-16,Lipitor,Abnormal,11,2022,10
66,Male,B-,Obesity,2019-11-17,Claire Gill,"Greene and Garcia, Wilson",Blue Cross,40929.58504319716,Emergency,2019-12-07,Penicillin,Abnormal,20,2019,11
47,Male,AB+,Asthma,2023-07-10,Jerry Payne,Odonnell-Martin,Medicare,1371.1831704949757,Elective,2023-07-29,Paracetamol,Inconclusive,19,2023,7
22,Male,AB+,Asthma,2022-07-21,Chad Mcguire,Kelly-Smith,Cigna,31003.88609618534,Urgent,2022-07-30,Paracetamol,Inconclusive,9,2022,7
77,Female,A+,Obesity,2022-10-31,Karla Miller,Lopez PLC,Blue Cross,26996.21495631501,Elective,2022-11-17,Penicillin,Abnormal,17,2022,10
39,Male,A-,Diabetes,2020-02-18,Elizabeth Rodriguez MD,"Smith and Fisher, Gonzalez",Blue Cross,25197.804976147087,Emergency,2020-03-14,Lipitor,Abnormal,25,2020,2
84,Female,AB-,Arthritis,2024-03-09,Valerie Lang,Inc Williams,UnitedHealthcare,44447.64354333157,Emergency,2024-03-25,Aspirin,Inconclusive,16,2024,3
49,Male,B-,Cancer,2023-10-01,Darius Silva,White-Jackson,Cigna,19748.38383538941,Elective,2023-10-16,Lipitor,Abnormal,15,2023,10
41,Female,B-,Hypertension,2023-09-26,Evan Davis,Edwards-Johnson,Aetna,38244.86367982848,Emergency,2023-10-23,Paracetamol,Abnormal,27,2023,9
23,Male,AB+,Obesity,2019-07-12,John Dickson,Chavez-Webster,Blue Cross,22022.019654556505,Urgent,2019-07-31,Aspirin,Abnormal,19,2019,7
77,Female,B-,Arthritis,2019-05-28,April Williams,LLC Long,Cigna,18672.769403720667,Elective,2019-06-16,Aspirin,Inconclusive,19,2019,5
69,Male,A-,Asthma,2022-10-19,Michelle Rose,"Pitts Austin, Johnson and",Cigna,40928.09673049176,Elective,2022-10-31,Ibuprofen,Inconclusive,12,2022,10
77,Female,O-,Arthritis,2020-04-10,Samantha Woodward,"Reese, Diaz and Johnson",Blue Cross,12499.373659154564,Urgent,2020-04-11,Paracetamol,Abnormal,1,2020,4
69,Female,B+,Hypertension,2020-01-15,Michelle Dunn,Kirk-Carlson,Aetna,8843.251241935875,Emergency,2020-01-26,Lipitor,Normal,11,2020,1
69,Male,A-,Diabetes,2021-09-05,Diana Hartman,"Patrick, Munoz and Banks",Medicare,47263.31572495158,Elective,2021-09-14,Aspirin,Abnormal,9,2021,9
73,Male,AB-,Diabetes,2023-01-30,Stacy Pierce,"and Moore, Larson Moore",Blue Cross,21705.28222351183,Urgent,2023-02-21,Ibuprofen,Abnormal,22,2023,1
53,Female,O+,Arthritis,2023-02-08,Rebekah Prince,"and Lamb, Fernandez Gomez",UnitedHealthcare,27779.500991305667,Urgent,2023-02-26,Ibuprofen,Abnormal,18,2023,2
51,Female,O-,Asthma,2021-01-22,Christopher Mitchell,Bryant-Page,Medicare,21208.0157987857,Elective,2021-02-17,Aspirin,Abnormal,26,2021,1
21,Male,A-,Arthritis,2020-02-07,Shannon Crawford,PLC Fischer,Cigna,44455.981189821534,Emergency,2020-02-09,Penicillin,Inconclusive,2,2020,2
36,Female,A+,Arthritis,2023-05-02,Noah Collier,"and Monroe, Murphy Deleon",Blue Cross,34994.30042948887,Elective,2023-05-29,Penicillin,Normal,27,2023,5
49,Female,A-,Diabetes,2022-03-08,Anne Clayton,Kemp Sons and,UnitedHealthcare,47716.94028535166,Emergency,2022-03-23,Penicillin,Inconclusive,15,2022,3
43,Female,O-,Cancer,2023-10-28,Amy Fernandez,Davila Ltd,Blue Cross,5005.780601720935,Elective,2023-11-17,Aspirin,Inconclusive,20,2023,10
23,Female,AB+,Diabetes,2021-02-04,Latoya White,Johnson LLC,UnitedHealthcare,33117.974393980665,Emergency,2021-02-09,Paracetamol,Abnormal,5,2021,2
70,Female,A-,Arthritis,2022-05-05,Rachel Johns,Stone Ltd,Aetna,27715.29199835512,Emergency,2022-05-06,Lipitor,Abnormal,1,2022,5
67,Male,O+,Asthma,2023-08-31,Jeff Lyons,Nichols-Collins,Blue Cross,13810.838144442476,Elective,2023-09-26,Lipitor,Abnormal,26,2023,8
53,Male,O-,Hypertension,2021-02-21,Emma Le,Inc Green,UnitedHealthcare,13106.722490286847,Elective,2021-03-13,Aspirin,Abnormal,20,2021,2
83,Female,AB-,Hypertension,2021-05-25,Jacob Harris,Sons Hunt and,Blue Cross,26435.256793702512,Urgent,2021-06-23,Penicillin,Inconclusive,29,2021,5
25,Male,A+,Arthritis,2019-09-30,Judith Stark,Miller PLC,UnitedHealthcare,9161.430255170806,Elective,2019-10-09,Penicillin,Abnormal,9,2019,9
63,Female,AB+,Asthma,2020-04-21,Gabriel Sampson,"Parker and Stokes Jimenez,",UnitedHealthcare,28210.99117923511,Elective,2020-04-22,Penicillin,Inconclusive,1,2020,4
57,Female,AB+,Obesity,2022-06-23,Julie Smith,Inc Park,UnitedHealthcare,27292.27548708612,Urgent,2022-07-08,Lipitor,Normal,15,2022,6
73,Female,A+,Arthritis,2021-11-13,Jenna Dominguez,"White, Wallace Thompson and",Aetna,35101.36310261148,Urgent,2021-11-21,Aspirin,Inconclusive,8,2021,11
21,Female,A-,Diabetes,2024-03-14,Billy Kelley,Moses-Randall,Aetna,8690.270052290243,Urgent,2024-04-11,Ibuprofen,Inconclusive,28,2024,3
36,Male,O+,Asthma,2020-09-16,Kayla Sutton,"Copeland, and Crawford Stark",UnitedHealthcare,17625.27451579228,Elective,2020-09-27,Aspirin,Abnormal,11,2020,9
50,Male,O-,Arthritis,2023-10-22,Dr. Denise Diaz,Ltd Shelton,Aetna,7161.519187107447,Elective,2023-11-13,Penicillin,Inconclusive,22,2023,10
67,Female,A+,Hypertension,2019-10-25,Richard Whitaker,Bishop-Taylor,Blue Cross,29614.05585734693,Emergency,2019-10-26,Lipitor,Normal,1,2019,10
74,Female,O+,Obesity,2019-05-10,Wendy Nichols,Young-Humphrey,Blue Cross,45466.562858002966,Urgent,2019-05-11,Ibuprofen,Inconclusive,1,2019,5
31,Female,B+,Asthma,2021-09-20,Sean Chambers,Gilbert-Morales,Blue Cross,30108.941202262173,Urgent,2021-10-11,Lipitor,Normal,21,2021,9
75,Female,AB+,Arthritis,2022-03-19,John Walker,Kim-Smith,Medicare,263.2973373347952,Elective,2022-04-06,Penicillin,Normal,18,2022,3
67,Male,A+,Diabetes,2023-07-12,Kristine Lozano,"Carr Lewis, Robertson and",Medicare,37910.88376771083,Elective,2023-07-28,Penicillin,Inconclusive,16,2023,7
53,Female,A+,Hypertension,2021-05-19,Olivia Bradshaw,"Perry Mills Anderson, and",Medicare,48811.13017338309,Emergency,2021-06-05,Aspirin,Inconclusive,17,2021,5
52,Male,A+,Arthritis,2022-12-16,Michelle Serrano,Hale-Livingston,Blue Cross,31287.042116355668,Urgent,2022-12-26,Penicillin,Abnormal,10,2022,12
83,Male,O+,Hypertension,2019-06-17,Tina Graham,Benjamin Inc,Cigna,34217.65339925993,Urgent,2019-07-10,Penicillin,Abnormal,23,2019,6
70,Male,AB+,Obesity,2021-01-13,Brian Smith,Burns-Smith,Blue Cross,27968.368872465173,Urgent,2021-01-20,Aspirin,Abnormal,7,2021,1
68,Male,AB-,Cancer,2023-04-25,Paul Stevenson,LLC Blanchard,Aetna,9540.680500170678,Emergency,2023-05-22,Lipitor,Inconclusive,27,2023,4
49,Female,B+,Diabetes,2019-11-24,Leslie Kennedy,Day-Barrett,Medicare,40130.26144537468,Emergency,2019-12-18,Lipitor,Abnormal,24,2019,11
66,Male,O-,Diabetes,2022-09-07,Adam Green,Rodriguez Inc,Blue Cross,30107.936569753077,Elective,2022-10-04,Ibuprofen,Abnormal,27,2022,9
82,Male,AB+,Arthritis,2021-06-03,Casey Wilson,Sanchez-Bailey,Cigna,3464.3981653393034,Emergency,2021-07-03,Paracetamol,Inconclusive,30,2021,6
50,Male,O-,Cancer,2024-03-02,Dorothy Burke,PLC Davis,Aetna,9434.760831098392,Elective,2024-03-19,Aspirin,Inconclusive,17,2024,3
36,Male,B-,Asthma,2021-03-27,Abigail Wright,Mclean-Levy,UnitedHealthcare,9177.024160659332,Urgent,2021-04-02,Ibuprofen,Normal,6,2021,3
84,Male,O+,Cancer,2021-04-12,Caleb Hernandez,Ltd Henry,Medicare,36198.32048984207,Urgent,2021-04-22,Penicillin,Abnormal,10,2021,4
37,Female,B+,Diabetes,2021-05-09,David Young,Horne Ltd,Cigna,15433.387831575948,Urgent,2021-06-06,Penicillin,Abnormal,28,2021,5
73,Female,B+,Asthma,2021-04-02,Jorge Carlson,Green PLC,UnitedHealthcare,6829.552743569036,Elective,2021-04-07,Aspirin,Inconclusive,5,2021,4
72,Male,AB-,Hypertension,2021-01-19,Linda Carter,White-Phillips,Cigna,48820.47996962895,Elective,2021-02-17,Lipitor,Inconclusive,29,2021,1
44,Male,O-,Obesity,2020-12-29,Alicia Smith,"and Solis Fisher Davidson,",Aetna,47560.09364180231,Urgent,2021-01-17,Lipitor,Abnormal,19,2020,12
30,Male,AB+,Cancer,2021-05-14,Oscar Gibson,"Robbins and Morales Fry,",Aetna,42141.55964803953,Urgent,2021-05-19,Aspirin,Abnormal,5,2021,5
69,Male,A-,Asthma,2020-11-17,Kristin Hernandez,"Garcia and Stone Hamilton,",Cigna,46067.274143618095,Emergency,2020-12-06,Paracetamol,Normal,19,2020,11
68,Female,B-,Cancer,2022-04-11,Sean Lawson,"Camacho, and Jones Young",Medicare,22442.44285075966,Elective,2022-05-05,Ibuprofen,Normal,24,2022,4
72,Male,AB-,Obesity,2022-12-23,Michael Romero,"Rodriguez and Taylor Sanchez,",UnitedHealthcare,32679.282472369647,Elective,2023-01-10,Aspirin,Normal,18,2022,12
82,Male,B+,Cancer,2022-07-02,Derek Meza,Brandt PLC,Aetna,9432.991418168796,Elective,2022-07-06,Penicillin,Normal,4,2022,7
32,Female,B+,Obesity,2020-09-12,Alexandria Bridges,Ltd Jackson,Blue Cross,23392.21374278417,Emergency,2020-09-19,Lipitor,Normal,7,2020,9
83,Female,B+,Cancer,2022-08-31,Dana Allison,Mcneil-Fernandez,UnitedHealthcare,40703.57594404255,Elective,2022-09-12,Paracetamol,Normal,12,2022,8
36,Male,AB+,Asthma,2020-11-28,Jennifer White,Dorsey-Black,Cigna,38630.956589326495,Urgent,2020-12-06,Penicillin,Abnormal,8,2020,11
84,Male,O+,Asthma,2021-08-26,Vanessa Perez,"Ward Mcdaniel, and Cowan",Blue Cross,27094.32064136977,Urgent,2021-09-21,Lipitor,Abnormal,26,2021,8
78,Female,O-,Obesity,2021-04-07,Pam Hensley,Fernandez-Vasquez,Aetna,19336.59467759803,Emergency,2021-04-20,Ibuprofen,Abnormal,13,2021,4
62,Male,O+,Diabetes,2024-02-04,Jason Weaver,"and Ramirez Richards, Lyons",Blue Cross,23079.885703635257,Elective,2024-02-22,Aspirin,Abnormal,18,2024,2
22,Female,B+,Diabetes,2019-12-28,Karl Diaz,"Sheppard Roberts, Dougherty and",Cigna,33146.91931618062,Elective,2020-01-08,Lipitor,Inconclusive,11,2019,12
55,Female,AB+,Diabetes,2020-07-21,Jennifer May,Thompson-Ritter,Aetna,1631.5542700111496,Urgent,2020-07-29,Penicillin,Inconclusive,8,2020,7
39,Male,B-,Cancer,2022-03-25,Derek Phillips,Simpson and Sons,Cigna,8052.82987337494,Emergency,2022-04-15,Penicillin,Inconclusive,21,2022,3
79,Male,O+,Cancer,2020-12-12,Diana Jimenez,"Kane Stevens, and Harris",Medicare,40396.59239029865,Elective,2021-01-04,Lipitor,Abnormal,23,2020,12
28,Male,B-,Cancer,2022-05-18,Christian Rocha,Johnson PLC,Aetna,42769.328205158185,Urgent,2022-06-08,Ibuprofen,Abnormal,21,2022,5
44,Male,O-,Cancer,2020-09-24,Randy Daniel,"Hartman, Shaffer Thomas and",Blue Cross,13556.96147092239,Emergency,2020-10-19,Lipitor,Normal,25,2020,9
62,Male,AB-,Arthritis,2019-07-29,Brandy Burns,LLC Gardner,Aetna,9938.81926740808,Emergency,2019-08-19,Ibuprofen,Abnormal,21,2019,7
28,Male,O-,Diabetes,2022-12-31,Kevin Mcclure,Butler-Taylor,Cigna,14120.178231132975,Elective,2023-01-28,Penicillin,Inconclusive,28,2022,12
53,Male,O-,Hypertension,2023-04-06,Mike Smith,Wallace Ltd,Blue Cross,29993.48848978648,Elective,2023-05-02,Paracetamol,Abnormal,26,2023,4
49,Male,O+,Diabetes,2023-11-23,Michael Brown,Ward-Mccall,Blue Cross,9270.671585459098,Emergency,2023-12-17,Penicillin,Abnormal,24,2023,11
22,Male,B-,Obesity,2023-02-12,Shawn Hanna,"and Collins Mcdaniel Morgan,",Blue Cross,37874.62286764959,Urgent,2023-02-25,Paracetamol,Normal,13,2023,2
30,Male,A-,Hypertension,2022-07-26,Alexandra Hayes,Watson-Pugh,Aetna,40606.79222470576,Emergency,2022-07-28,Aspirin,Abnormal,2,2022,7
78,Female,AB-,Hypertension,2020-10-08,Krista Porter,Johnson-Banks,Blue Cross,17933.84160991233,Elective,2020-10-27,Ibuprofen,Inconclusive,19,2020,10
50,Female,O-,Obesity,2022-12-16,Jennifer May,Noble-Rivera,Medicare,48574.83579820074,Urgent,2022-12-26,Ibuprofen,Abnormal,10,2022,12
65,Female,B+,Arthritis,2019-10-11,Anthony Dennis,Mills-Smith,Blue Cross,34220.97355460001,Elective,2019-10-15,Paracetamol,Abnormal,4,2019,10
57,Female,A+,Diabetes,2023-02-06,Jennifer Hunt,Huber-Martin,UnitedHealthcare,40234.982133447855,Elective,2023-02-27,Ibuprofen,Inconclusive,21,2023,2
73,Male,A-,Hypertension,2020-02-09,Craig Cox,Blake-Davis,Medicare,13445.561321008645,Urgent,2020-02-16,Ibuprofen,Abnormal,7,2020,2
75,Female,O+,Cancer,2020-10-12,Darlene Poole,"Harrison Johnson Miller, and",Medicare,7556.513996466131,Emergency,2020-11-03,Lipitor,Abnormal,22,2020,10
37,Male,B+,Cancer,2019-06-13,Emily Jensen,Haley PLC,Blue Cross,30150.04421472013,Elective,2019-07-05,Ibuprofen,Inconclusive,22,2019,6
83,Female,AB-,Asthma,2019-11-27,Daniel Campos,Lin-Herrera,Blue Cross,42476.52662953036,Urgent,2019-12-05,Lipitor,Abnormal,8,2019,11
62,Female,AB-,Cancer,2022-10-11,Kevin Martin,"and Hopkins Holland Murphy,",Aetna,34403.72369908155,Elective,2022-10-28,Penicillin,Abnormal,17,2022,10
24,Male,A+,Arthritis,2019-08-10,Paula Miller,Jackson LLC,Blue Cross,21189.43563333028,Elective,2019-08-18,Penicillin,Inconclusive,8,2019,8
81,Female,B+,Diabetes,2020-06-22,Robert Wright,"Young and Conway, Ross",Aetna,20225.62196973832,Emergency,2020-06-28,Penicillin,Abnormal,6,2020,6
42,Female,A+,Arthritis,2022-06-24,Rachel Smith,Ltd Peterson,UnitedHealthcare,41829.49245168849,Urgent,2022-07-07,Lipitor,Abnormal,13,2022,6
34,Male,AB-,Asthma,2019-08-31,Louis Scott II,Jackson-Webb,Cigna,12780.263299818944,Emergency,2019-09-17,Ibuprofen,Normal,17,2019,8
80,Male,B-,Obesity,2019-07-10,Todd White,"and Kim, Kennedy Brennan",Cigna,50496.83340007267,Emergency,2019-07-31,Aspirin,Abnormal,21,2019,7
74,Male,AB+,Arthritis,2022-01-02,Natalie Little,Williams-Peterson,Cigna,14522.55033100387,Urgent,2022-01-10,Ibuprofen,Normal,8,2022,1
38,Male,O+,Cancer,2022-04-07,Christian Todd,"Preston and Wilson Arnold,",UnitedHealthcare,33999.266349599544,Emergency,2022-04-16,Aspirin,Normal,9,2022,4
82,Female,AB+,Arthritis,2023-07-22,David Allen,PLC Zamora,Blue Cross,33006.15503065569,Urgent,2023-08-07,Lipitor,Normal,16,2023,7
36,Male,O+,Asthma,2022-05-11,Timothy White,Tran-Bryant,Medicare,3953.427714966569,Elective,2022-05-26,Penicillin,Abnormal,15,2022,5
34,Female,AB+,Cancer,2023-05-14,Christopher Williams,Fitzgerald-Miller,Blue Cross,41577.515441584364,Emergency,2023-05-31,Lipitor,Inconclusive,17,2023,5
83,Female,AB-,Cancer,2021-03-22,Anthony Jones,Webster-Flores,UnitedHealthcare,26084.51000342398,Urgent,2021-04-18,Lipitor,Abnormal,27,2021,3
82,Male,AB+,Obesity,2019-09-12,Christina Wolf,Ortiz-Smith,Cigna,36980.87572587638,Elective,2019-10-10,Ibuprofen,Normal,28,2019,9
61,Male,B+,Obesity,2021-03-28,Kimberly Williams,"Gray Snyder and Perez,",Aetna,21854.13498070213,Urgent,2021-04-11,Penicillin,Normal,14,2021,3
63,Female,A-,Diabetes,2023-06-12,Lee Scott,"Jordan, Franklin and Jackson",Blue Cross,9837.440798263273,Urgent,2023-06-13,Ibuprofen,Normal,1,2023,6
49,Female,B-,Hypertension,2022-04-06,Jacob Fowler,"and Howard Fuller, Friedman",Cigna,5809.528413513664,Elective,2022-05-03,Penicillin,Abnormal,27,2022,4
77,Female,O-,Hypertension,2024-05-03,Michael Fuentes,"Thomas, and Hatfield Wright",Cigna,15571.166454122504,Emergency,2024-05-25,Lipitor,Abnormal,22,2024,5
44,Female,O+,Asthma,2021-10-11,Kevin Chambers III,Palmer Group,Blue Cross,31585.608582022203,Elective,2021-10-15,Ibuprofen,Abnormal,4,2021,10
78,Female,B+,Hypertension,2020-04-01,Edward Webster,Dudley-King,Aetna,50017.36596513135,Urgent,2020-04-14,Aspirin,Normal,13,2020,4
72,Female,B-,Hypertension,2021-08-06,Jackson Simpson,Martin and Sons,Blue Cross,27711.779178427598,Elective,2021-08-24,Penicillin,Inconclusive,18,2021,8
64,Male,A+,Cancer,2019-05-20,Joseph Anderson,Webb Inc,Cigna,24657.338368300807,Emergency,2019-05-21,Penicillin,Inconclusive,1,2019,5
41,Male,AB+,Cancer,2021-09-30,Bobby Mejia,"Sandoval Roberts, Moore and",Aetna,32312.02188432625,Urgent,2021-10-21,Penicillin,Normal,21,2021,9
52,Female,AB-,Obesity,2021-08-02,Joseph Davis,Johnston-Sharp,Medicare,40929.69222834324,Elective,2021-08-10,Ibuprofen,Normal,8,2021,8
80,Male,O+,Diabetes,2019-09-12,Kimberly Mitchell,Harris-Hooper,Aetna,35913.86786710988,Urgent,2019-10-05,Penicillin,Normal,23,2019,9
50,Female,AB+,Arthritis,2022-06-30,Matthew Hendricks,"and Brown Bennett Watson,",Medicare,44396.41829282213,Elective,2022-07-22,Penicillin,Normal,22,2022,6
22,Female,O+,Cancer,2023-08-08,Tony Simmons,Clark PLC,Cigna,32607.300252047608,Elective,2023-08-09,Ibuprofen,Abnormal,1,2023,8
23,Male,AB+,Diabetes,2022-12-06,Joseph Robbins,"Bell, and Rodriguez Gutierrez",Cigna,48558.88327605211,Emergency,2022-12-08,Ibuprofen,Inconclusive,2,2022,12
36,Male,AB-,Cancer,2022-05-12,Paul Hardy,Bates Inc,Aetna,45905.66340072583,Elective,2022-06-11,Lipitor,Abnormal,30,2022,5
65,Male,B+,Arthritis,2021-01-29,Douglas Murphy,and West Sons,Blue Cross,33875.657873095995,Urgent,2021-02-10,Ibuprofen,Abnormal,12,2021,1
46,Female,AB-,Obesity,2019-06-04,Eric Martin,Rodgers Ltd,Cigna,39261.382411571736,Urgent,2019-06-11,Penicillin,Inconclusive,7,2019,6
23,Male,O+,Obesity,2019-06-26,Angelica Davis,"and Browning, Dawson George",Cigna,42862.28144647886,Emergency,2019-07-16,Ibuprofen,Inconclusive,20,2019,6
74,Male,A-,Diabetes,2019-09-11,Shannon Silva,Roberts Ltd,Blue Cross,38354.77694805039,Urgent,2019-09-12,Aspirin,Abnormal,1,2019,9
42,Female,B+,Asthma,2023-01-14,William Miller,"Torres Williams Roberts, and",Blue Cross,24503.27336043944,Urgent,2023-01-25,Paracetamol,Normal,11,2023,1
58,Male,A-,Diabetes,2021-04-06,Jonathan Crawford,"Booth, and Johnson Smith",Cigna,25665.34002901948,Emergency,2021-04-19,Paracetamol,Normal,13,2021,4
40,Female,A-,Obesity,2021-09-07,Steven Little,Johnson Inc,Cigna,30134.49604983684,Urgent,2021-10-01,Paracetamol,Abnormal,24,2021,9
63,Female,AB+,Asthma,2020-11-14,Shane Lyons,Obrien-Gallagher,UnitedHealthcare,2530.239688015618,Elective,2020-11-21,Ibuprofen,Inconclusive,7,2020,11
25,Male,A-,Obesity,2024-02-16,Ethan Lewis,"Wright Torres, Murray and",Aetna,33025.40326309956,Urgent,2024-02-21,Paracetamol,Inconclusive,5,2024,2
29,Female,O-,Asthma,2023-02-22,Travis Irwin,LLC Jimenez,Blue Cross,1038.3428238915844,Elective,2023-03-24,Aspirin,Inconclusive,30,2023,2
80,Female,B-,Diabetes,2024-02-12,Justin Bush,Long-Gonzales,Aetna,7249.415393289972,Emergency,2024-03-04,Paracetamol,Normal,21,2024,2
20,Female,O+,Arthritis,2019-05-22,Charles Hines,"and King Greene Lang,",Aetna,21761.02543499251,Elective,2019-06-10,Aspirin,Abnormal,19,2019,5
25,Male,B+,Asthma,2023-03-18,Sydney Smith,Pearson-Allen,Cigna,48297.09427701391,Elective,2023-04-03,Paracetamol,Normal,16,2023,3
78,Male,O-,Hypertension,2024-01-16,Steve Adams,"Sellers Woods Burgess, and",UnitedHealthcare,40104.83708883718,Elective,2024-01-28,Aspirin,Inconclusive,12,2024,1
58,Female,AB-,Obesity,2023-08-11,Tara Rhodes,Inc Brown,UnitedHealthcare,45076.441212901584,Emergency,2023-09-01,Ibuprofen,Inconclusive,21,2023,8
53,Male,A-,Obesity,2023-01-30,Mary Vargas MD,Hill-Duran,UnitedHealthcare,29618.89025869364,Urgent,2023-02-16,Lipitor,Abnormal,17,2023,1
67,Male,O+,Asthma,2020-06-17,Autumn Smith,"Smith, Zamora Graham and",Blue Cross,33365.21544475726,Elective,2020-07-13,Penicillin,Abnormal,26,2020,6
20,Female,AB+,Diabetes,2020-03-05,Alejandra Palmer,Kelly-Clark,Blue Cross,3626.064907134624,Elective,2020-03-21,Ibuprofen,Abnormal,16,2020,3
34,Male,AB-,Diabetes,2020-09-23,Tonya Johnson,Wilson-George,Blue Cross,6737.382935371722,Elective,2020-10-08,Ibuprofen,Inconclusive,15,2020,9
38,Male,B+,Arthritis,2024-04-29,Brian Chavez,Perkins-Chang,Blue Cross,41733.73081711242,Emergency,2024-05-21,Aspirin,Inconclusive,22,2024,4
62,Male,O+,Diabetes,2023-05-31,Ms. Ashley Johnson MD,"Ramirez and Baker Cox,",Medicare,48577.09358436674,Elective,2023-06-21,Ibuprofen,Inconclusive,21,2023,5
49,Male,B+,Obesity,2023-06-07,Miss Mary Russell,"Vazquez, Coleman and Wallace",Cigna,44117.41574270213,Emergency,2023-06-14,Lipitor,Normal,7,2023,6
22,Female,B+,Hypertension,2019-08-03,Tracy Santos,"Weeks and Robinson, King",Blue Cross,32329.44373979082,Urgent,2019-08-18,Penicillin,Normal,15,2019,8
39,Male,B-,Obesity,2023-01-11,Catherine Mora,Quinn LLC,Cigna,44470.45693916685,Urgent,2023-02-03,Aspirin,Normal,23,2023,1
65,Male,AB+,Asthma,2022-06-19,Christine King,"and Graham Higgins, Bell",Blue Cross,22281.77361421844,Emergency,2022-06-29,Ibuprofen,Normal,10,2022,6
54,Male,O+,Obesity,2019-11-16,Daniel Miller,"Jordan Gallagher, and Reid",Medicare,33442.01642037018,Emergency,2019-11-26,Paracetamol,Inconclusive,10,2019,11
80,Male,B-,Cancer,2019-10-24,Jose Davenport,Reed-Ray,UnitedHealthcare,30363.640379615357,Emergency,2019-11-14,Paracetamol,Inconclusive,21,2019,10
50,Male,AB+,Asthma,2023-09-14,Mrs. Ashley Miller,"and Patterson, Lam Coleman",Aetna,14194.189187725213,Urgent,2023-10-09,Aspirin,Inconclusive,25,2023,9
47,Male,B-,Hypertension,2022-12-23,James Lozano,King Inc,Medicare,37188.609348447295,Elective,2023-01-01,Lipitor,Inconclusive,9,2022,12
50,Male,A-,Asthma,2020-01-05,Maria Norton,Rivera-Scott,Cigna,6571.049713653854,Urgent,2020-01-14,Aspirin,Abnormal,9,2020,1
78,Female,O+,Asthma,2021-10-24,Steven Mason,Schultz-Mccullough,UnitedHealthcare,23109.8676759916,Elective,2021-10-29,Paracetamol,Inconclusive,5,2021,10
71,Male,AB+,Diabetes,2021-10-10,Julie Boyd,PLC Todd,Aetna,5430.027592883933,Emergency,2021-10-22,Aspirin,Inconclusive,12,2021,10
57,Female,AB-,Asthma,2019-10-09,Lisa Henderson,"and Martinez, Shaw Abbott",Medicare,12825.914876167571,Elective,2019-10-23,Lipitor,Inconclusive,14,2019,10
36,Male,AB+,Cancer,2023-02-12,James Myers,Brown-Taylor,Medicare,44089.55073575097,Emergency,2023-02-15,Paracetamol,Abnormal,3,2023,2
40,Female,B-,Asthma,2024-03-12,John Gray,LLC Nguyen,Aetna,4814.924418782771,Urgent,2024-04-08,Paracetamol,Inconclusive,27,2024,3
76,Male,B-,Cancer,2020-09-06,Christopher Mccann,"and Blankenship Robbins Turner,",Blue Cross,9729.330317507754,Elective,2020-09-18,Aspirin,Inconclusive,12,2020,9
78,Female,AB+,Obesity,2024-01-29,Sandra Ferguson,Wolfe Sons and,Medicare,29356.894334923654,Urgent,2024-02-24,Ibuprofen,Abnormal,26,2024,1
24,Female,AB+,Diabetes,2021-04-02,Kelly Chang,Inc Rodriguez,Blue Cross,3244.1901985842687,Emergency,2021-04-13,Paracetamol,Normal,11,2021,4
84,Female,O-,Asthma,2022-07-12,Amy Bullock,Robertson-Kaiser,Blue Cross,47750.02146863125,Urgent,2022-08-06,Aspirin,Normal,25,2022,7
76,Female,O+,Cancer,2022-03-03,Marcus Strong,"Moore, Gallegos and Smith",UnitedHealthcare,14023.10187411348,Elective,2022-03-16,Penicillin,Inconclusive,13,2022,3
49,Male,AB-,Arthritis,2021-04-05,Michael Rhodes,David-Sellers,Medicare,14735.405267710632,Emergency,2021-04-07,Lipitor,Normal,2,2021,4
84,Male,AB+,Obesity,2023-07-13,Casey Hodges,Edwards Ltd,Aetna,3960.75201016894,Urgent,2023-08-10,Aspirin,Abnormal,28,2023,7
63,Female,B-,Diabetes,2021-08-22,Rachel Brennan,Rivera-Holland,Cigna,4520.475330287816,Elective,2021-09-11,Ibuprofen,Abnormal,20,2021,8
62,Male,A-,Arthritis,2022-09-14,John Carr,Inc Price,Medicare,47279.47319858984,Elective,2022-09-30,Lipitor,Inconclusive,16,2022,9
61,Male,A+,Obesity,2022-07-24,Holly Martin,"and Marshall Harris Marks,",Cigna,34840.935171925295,Emergency,2022-08-08,Penicillin,Abnormal,15,2022,7
65,Male,A+,Arthritis,2020-02-02,Kristen Chambers,Villegas-Mccoy,Blue Cross,7693.30590880111,Elective,2020-02-12,Ibuprofen,Normal,10,2020,2
48,Female,AB+,Obesity,2021-11-12,Chelsea Woods,"Gregory Hudson, Romero and",Medicare,21810.82928839573,Urgent,2021-12-05,Ibuprofen,Inconclusive,23,2021,11
80,Male,AB-,Arthritis,2022-02-04,Carrie Stokes,Hernandez-Webster,Aetna,33289.82234805688,Elective,2022-02-05,Lipitor,Abnormal,1,2022,2
25,Male,AB+,Diabetes,2020-11-25,Stephanie Butler,Group Walker,Blue Cross,9629.724266441472,Elective,2020-12-14,Penicillin,Normal,19,2020,11
41,Male,A-,Cancer,2020-01-20,Bradley Cook,"and Small, Crane Hill",Medicare,23337.392581214623,Elective,2020-01-31,Ibuprofen,Normal,11,2020,1
72,Female,A+,Asthma,2021-07-31,Michael Rollins,Hansen-Travis,Aetna,28834.073348153608,Elective,2021-08-11,Penicillin,Abnormal,11,2021,7
39,Male,O-,Diabetes,2019-05-15,Daniel Reed,Harris-Snyder,Medicare,18832.768495910397,Elective,2019-06-14,Paracetamol,Inconclusive,30,2019,5
31,Male,O-,Hypertension,2023-12-12,Mr. John Gonzales,"Lee Rodriguez Hobbs, and",Aetna,34215.3729503565,Elective,2023-12-16,Lipitor,Abnormal,4,2023,12
42,Female,B-,Obesity,2021-01-15,Miss Kristen Valdez,Sons Parker and,Medicare,33587.37208623446,Elective,2021-02-01,Paracetamol,Inconclusive,17,2021,1
22,Female,O-,Cancer,2022-10-20,Laura Reed,"and Reed Williams, Hernandez",Aetna,49693.36911132684,Emergency,2022-10-27,Lipitor,Abnormal,7,2022,10
85,Female,AB+,Hypertension,2023-04-12,Brittany Beltran,"Peters, and Olson Herman",Aetna,3594.223435498772,Emergency,2023-04-21,Aspirin,Inconclusive,9,2023,4
80,Male,A+,Obesity,2021-03-26,Thomas Hammond,Inc Castro,UnitedHealthcare,8603.23129737371,Urgent,2021-04-06,Penicillin,Abnormal,11,2021,3
35,Female,AB+,Hypertension,2023-09-08,Aaron Williams,Wong-Ho,Blue Cross,42819.65106148565,Urgent,2023-09-30,Paracetamol,Abnormal,22,2023,9
80,Female,A-,Hypertension,2022-01-27,Rachel Smith,and Sons Mcclain,Aetna,6302.456042423623,Elective,2022-02-24,Lipitor,Normal,28,2022,1
58,Male,B-,Asthma,2022-03-08,Donna Green,PLC Kim,Blue Cross,24122.02244719471,Emergency,2022-03-15,Paracetamol,Normal,7,2022,3
37,Female,O-,Hypertension,2019-08-19,Heather Luna,Aguilar-Silva,UnitedHealthcare,9169.665987221686,Urgent,2019-09-05,Ibuprofen,Normal,17,2019,8
78,Female,A-,Hypertension,2022-06-29,Kimberly Williams,Brown-Blair,Medicare,15782.13607419944,Emergency,2022-07-01,Penicillin,Inconclusive,2,2022,6
82,Male,AB+,Obesity,2024-04-18,Christopher Clements,Miller LLC,UnitedHealthcare,27382.513026265795,Urgent,2024-05-10,Ibuprofen,Abnormal,22,2024,4
37,Male,AB+,Cancer,2023-08-17,Brian Larson,"and Howard Ward, Jordan",Cigna,47805.99731582972,Elective,2023-09-16,Paracetamol,Abnormal,30,2023,8
52,Male,A-,Diabetes,2023-06-05,Scott Baker,Bailey Inc,Aetna,3813.7343284883336,Elective,2023-06-21,Penicillin,Inconclusive,16,2023,6
82,Female,B+,Arthritis,2019-06-09,John Arellano,Stone-Horn,Blue Cross,4669.136967051141,Urgent,2019-07-01,Paracetamol,Normal,22,2019,6
20,Female,O-,Arthritis,2022-05-03,Noah Valdez,"and Murphy Williams, Reyes",Aetna,12499.52188226028,Urgent,2022-05-16,Aspirin,Abnormal,13,2022,5
45,Male,B-,Asthma,2021-09-27,Micheal Graham,Inc Franco,Medicare,34615.876165279326,Urgent,2021-09-28,Penicillin,Abnormal,1,2021,9
85,Male,A+,Asthma,2020-07-19,Michele Mcintyre,Simpson-Martinez,Blue Cross,15383.270142129695,Elective,2020-07-21,Aspirin,Inconclusive,2,2020,7
32,Female,A+,Cancer,2020-09-22,John Reynolds,Vance PLC,Cigna,25995.22716404734,Elective,2020-10-19,Lipitor,Normal,27,2020,9
27,Male,B-,Hypertension,2022-10-26,Melissa Sanders,"Anderson James, Miller and",Cigna,44688.53241804066,Emergency,2022-11-15,Lipitor,Inconclusive,20,2022,10
66,Female,A+,Hypertension,2023-01-19,Yolanda Terry,Osborne Group,Cigna,17095.43384991314,Elective,2023-02-17,Lipitor,Inconclusive,29,2023,1
63,Male,O+,Hypertension,2020-11-14,Evan Campbell,Newton-Lawrence,Cigna,36613.25883467864,Urgent,2020-12-12,Aspirin,Abnormal,28,2020,11
18,Male,AB+,Diabetes,2020-12-09,Catherine Stewart,Barnes-Alexander,Blue Cross,38979.376078256406,Elective,2021-01-02,Lipitor,Inconclusive,24,2020,12
32,Male,O-,Obesity,2023-05-21,Alan Martinez,"Martin Taylor Johnson, and",Aetna,8196.565286628058,Urgent,2023-06-11,Paracetamol,Normal,21,2023,5
74,Female,A+,Arthritis,2020-12-29,Jennifer Thomas,Ltd Francis,Blue Cross,19603.538661912917,Urgent,2021-01-14,Paracetamol,Normal,16,2020,12
77,Female,O+,Cancer,2020-03-03,Julie Hughes,Thompson-Dorsey,Medicare,11489.974893763789,Emergency,2020-03-22,Aspirin,Inconclusive,19,2020,3
80,Female,O-,Asthma,2019-12-26,Curtis Davenport,"Rodriguez Oconnor, Snyder and",Blue Cross,16923.735726833074,Urgent,2020-01-15,Lipitor,Inconclusive,20,2019,12
58,Female,A-,Asthma,2022-10-18,Jason Patel,"Johnson Thompson and Crawford,",UnitedHealthcare,9579.863646419486,Elective,2022-11-09,Ibuprofen,Abnormal,22,2022,10
37,Male,AB+,Cancer,2021-12-18,Eileen Carlson,"Evans and Ryan Phillips,",UnitedHealthcare,32617.349504752063,Elective,2021-12-31,Penicillin,Normal,13,2021,12
80,Male,O-,Hypertension,2022-05-11,Claudia Martinez,"and Butler, King Morton",Cigna,26395.43786896715,Emergency,2022-05-16,Ibuprofen,Inconclusive,5,2022,5
37,Female,AB+,Asthma,2020-07-02,Ariana Ruiz,PLC Ward,Cigna,26789.86755878304,Elective,2020-07-06,Penicillin,Normal,4,2020,7
52,Female,AB+,Arthritis,2024-05-07,Eric Keith,Little PLC,Aetna,14755.33283478122,Urgent,2024-05-12,Paracetamol,Inconclusive,5,2024,5
27,Female,B+,Cancer,2019-11-16,Ryan Nelson,Ltd Richard,Medicare,22284.059841935003,Emergency,2019-12-16,Penicillin,Inconclusive,30,2019,11
65,Male,B-,Cancer,2024-03-15,Joel Bennett,"Gonzalez and Meyers, Johnson",Medicare,40356.94712935215,Urgent,2024-03-21,Lipitor,Abnormal,6,2024,3
33,Male,O+,Arthritis,2023-04-02,Karen Smith,PLC Rodriguez,Blue Cross,15663.98853978353,Elective,2023-04-13,Aspirin,Inconclusive,11,2023,4
49,Female,A-,Obesity,2019-08-06,Dr. Melanie Taylor,"and Cruz, Thompson Martinez",UnitedHealthcare,21265.30587380017,Emergency,2019-08-28,Paracetamol,Abnormal,22,2019,8
80,Male,B+,Diabetes,2020-09-29,Anthony Jensen,Inc Meadows,Medicare,47581.41820255071,Emergency,2020-10-11,Paracetamol,Abnormal,12,2020,9
70,Female,A-,Asthma,2020-08-01,Arthur Greene,Inc Adkins,Aetna,8937.515807606798,Elective,2020-08-28,Aspirin,Abnormal,27,2020,8
82,Male,AB+,Arthritis,2023-03-20,Christine Castillo,"and Osborne Lopez, Castillo",Aetna,38807.956409904735,Urgent,2023-03-28,Ibuprofen,Normal,8,2023,3
81,Female,AB+,Arthritis,2019-06-13,Stephen Welch,"Clark Blair, and Miller",UnitedHealthcare,15722.522027310568,Emergency,2019-07-13,Lipitor,Inconclusive,30,2019,6
73,Male,O+,Arthritis,2023-04-18,Taylor Moore,"Mcgee Nguyen, and Hatfield",Aetna,34257.894852998674,Elective,2023-05-09,Aspirin,Inconclusive,21,2023,4
66,Male,A+,Asthma,2024-02-15,Matthew Williams,"Watson Mitchell Garcia, and",Medicare,42744.31462114608,Elective,2024-02-23,Paracetamol,Abnormal,8,2024,2
85,Male,AB+,Asthma,2021-12-25,Logan Kaiser,Bennett Inc,Aetna,48253.72997518354,Elective,2022-01-12,Penicillin,Normal,18,2021,12
85,Female,AB-,Arthritis,2023-06-23,Vanessa Hawkins,Ibarra Group,Aetna,42250.2895736431,Elective,2023-07-18,Aspirin,Abnormal,25,2023,6
82,Female,AB+,Hypertension,2020-11-10,David Haynes,Johns-Patel,Aetna,37089.58189015603,Urgent,2020-12-02,Aspirin,Abnormal,22,2020,11
72,Female,O+,Diabetes,2020-12-26,Glenn Newman,Thompson-Barnett,Aetna,17734.260954569963,Elective,2021-01-14,Ibuprofen,Normal,19,2020,12
35,Male,B-,Asthma,2022-06-22,Autumn Rogers,Ltd Mills,UnitedHealthcare,36387.29551209799,Elective,2022-07-10,Penicillin,Abnormal,18,2022,6
20,Male,O+,Cancer,2020-06-01,Michael Fisher,Pham LLC,Cigna,25145.57975471447,Urgent,2020-06-22,Penicillin,Inconclusive,21,2020,6
40,Male,B+,Cancer,2021-12-16,Connie Caldwell MD,"Townsend, and Kent Garcia",UnitedHealthcare,10366.323960973525,Emergency,2021-12-21,Aspirin,Inconclusive,5,2021,12
75,Male,AB+,Hypertension,2022-02-07,Mr. Ernest Stanley MD,"Campbell Chavez and Smith,",Blue Cross,5074.593602414025,Elective,2022-02-22,Aspirin,Inconclusive,15,2022,2
36,Female,A-,Hypertension,2021-04-03,Allison Clayton,Ltd Rivera,Cigna,16037.022848451845,Urgent,2021-04-04,Lipitor,Normal,1,2021,4
32,Male,O+,Hypertension,2021-02-02,Danny Parks,LLC Shah,Aetna,45483.11233555565,Urgent,2021-02-22,Aspirin,Inconclusive,20,2021,2
49,Female,B-,Obesity,2022-09-28,Kimberly Costa,"Nguyen and Anderson Diaz,",Cigna,41477.92049347045,Emergency,2022-10-04,Aspirin,Abnormal,6,2022,9
31,Male,A+,Arthritis,2023-12-12,Katrina Fleming,"Smith, and Davis Cain",Blue Cross,49727.66858963937,Urgent,2023-12-13,Lipitor,Inconclusive,1,2023,12
24,Male,AB+,Obesity,2024-03-27,James Taylor,LLC Mendoza,Cigna,25341.349049370827,Emergency,2024-04-26,Ibuprofen,Abnormal,30,2024,3
31,Female,O-,Asthma,2019-07-15,Shannon Clarke,Andersen-Jones,Medicare,9613.693264819636,Emergency,2019-08-07,Lipitor,Abnormal,23,2019,7
23,Female,O+,Obesity,2021-02-26,Jessica Reed,Pearson-Nguyen,Cigna,19953.038163535934,Urgent,2021-03-24,Aspirin,Inconclusive,26,2021,2
85,Male,B+,Diabetes,2022-05-27,Angela Guerrero,"Woods and Myers, Smith",Medicare,25706.745498841137,Elective,2022-06-11,Lipitor,Inconclusive,15,2022,5
27,Female,O-,Obesity,2023-10-18,Willie Mccall,"and Brown Hughes, Avery",Cigna,39341.55906780385,Urgent,2023-11-01,Aspirin,Abnormal,14,2023,10
21,Female,AB-,Arthritis,2022-02-01,Robert Williams,Stein-Campbell,Cigna,7731.51012420524,Urgent,2022-02-17,Penicillin,Inconclusive,16,2022,2
20,Male,AB+,Asthma,2020-09-07,Shelby Johnson,"Hicks, Moon and Ayala",UnitedHealthcare,34364.05306811473,Elective,2020-09-25,Paracetamol,Inconclusive,18,2020,9
81,Female,B-,Obesity,2024-03-29,Tony Ross,Carson-Johnson,Blue Cross,13351.42528416312,Urgent,2024-04-12,Aspirin,Inconclusive,14,2024,3
49,Male,A+,Cancer,2022-01-26,Latoya Sullivan,Macdonald-Johnson,Medicare,50218.087641226026,Urgent,2022-02-17,Ibuprofen,Abnormal,22,2022,1
22,Male,A-,Arthritis,2023-02-11,Adam Alexander,"Collins Small, and Crawford",UnitedHealthcare,49339.88275707946,Urgent,2023-02-12,Penicillin,Abnormal,1,2023,2
50,Male,O+,Cancer,2022-05-24,April Jones,"Lindsey Valdez, and Snyder",Aetna,29135.486390538244,Emergency,2022-06-16,Lipitor,Abnormal,23,2022,5
40,Male,B+,Hypertension,2023-08-30,Jacob Thompson,Riddle Inc,UnitedHealthcare,46049.17249837327,Urgent,2023-09-20,Aspirin,Inconclusive,21,2023,8
78,Female,B+,Arthritis,2021-10-10,Terry Nelson,Jordan-Bell,Medicare,1579.920320608442,Urgent,2021-11-01,Paracetamol,Abnormal,22,2021,10
63,Male,AB-,Asthma,2019-06-21,Nicole Castro,Tanner-Cox,UnitedHealthcare,4933.221878012801,Emergency,2019-07-04,Paracetamol,Normal,13,2019,6
42,Female,A-,Diabetes,2022-02-09,Michelle Kelly,"and Burke Clark, Johnson",UnitedHealthcare,28478.45134370179,Elective,2022-02-11,Paracetamol,Inconclusive,2,2022,2
73,Female,B+,Cancer,2024-04-21,Austin Lyons,"Russo Mahoney Edwards, and",Medicare,27000.17584439954,Elective,2024-05-10,Paracetamol,Inconclusive,19,2024,4
42,Male,AB-,Cancer,2020-04-07,Courtney Lee,West-Wise,UnitedHealthcare,8655.503460602702,Urgent,2020-04-21,Lipitor,Normal,14,2020,4
56,Male,AB+,Hypertension,2022-06-03,Edward Hanson,"and Khan, Foster Beard",Cigna,3099.398301427721,Urgent,2022-06-12,Lipitor,Normal,9,2022,6
38,Female,A-,Asthma,2019-10-24,Brian Jones,"Hernandez, Jones Garrett and",Cigna,4577.465519371403,Emergency,2019-10-25,Lipitor,Inconclusive,1,2019,10
30,Male,AB-,Arthritis,2023-08-12,Victoria Fletcher,"Mann Allen and Bush,",Cigna,26691.16860697681,Urgent,2023-08-23,Penicillin,Inconclusive,11,2023,8
79,Male,AB-,Cancer,2021-08-14,Kevin Craig,Miller-Rodriguez,Cigna,8804.353160824488,Emergency,2021-08-19,Aspirin,Normal,5,2021,8
19,Male,A+,Arthritis,2021-05-24,Carmen Moody,Martinez-Martin,Medicare,23088.43374358562,Urgent,2021-05-31,Aspirin,Normal,7,2021,5
57,Male,O+,Arthritis,2023-05-24,Colleen Parker,Marsh PLC,Blue Cross,22251.98992506101,Urgent,2023-06-09,Penicillin,Inconclusive,16,2023,5
38,Female,B+,Asthma,2020-02-08,Thomas Sandoval,"Jackson Stewart, Ramos and",UnitedHealthcare,33945.91467882805,Elective,2020-02-21,Penicillin,Abnormal,13,2020,2
31,Female,O-,Asthma,2023-05-09,Susan Wang,"Potts Harris and Ortiz,",Medicare,32161.66262409869,Elective,2023-06-04,Ibuprofen,Abnormal,26,2023,5
85,Female,A+,Obesity,2021-11-18,David Christian,Villarreal-Rivera,Blue Cross,38568.63687161145,Emergency,2021-12-16,Ibuprofen,Normal,28,2021,11
20,Male,A+,Asthma,2021-09-27,Wesley Tucker,Skinner-Sanford,Blue Cross,10768.498004749908,Emergency,2021-10-18,Lipitor,Abnormal,21,2021,9
75,Female,A+,Hypertension,2024-04-08,Daniel Valenzuela,Rowe-Harrison,Blue Cross,7840.156730376959,Emergency,2024-04-09,Aspirin,Inconclusive,1,2024,4
62,Female,A+,Hypertension,2020-08-03,Victoria Jackson,Fletcher Group,Aetna,44050.49871426282,Elective,2020-08-15,Lipitor,Abnormal,12,2020,8
80,Female,B-,Cancer,2021-10-04,Janet Christensen,Boone-Graham,UnitedHealthcare,15181.070326097615,Elective,2021-10-17,Paracetamol,Normal,13,2021,10
78,Female,B+,Obesity,2020-07-01,Dennis Carter,"Harris, White Benson and",Aetna,7953.359627162207,Elective,2020-07-22,Penicillin,Inconclusive,21,2020,7
63,Male,A+,Diabetes,2021-04-01,Erica Becker,Group Cunningham,Cigna,20530.5868077126,Urgent,2021-04-27,Aspirin,Inconclusive,26,2021,4
39,Male,AB+,Hypertension,2023-09-01,Rachel Gibson,Lewis Ltd,Blue Cross,42799.7762302189,Elective,2023-09-03,Lipitor,Normal,2,2023,9
52,Female,A-,Cancer,2019-06-12,Jacqueline Anderson,"and Torres Wilson, Moreno",Medicare,43448.42453385607,Urgent,2019-06-29,Ibuprofen,Normal,17,2019,6
44,Female,O-,Obesity,2020-02-27,Shawn Simon,"Sandoval, and Payne Newton",Cigna,19316.26335475158,Elective,2020-03-05,Penicillin,Inconclusive,7,2020,2
64,Female,AB-,Obesity,2021-09-10,Ryan Travis,Mckinney LLC,Cigna,9258.72621164009,Urgent,2021-09-19,Ibuprofen,Normal,9,2021,9
18,Female,AB+,Asthma,2021-01-20,Jason Ramsey,Gonzalez-Tucker,Aetna,24098.161851268356,Emergency,2021-02-15,Paracetamol,Inconclusive,26,2021,1
73,Male,O-,Cancer,2022-06-08,Peter Garcia,Phillips-Walker,Aetna,4189.2980123817015,Emergency,2022-06-12,Lipitor,Abnormal,4,2022,6
60,Female,O-,Cancer,2019-12-02,Benjamin Collier,Adams-Garza,Aetna,24312.491917281324,Emergency,2019-12-26,Ibuprofen,Abnormal,24,2019,12
76,Female,O-,Cancer,2021-04-08,Matthew Nelson,"Bowman Carr and Garcia,",Aetna,29628.36118693945,Emergency,2021-05-04,Penicillin,Abnormal,26,2021,4
21,Female,O+,Diabetes,2021-06-12,Brett Howard,Mcguire Group,Aetna,3647.990559361033,Elective,2021-07-09,Ibuprofen,Normal,27,2021,6
77,Male,A-,Cancer,2019-10-06,Victor Keller,"Sosa Morris and Baker,",Blue Cross,32440.285174249027,Emergency,2019-10-29,Penicillin,Inconclusive,23,2019,10
30,Male,O+,Arthritis,2020-05-19,Kristen Hansen,Inc Lewis,Blue Cross,15941.353617978197,Elective,2020-06-12,Ibuprofen,Inconclusive,24,2020,5
76,Male,O-,Obesity,2023-07-18,Ariana Benson,Inc Martinez,Aetna,15631.653341238827,Elective,2023-08-14,Ibuprofen,Normal,27,2023,7
72,Female,A-,Hypertension,2020-12-08,Rachel Shaw,"Burgess, Massey Osborne and",Blue Cross,39166.45521686429,Urgent,2020-12-28,Aspirin,Abnormal,20,2020,12
76,Female,A-,Diabetes,2022-01-19,Chelsea Yang,Johnson Inc,UnitedHealthcare,3739.180837593136,Elective,2022-01-25,Lipitor,Abnormal,6,2022,1
53,Female,B-,Obesity,2020-08-08,Dr. Monica Wallace,PLC Johnson,Medicare,46774.83453123565,Emergency,2020-09-07,Ibuprofen,Abnormal,30,2020,8
44,Female,A-,Asthma,2023-02-20,Nicholas Sandoval,and Sons Pham,Cigna,43779.91551522878,Urgent,2023-03-07,Aspirin,Abnormal,15,2023,2
76,Male,O+,Obesity,2022-11-24,Tina Lewis,Stewart Sons and,UnitedHealthcare,49002.65066292696,Elective,2022-11-28,Paracetamol,Abnormal,4,2022,11
28,Female,O+,Cancer,2022-09-13,Michael Taylor,Stewart PLC,UnitedHealthcare,20269.820918957736,Urgent,2022-10-04,Penicillin,Normal,21,2022,9
39,Male,AB-,Asthma,2023-02-01,Jonathan Smith,Hughes Ltd,Aetna,24654.956084105725,Emergency,2023-02-06,Penicillin,Normal,5,2023,2
72,Female,A-,Cancer,2021-03-24,Dr. Lance Guzman,Schmidt-Hood,Blue Cross,45461.63195003163,Urgent,2021-03-26,Aspirin,Inconclusive,2,2021,3
68,Male,B-,Cancer,2020-05-15,Jennifer Hart,"Wallace, Wu and Macias",Aetna,29086.83210539754,Emergency,2020-05-30,Paracetamol,Abnormal,15,2020,5
35,Male,A-,Diabetes,2020-11-04,Mark Coffey,Parker-Martinez,UnitedHealthcare,9178.404617226905,Emergency,2020-11-10,Penicillin,Normal,6,2020,11
27,Female,A-,Arthritis,2020-06-04,Mr. Derek Pena,Rodriguez-Schmidt,UnitedHealthcare,24578.94004774029,Urgent,2020-06-26,Aspirin,Inconclusive,22,2020,6
30,Male,O-,Cancer,2020-06-08,Kelly Simmons,Sons Rogers and,Aetna,31326.187642242643,Urgent,2020-06-20,Paracetamol,Inconclusive,12,2020,6
78,Female,O+,Diabetes,2021-03-28,Amy Williams,"Young and Reyes Collins,",Medicare,47603.83620007316,Emergency,2021-04-06,Aspirin,Normal,9,2021,3
68,Male,AB+,Obesity,2020-10-31,Melody Montgomery,PLC Drake,Cigna,6363.748289778634,Urgent,2020-11-07,Lipitor,Abnormal,7,2020,10
72,Female,O+,Asthma,2021-04-19,Steven Mcmillan,Williams-Valdez,Blue Cross,47798.14580152718,Emergency,2021-05-13,Paracetamol,Normal,24,2021,4
38,Female,B+,Asthma,2024-01-23,Felicia Adams,"Mcclure Castro, and Bonilla",Cigna,44753.73010818298,Urgent,2024-01-30,Paracetamol,Abnormal,7,2024,1
41,Male,B-,Asthma,2021-01-11,Kevin Vaughn,Munoz-Meadows,Medicare,46120.82479917554,Elective,2021-02-05,Lipitor,Abnormal,25,2021,1
35,Female,O+,Asthma,2022-12-31,Eric Johnston,"King, Smith and Little",UnitedHealthcare,48125.80595672357,Urgent,2023-01-27,Lipitor,Abnormal,27,2022,12
30,Male,B+,Obesity,2023-05-26,Sean Davis,"Lawrence, Lopez Dunlap and",Aetna,26176.08910958576,Urgent,2023-06-01,Paracetamol,Abnormal,6,2023,5
27,Male,A-,Cancer,2020-08-09,Kathy Davis,"Howell Thompson, Garza and",Blue Cross,3216.4209416081367,Urgent,2020-09-08,Lipitor,Inconclusive,30,2020,8
55,Female,A+,Cancer,2019-12-10,Tiffany Alvarez,Weiss PLC,Blue Cross,19179.28390762682,Emergency,2020-01-06,Paracetamol,Normal,27,2019,12
56,Female,AB+,Hypertension,2023-05-31,Yvonne Harper,"Allen Campbell, and Hurst",UnitedHealthcare,1583.377556893991,Elective,2023-06-02,Aspirin,Abnormal,2,2023,5
63,Female,A-,Obesity,2024-02-05,Brenda Morgan MD,"and Cummings Rowe, Mathews",UnitedHealthcare,35819.243562453055,Urgent,2024-02-21,Ibuprofen,Abnormal,16,2024,2
65,Female,AB-,Cancer,2023-06-23,Linda Nguyen,"Frazier Brooks Sheppard, and",Blue Cross,31360.06687100943,Elective,2023-06-30,Ibuprofen,Abnormal,7,2023,6
69,Male,A-,Obesity,2022-01-15,Katherine Wells,Group Ortega,Medicare,18299.32924927709,Elective,2022-01-22,Lipitor,Normal,7,2022,1
51,Male,O-,Obesity,2020-05-08,David Diaz,"Saunders Curry, Jones and",Medicare,35103.89415410025,Urgent,2020-05-18,Aspirin,Abnormal,10,2020,5
39,Female,AB+,Asthma,2023-09-18,Jeffrey Davis,"Patrick, and Tyler Arnold",Cigna,16436.789131713285,Elective,2023-09-24,Paracetamol,Normal,6,2023,9
75,Female,O-,Asthma,2019-06-11,Jessica Ramirez,Sims-Henderson,Cigna,45597.47626391456,Urgent,2019-06-22,Ibuprofen,Inconclusive,11,2019,6
42,Female,B-,Arthritis,2023-05-25,Paul Mcneil,LLC Smith,UnitedHealthcare,5743.595558732651,Urgent,2023-06-12,Penicillin,Abnormal,18,2023,5
38,Male,A+,Obesity,2023-02-12,Andrea Ross,Mays Inc,Blue Cross,6787.941807807727,Urgent,2023-02-22,Penicillin,Inconclusive,10,2023,2
84,Male,O+,Asthma,2022-11-17,Christina Fox,Daniel Ltd,Aetna,7196.748129786771,Elective,2022-11-23,Paracetamol,Inconclusive,6,2022,11
19,Male,B-,Cancer,2022-06-24,John Preston,"Silva Schroeder, Finley and",Blue Cross,23307.274244727403,Emergency,2022-07-02,Aspirin,Inconclusive,8,2022,6
69,Male,AB+,Obesity,2023-11-12,Tiffany Green,Inc Cox,UnitedHealthcare,40447.105807802975,Urgent,2023-11-16,Penicillin,Abnormal,4,2023,11
38,Female,A+,Cancer,2022-03-25,Bryce Mason,LLC Bennett,UnitedHealthcare,45291.42245768526,Emergency,2022-04-02,Lipitor,Abnormal,8,2022,3
29,Male,O+,Diabetes,2019-10-22,Angel Clark,Inc Wood,Cigna,12065.44399299208,Urgent,2019-11-16,Penicillin,Normal,25,2019,10
30,Female,O+,Asthma,2024-02-07,Michael Kemp,PLC Marquez,Aetna,42777.212972420464,Emergency,2024-02-20,Lipitor,Abnormal,13,2024,2
69,Male,AB-,Hypertension,2022-07-10,Joshua Francis DDS,Brown-Haley,Blue Cross,4557.243121325827,Elective,2022-07-30,Aspirin,Normal,20,2022,7
37,Female,A+,Obesity,2022-05-29,Kathryn Henson,Inc Taylor,Medicare,22091.58763453596,Emergency,2022-05-30,Lipitor,Abnormal,1,2022,5
50,Female,B+,Asthma,2020-08-29,Mr. Caleb Torres,Hickman-Briggs,Blue Cross,33713.095181124445,Urgent,2020-09-23,Lipitor,Abnormal,25,2020,8
21,Female,AB-,Cancer,2019-10-29,Kimberly Cross,Hawkins-Watkins,UnitedHealthcare,22266.813529937583,Emergency,2019-11-26,Penicillin,Normal,28,2019,10
41,Male,A+,Arthritis,2023-10-28,Maria Martinez,"Ruiz, Goodwin and Dominguez",UnitedHealthcare,44765.12031801176,Emergency,2023-11-26,Aspirin,Normal,29,2023,10
22,Male,A+,Obesity,2023-02-13,Deanna Thomas,"Hayden and Miller, Schneider",UnitedHealthcare,23900.29511457133,Elective,2023-02-23,Ibuprofen,Inconclusive,10,2023,2
83,Male,AB+,Obesity,2022-08-29,Mary Perry,"Daniels, Nguyen Alvarez and",Medicare,13489.463557797471,Elective,2022-09-28,Penicillin,Normal,30,2022,8
78,Female,B+,Asthma,2023-09-08,Roger Palmer,Morton-Johnson,UnitedHealthcare,10505.41779448548,Emergency,2023-09-20,Lipitor,Normal,12,2023,9
85,Female,B+,Cancer,2023-12-04,Mary Weiss,Wiggins Inc,Blue Cross,48833.25905287565,Urgent,2023-12-28,Lipitor,Abnormal,24,2023,12
63,Female,A-,Hypertension,2023-10-03,Veronica Gilbert,Bentley Inc,UnitedHealthcare,21101.78289049968,Elective,2023-10-24,Aspirin,Normal,21,2023,10
75,Female,AB+,Obesity,2023-10-01,Veronica Crawford,Watts-Thompson,Medicare,40913.01409860798,Urgent,2023-10-08,Paracetamol,Inconclusive,7,2023,10
39,Male,O+,Diabetes,2022-03-05,Dawn Martinez,"Hardy and Mason, Caldwell",Cigna,19656.000115875835,Emergency,2022-03-14,Penicillin,Inconclusive,9,2022,3
78,Male,A-,Arthritis,2022-01-25,Matthew Howard,and Sons Evans,Blue Cross,16473.886535778078,Urgent,2022-02-22,Aspirin,Abnormal,28,2022,1
64,Female,O-,Diabetes,2022-05-25,David Stevenson,Jackson-Smith,Medicare,37931.655611449765,Urgent,2022-06-04,Paracetamol,Abnormal,10,2022,5
38,Male,O-,Diabetes,2019-08-28,Ryan Vargas,Washington Inc,UnitedHealthcare,47647.50335224153,Elective,2019-09-05,Aspirin,Normal,8,2019,8
62,Female,A-,Hypertension,2023-02-21,Cheyenne Garcia,Molina-Bowman,UnitedHealthcare,31804.49207047776,Urgent,2023-03-02,Ibuprofen,Inconclusive,9,2023,2
31,Male,AB+,Diabetes,2021-01-17,Danny Wells,"and Hunt, Andrews Watson",Blue Cross,1496.244971193723,Emergency,2021-01-24,Ibuprofen,Normal,7,2021,1
64,Male,AB+,Hypertension,2022-04-03,James Perez,Inc Henderson,UnitedHealthcare,30050.315462579736,Emergency,2022-04-12,Lipitor,Inconclusive,9,2022,4
66,Male,O+,Hypertension,2022-03-27,Stanley Smith,Rowe PLC,UnitedHealthcare,11401.997354130332,Emergency,2022-04-20,Lipitor,Normal,24,2022,3
71,Male,AB-,Obesity,2020-05-21,John Fernandez,Acevedo-Henderson,UnitedHealthcare,13030.313925258188,Emergency,2020-05-24,Paracetamol,Normal,3,2020,5
28,Male,A-,Obesity,2021-03-12,Jennifer Terrell,"Miller Blake Davis, and",Cigna,1687.3647667780806,Urgent,2021-03-21,Aspirin,Abnormal,9,2021,3
54,Male,AB+,Obesity,2021-08-02,Meagan Rodriguez,Foster-Herring,Medicare,2081.674171130083,Emergency,2021-08-19,Penicillin,Normal,17,2021,8
50,Female,B-,Asthma,2021-05-31,Jesse Thompson,Moore-Brewer,Cigna,29330.124536901432,Emergency,2021-06-20,Lipitor,Normal,20,2021,5
27,Female,AB-,Asthma,2020-08-21,John Graham,Trevino Ltd,Cigna,29926.75710322067,Urgent,2020-09-11,Aspirin,Normal,21,2020,8
65,Male,B+,Cancer,2019-11-22,Elizabeth Zuniga,Butler-Hines,Medicare,47293.526771280005,Urgent,2019-11-29,Ibuprofen,Inconclusive,7,2019,11
75,Female,O-,Cancer,2019-06-23,Eric King,Inc Smith,Cigna,7733.789821774947,Elective,2019-06-24,Penicillin,Abnormal,1,2019,6
78,Male,B-,Hypertension,2020-01-15,Nathaniel Dodson,"and Bradley, Bean Coleman",Aetna,30546.402611762656,Urgent,2020-01-23,Ibuprofen,Normal,8,2020,1
19,Male,AB-,Hypertension,2019-10-05,Vanessa Cruz,"Murphy Nguyen and Thompson,",Medicare,9973.324959341013,Elective,2019-11-04,Paracetamol,Inconclusive,30,2019,10
47,Male,B+,Arthritis,2019-07-10,Michael Fisher,Carpenter-Dorsey,Aetna,43776.49347988772,Urgent,2019-08-07,Lipitor,Inconclusive,28,2019,7
76,Male,B-,Cancer,2020-12-23,Jennifer Brown,Wright Group,Medicare,22428.622246937404,Urgent,2021-01-02,Lipitor,Inconclusive,10,2020,12
84,Female,AB-,Obesity,2022-11-21,Jonathan Wheeler,"Johnson and Bruce Nelson,",Blue Cross,48436.27773277935,Emergency,2022-12-21,Paracetamol,Normal,30,2022,11
63,Female,B-,Arthritis,2021-01-27,Stephen Bond,"Fleming Garza, Davis and",Medicare,32625.86084942296,Elective,2021-02-19,Paracetamol,Inconclusive,23,2021,1
82,Male,AB-,Hypertension,2022-03-16,Nicholas Miller,Copeland-Martin,Blue Cross,18994.18744967237,Elective,2022-04-01,Penicillin,Inconclusive,16,2022,3
60,Male,O-,Obesity,2021-12-22,Virginia Berg,Bennett-Perry,Aetna,43508.34136957849,Emergency,2022-01-14,Paracetamol,Abnormal,23,2021,12
37,Female,AB+,Diabetes,2023-07-08,Joseph Hill,Roberts-White,Aetna,20521.538114102364,Urgent,2023-07-17,Paracetamol,Abnormal,9,2023,7
38,Male,B-,Arthritis,2020-03-06,Melanie Wilson,"Flynn, and Lee Mcclain",Blue Cross,26255.922697908307,Urgent,2020-03-25,Lipitor,Abnormal,19,2020,3
24,Female,O-,Arthritis,2020-12-25,Victoria Palmer,Inc Harper,Aetna,40370.95461541531,Urgent,2021-01-23,Aspirin,Normal,29,2020,12
26,Female,AB+,Arthritis,2023-10-27,Judith Gross,Morgan-Obrien,Aetna,44653.28998183689,Urgent,2023-10-29,Aspirin,Inconclusive,2,2023,10
65,Male,AB-,Asthma,2023-05-18,Jerry Clarke,"Harris David Reed, and",UnitedHealthcare,48728.53201882112,Elective,2023-06-16,Lipitor,Abnormal,29,2023,5
44,Male,B+,Cancer,2020-08-20,Dominic Vincent,Henderson-Nixon,Aetna,47270.930100781545,Elective,2020-09-04,Aspirin,Inconclusive,15,2020,8
29,Female,AB-,Asthma,2023-01-06,Jordan Greene,Rogers Inc,UnitedHealthcare,9019.838552751233,Elective,2023-01-16,Penicillin,Inconclusive,10,2023,1
56,Female,AB+,Diabetes,2021-06-26,Dr. Rebecca Koch,"Larson Mayer Smith, and",Blue Cross,40371.16266324202,Elective,2021-07-02,Ibuprofen,Inconclusive,6,2021,6
66,Male,O-,Asthma,2021-01-07,Eric Jones,"Jackson Gonzales, Giles and",Cigna,32678.49249445297,Emergency,2021-02-04,Lipitor,Normal,28,2021,1
28,Male,AB-,Obesity,2019-10-24,Madison Wright,Adams-Valencia,Aetna,20264.21424262133,Elective,2019-10-27,Lipitor,Inconclusive,3,2019,10
74,Female,AB+,Asthma,2023-10-06,Kaitlyn Sandoval,"and Little Tanner, Gonzalez",Medicare,40074.433961083225,Emergency,2023-10-24,Ibuprofen,Normal,18,2023,10
48,Female,AB-,Cancer,2023-06-18,Matthew Miller,Willis-Murphy,UnitedHealthcare,46633.77599198008,Urgent,2023-06-27,Aspirin,Inconclusive,9,2023,6
51,Female,A+,Cancer,2022-02-27,Roberta Shaw,Reynolds-Valencia,Blue Cross,41906.241586578544,Urgent,2022-03-01,Ibuprofen,Inconclusive,2,2022,2
57,Male,B+,Arthritis,2023-01-25,Eric Hurley,Brown Ltd,Blue Cross,46191.94097938525,Emergency,2023-02-24,Paracetamol,Normal,30,2023,1
72,Male,AB+,Asthma,2022-09-19,Laura Wilson,and Sons Sanders,UnitedHealthcare,23379.150964538527,Urgent,2022-10-09,Lipitor,Abnormal,20,2022,9
36,Male,B+,Cancer,2022-01-02,Michael Hubbard,Wilson-White,UnitedHealthcare,2962.9150381204145,Urgent,2022-01-23,Paracetamol,Normal,21,2022,1
26,Female,AB-,Asthma,2023-11-30,Mary Hart,Gould-Lyons,Aetna,15107.326040309204,Emergency,2023-12-22,Ibuprofen,Inconclusive,22,2023,11
58,Male,B+,Asthma,2023-06-10,Briana Dominguez,"and Farmer Jones Phillips,",UnitedHealthcare,26527.68080065548,Emergency,2023-06-28,Penicillin,Normal,18,2023,6
56,Female,O+,Arthritis,2021-09-14,Wendy Schroeder,Curtis PLC,UnitedHealthcare,15311.273650472418,Urgent,2021-09-20,Aspirin,Inconclusive,6,2021,9
34,Male,AB+,Hypertension,2023-02-04,Guy Schaefer,"Young Baker, Frank and",Blue Cross,19493.42008988016,Urgent,2023-02-06,Penicillin,Normal,2,2023,2
31,Female,A+,Hypertension,2020-05-30,Anthony Pollard,Reynolds Group,UnitedHealthcare,28551.8296026393,Elective,2020-06-14,Lipitor,Inconclusive,15,2020,5
78,Male,B+,Arthritis,2022-12-01,Amanda Orozco,Martin-Thompson,Aetna,6704.7548006396,Urgent,2022-12-21,Penicillin,Abnormal,20,2022,12
51,Male,AB-,Obesity,2020-04-10,Daniel Mcneil,Jackson-Ross,Blue Cross,48190.69334006772,Urgent,2020-05-05,Aspirin,Inconclusive,25,2020,4
65,Male,O+,Diabetes,2024-04-08,Sarah Farley,Foley-Marsh,UnitedHealthcare,11215.868453337893,Elective,2024-04-21,Ibuprofen,Normal,13,2024,4
34,Male,B+,Asthma,2020-06-28,Jeremy Rodriguez,Faulkner-Jones,Aetna,29306.75227630038,Elective,2020-07-26,Penicillin,Inconclusive,28,2020,6
80,Female,O-,Diabetes,2020-09-11,Nicholas Murray,Spencer-Rhodes,Medicare,14517.128784512266,Emergency,2020-09-28,Aspirin,Normal,17,2020,9
77,Male,A+,Arthritis,2020-01-10,Jose Moore,"Walker and Ross Washington,",Aetna,37524.95726766193,Urgent,2020-01-13,Paracetamol,Inconclusive,3,2020,1
79,Male,A+,Cancer,2024-04-08,Gregory Johnston,Padilla-Craig,UnitedHealthcare,7447.046918204001,Urgent,2024-05-07,Paracetamol,Abnormal,29,2024,4
60,Female,AB-,Cancer,2023-04-02,Nicholas Smith,Ayala-Townsend,Medicare,45133.72408453864,Elective,2023-04-12,Aspirin,Normal,10,2023,4
45,Male,A-,Arthritis,2020-10-17,Nicholas Hogan,PLC Cummings,Cigna,19233.458863337783,Urgent,2020-11-06,Ibuprofen,Inconclusive,20,2020,10
52,Female,AB-,Diabetes,2023-04-18,Garrett Campbell,Pugh-Bryan,UnitedHealthcare,11641.005782003002,Emergency,2023-04-23,Penicillin,Inconclusive,5,2023,4
42,Male,B-,Cancer,2023-07-29,Patricia Mcmahon,Young-Williams,Cigna,9965.957756383124,Elective,2023-08-04,Aspirin,Inconclusive,6,2023,7
49,Male,A-,Diabetes,2022-07-14,Gloria Burns,"Carroll Lewis Weiss, and",Aetna,25462.71314339168,Elective,2022-07-20,Aspirin,Normal,6,2022,7
55,Female,AB-,Hypertension,2023-07-10,Katrina Clay,"Tran Williams Morgan, and",Blue Cross,15337.929476178831,Elective,2023-07-18,Lipitor,Normal,8,2023,7
21,Female,B+,Arthritis,2021-10-08,Mario Gonzalez,Silva-Nelson,Blue Cross,11800.842372656463,Emergency,2021-10-31,Penicillin,Inconclusive,23,2021,10
72,Male,O-,Obesity,2020-05-12,Brandon Smith,"Mills Martinez, and Rodriguez",Medicare,28361.164411567748,Elective,2020-05-20,Aspirin,Abnormal,8,2020,5
37,Female,AB+,Asthma,2022-09-20,Howard Tate,Mccarty-Martin,UnitedHealthcare,15477.450260383082,Emergency,2022-10-07,Paracetamol,Normal,17,2022,9
52,Female,A-,Hypertension,2024-02-11,Kathy Shelton,Sons and Contreras,UnitedHealthcare,8201.64268185407,Elective,2024-02-16,Aspirin,Normal,5,2024,2
84,Female,O-,Cancer,2022-04-22,Gabriel Cooper,Walker and Sons,Medicare,19346.291722668928,Emergency,2022-04-25,Paracetamol,Normal,3,2022,4
29,Male,A-,Diabetes,2021-04-01,Randy Jackson,"and Williams Brown, Hayes",Cigna,24369.167122900035,Emergency,2021-04-13,Ibuprofen,Abnormal,12,2021,4
32,Male,AB-,Diabetes,2019-09-29,Melissa Rice,Stevens-Davies,Blue Cross,1993.702768297804,Emergency,2019-10-07,Lipitor,Normal,8,2019,9
60,Male,O+,Arthritis,2023-12-20,Brendan Gutierrez,"Martin, Rodriguez Osborne and",Medicare,8602.898259638712,Elective,2024-01-04,Penicillin,Abnormal,15,2023,12
43,Female,B-,Obesity,2021-02-01,Julie Smith,"and Hale, Long Khan",Blue Cross,27519.861241845665,Urgent,2021-02-21,Ibuprofen,Normal,20,2021,2
18,Male,B+,Diabetes,2022-01-16,Rebecca Gregory,Sons and Mitchell,Aetna,30897.433830733436,Elective,2022-01-31,Paracetamol,Abnormal,15,2022,1
81,Male,AB+,Hypertension,2024-02-06,Jennifer Young,Barnes-Alexander,Blue Cross,37842.684411830014,Urgent,2024-02-28,Aspirin,Normal,22,2024,2
44,Female,A-,Hypertension,2020-07-15,Kelly Harrison,and Keller Sons,Aetna,10993.959654595908,Urgent,2020-08-13,Penicillin,Inconclusive,29,2020,7
55,Male,O-,Asthma,2020-04-28,Christina Rosales,"and Wilson Miller Wagner,",Medicare,27856.7620110542,Elective,2020-05-20,Paracetamol,Inconclusive,22,2020,4
81,Female,B+,Diabetes,2020-01-21,Cynthia Morales,"Johnson and Hale Durham,",Blue Cross,13461.80725128057,Emergency,2020-02-01,Aspirin,Normal,11,2020,1
79,Male,B-,Asthma,2024-03-09,Eric Montes,"Sanford and Jones, Martinez",Aetna,18704.22532422045,Urgent,2024-03-10,Penicillin,Abnormal,1,2024,3
74,Female,B-,Asthma,2023-01-04,Brandi Kirby,Boyd LLC,UnitedHealthcare,40557.83493838138,Emergency,2023-01-19,Ibuprofen,Normal,15,2023,1
59,Male,A-,Arthritis,2021-01-18,Debra Weaver,Henderson-Cole,Cigna,27038.20406987489,Elective,2021-02-06,Aspirin,Normal,19,2021,1
85,Male,B-,Hypertension,2022-10-29,Rita Arias,Daugherty-Small,Medicare,35847.43961031518,Urgent,2022-11-23,Penicillin,Abnormal,25,2022,10
76,Female,A-,Arthritis,2021-10-20,Joseph Haley,"Ortiz Lam, Vasquez and",UnitedHealthcare,41091.00636969996,Elective,2021-11-18,Penicillin,Normal,29,2021,10
78,Female,B-,Arthritis,2021-08-09,Marvin Allen,Baker-Pineda,Medicare,38856.18384043663,Elective,2021-08-22,Paracetamol,Inconclusive,13,2021,8
23,Female,AB+,Cancer,2022-04-27,Glenda Perez,"Elliott, Sanders and Hooper",UnitedHealthcare,37759.76955316392,Emergency,2022-05-15,Paracetamol,Inconclusive,18,2022,4
31,Male,A-,Obesity,2023-10-27,Thomas Russell,"and Adams Russo, Sexton",UnitedHealthcare,17631.811450779598,Emergency,2023-11-07,Ibuprofen,Normal,11,2023,10
28,Male,B+,Diabetes,2023-03-03,Tina Lynn,"and Abbott Campbell Palmer,",Blue Cross,171.90460383023094,Urgent,2023-03-24,Penicillin,Normal,21,2023,3
78,Male,AB+,Arthritis,2021-08-11,Kayla Bridges,"Jones Walters Cannon, and",Medicare,6328.078348600556,Emergency,2021-09-05,Lipitor,Normal,25,2021,8
74,Female,O+,Arthritis,2023-06-08,Ryan Horne,Ltd Clark,Aetna,28388.785427451185,Urgent,2023-06-26,Paracetamol,Abnormal,18,2023,6
33,Female,AB-,Asthma,2024-02-11,Mark Gallagher,Barrett LLC,Medicare,19214.948079660968,Urgent,2024-02-15,Lipitor,Abnormal,4,2024,2
26,Female,A-,Asthma,2020-05-02,Sean Davis,and Sims Sons,UnitedHealthcare,29319.343812919185,Elective,2020-05-30,Paracetamol,Normal,28,2020,5
58,Male,B-,Diabetes,2023-11-05,Jack Glenn,"Perez, and Williams Hernandez",Blue Cross,28320.838998628045,Elective,2023-11-06,Penicillin,Inconclusive,1,2023,11
49,Male,O-,Arthritis,2020-09-26,Lorraine Bryant,"Holmes Contreras Boone, and",Blue Cross,3102.0777460709296,Urgent,2020-10-19,Ibuprofen,Normal,23,2020,9
42,Female,O+,Asthma,2022-11-20,Albert Smith DVM,Dorsey-Mcguire,Cigna,7667.189932322236,Emergency,2022-11-21,Aspirin,Normal,1,2022,11
50,Female,O+,Cancer,2020-05-11,Jason Sanchez,Randall-Juarez,Cigna,2953.35786993297,Emergency,2020-06-07,Ibuprofen,Normal,27,2020,5
36,Female,O+,Hypertension,2022-10-01,Ann Baldwin,Glass-Taylor,Blue Cross,13972.898247164463,Elective,2022-10-16,Aspirin,Abnormal,15,2022,10
82,Male,O+,Arthritis,2019-06-22,James Hamilton,Group Velasquez,Blue Cross,1793.2388925210462,Emergency,2019-07-11,Ibuprofen,Normal,19,2019,6
81,Female,O-,Diabetes,2021-03-17,Stephanie Ingram,PLC Hill,Blue Cross,22382.605238122516,Elective,2021-03-27,Paracetamol,Inconclusive,10,2021,3
47,Male,B-,Cancer,2020-04-16,Megan Smith,Inc Elliott,Blue Cross,46310.2183178841,Elective,2020-05-14,Aspirin,Normal,28,2020,4
47,Female,O-,Hypertension,2020-04-25,Daniel Ramirez,PLC Mendoza,Aetna,24177.002510002894,Emergency,2020-04-29,Penicillin,Inconclusive,4,2020,4
48,Male,B-,Diabetes,2019-10-13,Christopher Crawford,and Stanley Sons,Cigna,9614.24792234886,Emergency,2019-10-23,Lipitor,Abnormal,10,2019,10
52,Female,A+,Asthma,2023-11-07,Alicia Rose,Perez Inc,Cigna,4407.774606321617,Emergency,2023-11-08,Aspirin,Normal,1,2023,11
74,Male,A-,Arthritis,2023-03-11,Joshua Mccoy,"Everett, Higgins and Roach",UnitedHealthcare,19522.997101144072,Elective,2023-03-22,Aspirin,Inconclusive,11,2023,3
76,Female,AB-,Cancer,2021-03-08,Virginia Good,Gomez-Taylor,Aetna,30546.24820960861,Emergency,2021-03-31,Paracetamol,Abnormal,23,2021,3
32,Male,A+,Hypertension,2024-03-14,Edward Dillon,Johnson-Williams,Cigna,33603.06955739501,Emergency,2024-03-24,Lipitor,Abnormal,10,2024,3
75,Male,A-,Asthma,2020-01-26,Lindsey Torres,"Brown and Gillespie, Long",UnitedHealthcare,41500.41875487707,Urgent,2020-02-10,Penicillin,Abnormal,15,2020,1
23,Female,B+,Arthritis,2019-08-26,Wendy Miller,Hernandez LLC,UnitedHealthcare,19100.41092095336,Elective,2019-09-12,Aspirin,Normal,17,2019,8
59,Female,A+,Hypertension,2023-03-21,Justin Adkins,Williams Group,Cigna,7633.136561012992,Elective,2023-04-14,Aspirin,Normal,24,2023,3
57,Male,B-,Obesity,2021-10-06,Catherine Gonzalez,Adams LLC,UnitedHealthcare,12766.185876762407,Emergency,2021-11-05,Ibuprofen,Normal,30,2021,10
24,Male,AB-,Arthritis,2023-06-24,Bryan Miller,"and Peterson Rodriguez, Daniel",Cigna,14017.616390634454,Urgent,2023-07-24,Ibuprofen,Inconclusive,30,2023,6
27,Female,B+,Obesity,2023-03-13,Krystal Wilson,Mitchell-Garcia,Cigna,22957.00336622798,Emergency,2023-04-10,Aspirin,Inconclusive,28,2023,3
81,Female,AB-,Cancer,2021-03-13,Wayne Lucas,Harding-Fisher,Cigna,15220.723594082752,Emergency,2021-03-19,Lipitor,Abnormal,6,2021,3
47,Female,AB-,Diabetes,2021-07-05,Angela Graves,LLC Butler,Blue Cross,29220.49204167757,Emergency,2021-07-17,Ibuprofen,Abnormal,12,2021,7
72,Male,A-,Diabetes,2022-07-30,Ricky Patel,Inc Barnes,UnitedHealthcare,3072.129307182134,Urgent,2022-08-25,Aspirin,Abnormal,26,2022,7
37,Male,B-,Hypertension,2019-10-06,Danielle Pitts,Russo-Thompson,Medicare,33151.575372949366,Emergency,2019-10-09,Ibuprofen,Normal,3,2019,10
85,Female,O+,Asthma,2021-08-15,William Burns,"and Kelly Hancock, Fitzgerald",Blue Cross,35404.573941495866,Urgent,2021-08-23,Penicillin,Abnormal,8,2021,8
72,Male,AB-,Obesity,2022-01-23,Cynthia Smith,"Walker, and Bass Estrada",Aetna,35028.9389720196,Elective,2022-01-29,Lipitor,Normal,6,2022,1
82,Male,A-,Asthma,2023-03-21,James Palmer,Jones-Hill,Cigna,28518.60271087789,Elective,2023-04-14,Paracetamol,Abnormal,24,2023,3
77,Female,AB-,Obesity,2022-10-31,Samantha Leblanc,"Sanchez, Willis and Sanchez",Blue Cross,34665.81101083498,Elective,2022-11-12,Aspirin,Normal,12,2022,10
80,Female,AB-,Hypertension,2020-12-28,Richard Welch,Floyd-Neal,Aetna,22518.9034332534,Emergency,2021-01-21,Paracetamol,Abnormal,24,2020,12
48,Female,A-,Hypertension,2023-08-29,Stephanie Wallace,Parks PLC,Aetna,14153.752350097404,Elective,2023-09-20,Aspirin,Normal,22,2023,8
76,Female,O-,Asthma,2021-11-04,Edward Montgomery,Inc Watkins,Aetna,7309.742062956013,Emergency,2021-11-13,Lipitor,Abnormal,9,2021,11
21,Male,AB-,Diabetes,2022-07-04,Molly Lopez,"Taylor Cooper, Stewart and",Blue Cross,2999.148972204736,Urgent,2022-07-18,Aspirin,Inconclusive,14,2022,7
71,Female,O+,Asthma,2020-07-04,Brian Harris,PLC Campbell,Cigna,10207.051136468268,Urgent,2020-07-18,Penicillin,Inconclusive,14,2020,7
43,Male,A-,Cancer,2019-09-26,Gary Sanders,Malone-Lee,Medicare,23701.14433665363,Emergency,2019-10-20,Penicillin,Abnormal,24,2019,9
39,Female,AB+,Diabetes,2021-12-11,Michelle Monroe,"Bishop, Wong Brown and",UnitedHealthcare,35127.93182761784,Elective,2021-12-29,Ibuprofen,Abnormal,18,2021,12
83,Female,O+,Hypertension,2020-06-28,Anthony Wade,Brown-Lynch,Blue Cross,39701.183556253,Elective,2020-07-05,Lipitor,Abnormal,7,2020,6
29,Male,O+,Hypertension,2022-03-17,Victoria Simmons,Cameron Inc,Cigna,33506.66210873863,Elective,2022-04-09,Lipitor,Normal,23,2022,3
37,Male,AB-,Diabetes,2020-06-06,Juan Davidson,"Crawford, and Bird Moore",UnitedHealthcare,34953.4777479323,Emergency,2020-06-25,Aspirin,Normal,19,2020,6
81,Male,O+,Cancer,2020-02-27,Keith King,Li-Mcneil,Aetna,17518.999089981266,Urgent,2020-03-12,Paracetamol,Inconclusive,14,2020,2
19,Male,O+,Diabetes,2023-12-26,Sandra Young,Ltd May,Blue Cross,14637.82642244733,Urgent,2024-01-02,Lipitor,Abnormal,7,2023,12
42,Male,O-,Cancer,2021-04-16,Nicholas Morgan,Bernard-Martin,Cigna,17199.60477498664,Emergency,2021-05-13,Aspirin,Normal,27,2021,4
85,Female,O+,Obesity,2020-06-03,Carlos Ford,Blankenship-Moore,Blue Cross,44125.32582419621,Emergency,2020-06-25,Aspirin,Normal,22,2020,6
45,Male,B-,Diabetes,2019-11-08,Shelly Fowler,LLC Garner,UnitedHealthcare,12288.79014050836,Urgent,2019-11-23,Penicillin,Inconclusive,15,2019,11
74,Male,O+,Obesity,2020-06-27,Bobby Moses,"Bell, Levine and Reeves",Cigna,40290.97727234496,Elective,2020-07-19,Aspirin,Normal,22,2020,6
61,Male,O+,Asthma,2019-10-19,Paul Smith,Weaver Sons and,Blue Cross,47819.48592743689,Urgent,2019-10-30,Paracetamol,Abnormal,11,2019,10
80,Male,A+,Cancer,2021-07-28,Mariah Pham,Robertson-Cohen,Cigna,47578.61935553025,Elective,2021-08-15,Ibuprofen,Inconclusive,18,2021,7
84,Female,B-,Asthma,2022-07-11,Jonathan White,Sanchez-Cunningham,Aetna,44137.8138263286,Elective,2022-07-15,Aspirin,Inconclusive,4,2022,7
23,Female,B-,Asthma,2021-01-01,Matthew Walker,Garza-King,Cigna,43767.82463259355,Emergency,2021-01-10,Paracetamol,Abnormal,9,2021,1
52,Male,O-,Cancer,2022-04-25,Kelly Smith,Norris-Matthews,Cigna,25711.69765993698,Emergency,2022-05-02,Paracetamol,Normal,7,2022,4
41,Female,O+,Cancer,2020-06-01,Theodore Stewart,Hawkins-Smith,Medicare,42322.57701924717,Emergency,2020-06-30,Paracetamol,Normal,29,2020,6
36,Male,O-,Arthritis,2023-02-26,John Hahn,"Reeves, Jones and Martin",Cigna,36998.18781524963,Elective,2023-03-09,Penicillin,Abnormal,11,2023,2
39,Female,B+,Hypertension,2022-06-19,Mallory Jones,Inc James,Aetna,37856.49345994467,Urgent,2022-06-23,Aspirin,Abnormal,4,2022,6
66,Female,B-,Arthritis,2024-04-10,Anthony Robinson,Dawson-Mendoza,Aetna,8910.109086652948,Elective,2024-05-10,Aspirin,Normal,30,2024,4
51,Female,A+,Asthma,2022-01-20,Andrea Gutierrez,"Russell and Moss Moreno,",Aetna,43878.19421040317,Elective,2022-01-31,Paracetamol,Abnormal,11,2022,1
69,Female,B-,Asthma,2021-02-22,Tabitha Norris,"Norris, Matthews and Khan",Aetna,20329.952356320835,Elective,2021-03-18,Penicillin,Normal,24,2021,2
27,Male,A+,Arthritis,2020-04-20,Mark Walls,Gill Group,Cigna,36611.23043536274,Elective,2020-04-30,Ibuprofen,Inconclusive,10,2020,4
50,Female,AB+,Arthritis,2022-04-26,Brent Lee,"Walker and Wells, Caldwell",Aetna,30267.471801397205,Elective,2022-05-16,Paracetamol,Normal,20,2022,4
50,Female,AB+,Asthma,2020-12-01,Chad Strong,"Williams and Payne Burke,",UnitedHealthcare,20969.932657142268,Urgent,2020-12-09,Penicillin,Inconclusive,8,2020,12
20,Female,B-,Asthma,2022-06-24,Christopher Horn,Ryan Ltd,Aetna,43943.40627371338,Elective,2022-06-28,Lipitor,Abnormal,4,2022,6
50,Female,AB+,Hypertension,2019-12-18,Ronald Burch,Evans-Powell,Aetna,33728.28526412783,Elective,2020-01-09,Lipitor,Inconclusive,22,2019,12
47,Female,B-,Cancer,2021-01-10,Cynthia Villanueva,"Montes Case and Mendez,",Medicare,10602.077185418815,Urgent,2021-01-17,Paracetamol,Inconclusive,7,2021,1
50,Female,A-,Obesity,2020-11-04,David Mendoza,"Franklin Dixon and Chen,",Cigna,17044.146803256885,Elective,2020-11-22,Aspirin,Abnormal,18,2020,11
60,Male,AB+,Diabetes,2023-06-14,Anna Weber,"Pitts, and Rogers Jenkins",Cigna,20678.48188316567,Urgent,2023-06-26,Aspirin,Normal,12,2023,6
55,Male,O-,Diabetes,2022-05-02,Tara Bender,Brewer Ltd,Cigna,30239.39713481874,Elective,2022-05-26,Ibuprofen,Inconclusive,24,2022,5
71,Male,A+,Asthma,2020-01-02,Katrina Davila,"Carter and Green Watkins,",Medicare,3523.601816154452,Elective,2020-01-20,Paracetamol,Abnormal,18,2020,1
25,Female,O-,Asthma,2023-07-10,Victoria Hudson,Gonzalez-Salazar,Cigna,11741.039035568589,Emergency,2023-07-30,Ibuprofen,Normal,20,2023,7
75,Male,A-,Hypertension,2020-11-09,William Aguilar,"Sandoval, and Green Downs",Medicare,37116.36055944993,Elective,2020-12-04,Lipitor,Normal,25,2020,11
81,Female,O+,Obesity,2022-05-16,Susan Hernandez,"James Turner, and Yu",Blue Cross,14292.517476061596,Emergency,2022-05-27,Lipitor,Abnormal,11,2022,5
33,Female,A+,Obesity,2022-09-22,Kelly Jenkins,"Obrien Lewis Anderson, and",Blue Cross,12631.491595807644,Emergency,2022-09-30,Penicillin,Inconclusive,8,2022,9
21,Female,B+,Arthritis,2023-05-31,Danielle Tucker,Wright-Frederick,Cigna,8816.874764545792,Elective,2023-06-17,Paracetamol,Normal,17,2023,5
35,Male,A-,Diabetes,2022-08-07,Robin Cortez,"and West Wilkerson, Foster",Blue Cross,26706.75056207485,Elective,2022-08-28,Lipitor,Abnormal,21,2022,8
29,Female,O-,Arthritis,2023-01-17,William Johnson,Nichols-Vazquez,UnitedHealthcare,28181.7965892903,Urgent,2023-02-12,Aspirin,Normal,26,2023,1
46,Male,O+,Hypertension,2023-11-07,Tyler Smith,"Walker, Mckee and Hurst",Medicare,47280.592678074376,Elective,2023-11-26,Penicillin,Inconclusive,19,2023,11
66,Male,O-,Hypertension,2020-07-22,Matthew Roy,"Horne, Butler and Mcgee",Blue Cross,38465.56515050087,Emergency,2020-08-02,Aspirin,Normal,11,2020,7
27,Male,A+,Asthma,2019-12-28,Steven Paul,LLC Neal,Medicare,33130.54692030413,Urgent,2020-01-02,Aspirin,Normal,5,2019,12
33,Female,A+,Hypertension,2019-05-16,Vincent Ramirez,Hood-Reed,UnitedHealthcare,6094.123235713755,Elective,2019-06-15,Penicillin,Normal,30,2019,5
83,Male,O-,Hypertension,2020-05-22,Jennifer Garcia,Moore-Lewis,UnitedHealthcare,17248.23014702139,Emergency,2020-05-30,Aspirin,Abnormal,8,2020,5
42,Male,AB-,Cancer,2023-11-12,Holly Hogan,"and Davis Bennett, Burgess",Aetna,22521.034813436287,Urgent,2023-12-10,Lipitor,Normal,28,2023,11
46,Male,B+,Diabetes,2020-01-28,Latoya Smith,"and Morrison Wright, Mcfarland",Cigna,48882.89524611296,Elective,2020-02-23,Paracetamol,Abnormal,26,2020,1
49,Male,AB-,Asthma,2021-10-29,Stanley Mckenzie,"and Henderson, Rivera Barker",Cigna,42445.93406637526,Urgent,2021-10-31,Penicillin,Abnormal,2,2021,10
30,Female,O+,Diabetes,2023-11-24,Ann Rodriguez,Martinez-Alexander,Cigna,44320.55787225969,Urgent,2023-11-27,Penicillin,Normal,3,2023,11
68,Female,O+,Cancer,2020-06-09,Amy Evans,Armstrong-Baker,UnitedHealthcare,17160.037495553555,Urgent,2020-06-28,Aspirin,Normal,19,2020,6
34,Female,A-,Diabetes,2019-10-13,Chad Robinson,Austin LLC,Medicare,22462.804317916405,Emergency,2019-11-10,Penicillin,Inconclusive,28,2019,10
38,Female,B+,Cancer,2024-01-09,James Boyle,Inc Mccoy,Aetna,9731.227558861538,Emergency,2024-02-06,Aspirin,Normal,28,2024,1
53,Male,O-,Hypertension,2023-07-09,Christopher Cunningham,"Morrow Bennett, Higgins and",Medicare,43728.18496233719,Elective,2023-07-27,Aspirin,Inconclusive,18,2023,7
61,Female,O-,Hypertension,2022-03-09,Jessica Williams,"Mathews Cruz and Roth,",Blue Cross,46441.57750403367,Emergency,2022-03-10,Lipitor,Abnormal,1,2022,3
63,Male,A-,Cancer,2022-05-13,Caroline Lozano,Sons Mcdaniel and,Medicare,48188.344662814496,Emergency,2022-05-27,Ibuprofen,Inconclusive,14,2022,5
25,Male,A-,Asthma,2023-11-27,Jeffery Wilson,"Fitzgerald, Cummings Reed and",Cigna,23529.167007037868,Urgent,2023-12-25,Ibuprofen,Normal,28,2023,11
19,Female,A+,Diabetes,2022-04-05,Victoria Miller,Jordan Group,Blue Cross,20355.64495962913,Urgent,2022-04-17,Penicillin,Normal,12,2022,4
29,Male,O+,Cancer,2023-10-17,Rachel Donovan,Branch-Lopez,Aetna,31190.190289919577,Elective,2023-10-22,Aspirin,Normal,5,2023,10
27,Male,A+,Diabetes,2021-02-16,Bethany Jones,Flores-Davis,Blue Cross,28523.296966441987,Elective,2021-02-28,Lipitor,Abnormal,12,2021,2
60,Female,AB+,Arthritis,2023-09-30,Jerome Townsend,PLC Daniel,Cigna,46307.853229422784,Urgent,2023-10-19,Ibuprofen,Normal,19,2023,9
47,Female,AB+,Arthritis,2022-08-25,William Sharp,Blair LLC,UnitedHealthcare,22713.7674322555,Urgent,2022-09-07,Penicillin,Abnormal,13,2022,8
80,Male,O-,Cancer,2022-01-07,Joe Beasley,Anderson-Edwards,Cigna,41555.952733072016,Elective,2022-01-19,Ibuprofen,Inconclusive,12,2022,1
63,Male,A-,Arthritis,2021-11-07,Sharon Crawford,"Franco Anderson, Davidson and",Blue Cross,27976.67049348553,Emergency,2021-11-21,Aspirin,Normal,14,2021,11
52,Female,B+,Cancer,2023-07-24,Christian Olson,Inc Jackson,Blue Cross,17896.51891316061,Urgent,2023-07-30,Lipitor,Inconclusive,6,2023,7
27,Female,AB-,Asthma,2023-09-27,Hannah Hayden,Ray-Flores,Cigna,39041.34017204091,Elective,2023-10-19,Penicillin,Normal,22,2023,9
20,Male,A+,Cancer,2023-03-21,Paul Decker,Henry-Buchanan,Cigna,31750.12846352167,Emergency,2023-04-09,Ibuprofen,Normal,19,2023,3
41,Male,AB+,Asthma,2021-04-18,Cameron Atkins,Ltd Freeman,Medicare,3879.220705640988,Urgent,2021-05-16,Penicillin,Normal,28,2021,4
42,Male,AB+,Asthma,2022-08-10,Antonio Taylor,"and King Carter Kaufman,",Medicare,19716.347471520014,Emergency,2022-08-21,Lipitor,Abnormal,11,2022,8
56,Male,O+,Cancer,2021-07-13,Andrea Escobar MD,PLC Wood,Medicare,11118.018609358558,Emergency,2021-07-17,Aspirin,Abnormal,4,2021,7
57,Male,O+,Asthma,2024-03-01,Kendra Wilson,Jenkins-James,Aetna,31813.983704446146,Elective,2024-03-19,Lipitor,Normal,18,2024,3
65,Female,A+,Diabetes,2023-11-21,Michelle Warren DVM,Contreras-Sanchez,Aetna,21241.558746709397,Emergency,2023-12-07,Ibuprofen,Inconclusive,16,2023,11
77,Male,O-,Diabetes,2021-08-18,Bradley Walker,"Miller, Stein Hicks and",Cigna,22218.78389235523,Elective,2021-08-29,Lipitor,Inconclusive,11,2021,8
84,Female,A+,Arthritis,2019-10-06,Virginia Waters,LLC Frank,Blue Cross,19875.946255388822,Elective,2019-10-27,Paracetamol,Abnormal,21,2019,10
81,Female,B-,Cancer,2023-05-03,Brett Jones,Dunn-Burns,Medicare,4423.774915141303,Emergency,2023-05-11,Aspirin,Abnormal,8,2023,5
47,Male,AB-,Obesity,2022-03-10,Angela Boyer MD,Key-Nguyen,Blue Cross,23614.6714431308,Emergency,2022-03-27,Lipitor,Normal,17,2022,3
61,Female,B-,Arthritis,2020-07-21,William Ramirez,"and Skinner, Simmons Scott",Blue Cross,21717.020299223524,Emergency,2020-08-15,Penicillin,Abnormal,25,2020,7
20,Male,B-,Asthma,2020-01-06,Ryan Allen,"and Graves, Roth Jackson",UnitedHealthcare,24037.87129733512,Elective,2020-01-20,Ibuprofen,Normal,14,2020,1
74,Female,A-,Hypertension,2020-01-13,Derek Clark,"Lawrence and Valenzuela, Jones",Aetna,49082.47124004416,Elective,2020-01-17,Lipitor,Inconclusive,4,2020,1
58,Male,O+,Asthma,2022-06-12,Robert Arroyo,"and Wilson, Bradley Mccoy",Blue Cross,25486.68269484465,Elective,2022-07-12,Penicillin,Inconclusive,30,2022,6
42,Male,O-,Asthma,2022-02-24,Patricia Reed,Parker LLC,Medicare,41262.611022265,Emergency,2022-03-05,Paracetamol,Abnormal,9,2022,2
43,Male,A-,Cancer,2021-08-18,Sydney Holmes,Pitts-Taylor,Medicare,50097.322481096526,Urgent,2021-08-21,Paracetamol,Inconclusive,3,2021,8
82,Male,B-,Asthma,2023-02-07,Christina Lawrence,Ltd Rangel,Medicare,34747.41998413537,Emergency,2023-03-05,Penicillin,Normal,26,2023,2
76,Female,A-,Hypertension,2023-12-11,Meredith Brown,"and Wilson Madden Jimenez,",Medicare,19560.52387877659,Urgent,2023-12-31,Penicillin,Normal,20,2023,12
46,Female,AB+,Arthritis,2022-11-19,Jose Schultz,"Myers Williams and Mcdaniel,",Medicare,21523.062111001826,Urgent,2022-12-04,Ibuprofen,Abnormal,15,2022,11
25,Female,A-,Arthritis,2023-08-06,Thomas Solomon,Ltd Callahan,Aetna,8671.176392617957,Emergency,2023-08-25,Ibuprofen,Normal,19,2023,8
84,Female,AB-,Cancer,2023-05-21,Deborah Cisneros,"James, Moore Hawkins and",Aetna,3122.329253433202,Elective,2023-06-11,Lipitor,Abnormal,21,2023,5
44,Female,A-,Arthritis,2020-06-15,Kevin Davis,"Dickerson and Duncan, Wright",Aetna,2918.352353203165,Elective,2020-06-27,Paracetamol,Normal,12,2020,6
31,Female,B-,Arthritis,2022-03-08,Arthur Bailey,"Perry Larson and Berger,",UnitedHealthcare,21058.153611135443,Urgent,2022-04-01,Ibuprofen,Normal,24,2022,3
53,Male,A-,Asthma,2024-03-03,Douglas Moore,"Alvarez Clark, and Francis",Blue Cross,29585.985112426424,Elective,2024-03-14,Aspirin,Abnormal,11,2024,3
21,Female,AB+,Cancer,2020-04-28,Carrie Brown,"and Weber, West Deleon",UnitedHealthcare,7316.340778134536,Elective,2020-05-15,Penicillin,Abnormal,17,2020,4
55,Male,O-,Hypertension,2020-08-26,Lisa Mckay,"Reynolds, and Hall Ross",UnitedHealthcare,26344.031324939195,Elective,2020-09-21,Lipitor,Normal,26,2020,8
49,Female,O-,Hypertension,2022-10-13,Kyle Robinson,"and Morrison Christensen, Kent",Medicare,16826.00508569696,Urgent,2022-11-03,Lipitor,Abnormal,21,2022,10
44,Female,A+,Asthma,2019-08-22,Monique Miller,Pope-Turner,UnitedHealthcare,9009.253900004493,Elective,2019-09-07,Aspirin,Inconclusive,16,2019,8
80,Female,O+,Hypertension,2023-11-26,Jennifer Taylor,Ltd Fox,Cigna,32757.841510976254,Urgent,2023-12-09,Paracetamol,Normal,13,2023,11
28,Female,B+,Diabetes,2019-12-11,Sharon Campbell,Howard-Davis,Aetna,50325.55700835723,Elective,2020-01-10,Aspirin,Abnormal,30,2019,12
59,Female,O+,Diabetes,2021-01-31,Miss Tammy Robinson MD,Martin-Schmidt,Cigna,39384.154948357405,Emergency,2021-02-17,Ibuprofen,Abnormal,17,2021,1
20,Male,O+,Arthritis,2021-08-08,William Dillon,Garcia-Joseph,UnitedHealthcare,38759.82646274357,Urgent,2021-09-01,Ibuprofen,Inconclusive,24,2021,8
61,Female,AB+,Hypertension,2019-09-14,David Bartlett,Cruz PLC,Blue Cross,32423.724830910385,Emergency,2019-10-03,Penicillin,Abnormal,19,2019,9
76,Female,B+,Diabetes,2023-07-24,Darlene Austin,"Schwartz Poole Mills, and",Blue Cross,46100.53004006255,Elective,2023-08-05,Penicillin,Abnormal,12,2023,7
83,Male,B-,Diabetes,2019-11-16,Mark Williams,Johnston-Jones,Medicare,43275.23190566438,Emergency,2019-11-28,Ibuprofen,Abnormal,12,2019,11
26,Male,AB-,Hypertension,2020-04-04,Paula Hall,Inc Gibbs,Medicare,23707.66414996962,Emergency,2020-04-19,Paracetamol,Inconclusive,15,2020,4
76,Male,AB+,Obesity,2022-08-31,Taylor Townsend Jr.,Inc Gutierrez,UnitedHealthcare,30126.971170910598,Urgent,2022-09-21,Aspirin,Inconclusive,21,2022,8
80,Female,O-,Obesity,2020-08-11,Cynthia Carrillo,Klein Ltd,Cigna,23247.46301957874,Elective,2020-08-24,Penicillin,Abnormal,13,2020,8
40,Female,O-,Obesity,2019-06-06,Robert Jackson,Inc Key,Cigna,12664.23147415173,Emergency,2019-06-25,Paracetamol,Inconclusive,19,2019,6
79,Female,O-,Asthma,2021-03-03,Jennifer Reese,Miller-Vega,Cigna,22394.68960309737,Elective,2021-03-06,Paracetamol,Normal,3,2021,3
33,Female,AB+,Diabetes,2022-05-07,Lauren Greene,Johnson-Sanchez,UnitedHealthcare,2701.796588493834,Urgent,2022-05-14,Penicillin,Abnormal,7,2022,5
24,Male,A+,Arthritis,2019-06-24,Emily Wood,Sanchez-Campos,Aetna,11082.903244553085,Elective,2019-07-13,Penicillin,Inconclusive,19,2019,6
60,Female,O-,Asthma,2021-06-07,John Parsons,Davis-Mcpherson,Aetna,46469.86367712008,Emergency,2021-07-01,Penicillin,Inconclusive,24,2021,6
65,Male,AB-,Obesity,2020-05-02,Crystal Sullivan,"and Kelly Johnson Nielsen,",UnitedHealthcare,19734.57523618613,Elective,2020-05-30,Penicillin,Inconclusive,28,2020,5
77,Male,O-,Asthma,2023-10-18,Michael Washington,Hunt-Rodriguez,Aetna,36568.07781741183,Elective,2023-11-07,Lipitor,Abnormal,20,2023,10
35,Female,O-,Obesity,2024-01-18,Ronald Henderson,Ltd Crawford,Aetna,9095.578140298376,Emergency,2024-01-27,Ibuprofen,Inconclusive,9,2024,1
23,Female,A+,Arthritis,2022-08-31,Loretta Sosa,Ltd Estrada,Blue Cross,27416.551568120914,Urgent,2022-09-03,Penicillin,Inconclusive,3,2022,8
66,Female,O-,Obesity,2021-07-28,Brian Wilson,"Lawson, Li and Hensley",Medicare,40622.30116272153,Emergency,2021-08-18,Aspirin,Abnormal,21,2021,7
39,Male,O-,Cancer,2024-01-31,Lisa Bailey,Combs Sons and,Blue Cross,6566.826709074956,Emergency,2024-02-10,Aspirin,Normal,10,2024,1
54,Male,A+,Arthritis,2023-08-15,Christopher Thomas,"and Moran, Wallace Quinn",UnitedHealthcare,3180.359285177852,Elective,2023-08-19,Aspirin,Abnormal,4,2023,8
79,Male,O+,Hypertension,2022-08-29,Matthew Lozano,"Hall and Ray, Johnson",Medicare,24944.879503328943,Emergency,2022-09-12,Penicillin,Normal,14,2022,8
23,Male,AB+,Obesity,2023-05-04,Robert Lester,Armstrong-Fox,UnitedHealthcare,41130.194389982455,Urgent,2023-05-14,Ibuprofen,Abnormal,10,2023,5
64,Male,O-,Arthritis,2020-03-14,Danielle Boyd,and Mccoy Sons,Blue Cross,38950.29275139085,Elective,2020-03-17,Paracetamol,Normal,3,2020,3
23,Female,AB+,Hypertension,2021-05-07,Brooke Booth,"Miller and Greene, Patel",Cigna,4878.416566751688,Emergency,2021-05-22,Penicillin,Abnormal,15,2021,5
54,Male,B+,Hypertension,2022-06-27,Curtis Mckay,"White Berry, Palmer and",Aetna,7649.147089308449,Urgent,2022-07-09,Paracetamol,Abnormal,12,2022,6
51,Female,AB-,Hypertension,2023-05-20,Linda Brady,Fisher-Fitzgerald,Blue Cross,45727.030197526685,Elective,2023-05-26,Paracetamol,Inconclusive,6,2023,5
54,Male,AB+,Cancer,2022-06-14,Mr. Jason Alvarado,"Myers Estrada, Perez and",Cigna,50162.330690153976,Emergency,2022-06-20,Aspirin,Abnormal,6,2022,6
78,Male,B+,Hypertension,2022-05-25,Rodney Johnson,Martin Group,Medicare,834.3294996899399,Elective,2022-06-20,Lipitor,Abnormal,26,2022,5
56,Female,A-,Obesity,2024-02-28,Kimberly Nunez,Sons Butler and,UnitedHealthcare,14189.17078548043,Urgent,2024-03-12,Aspirin,Inconclusive,13,2024,2
29,Male,A+,Arthritis,2020-02-01,Charles Johnson,"Jennings Jensen and Waters,",Aetna,38273.06968933742,Elective,2020-02-06,Penicillin,Inconclusive,5,2020,2
85,Male,AB-,Arthritis,2020-10-10,Tyler Morales,Johnson-Thomas,Aetna,36349.14640423814,Emergency,2020-10-18,Ibuprofen,Abnormal,8,2020,10
56,Male,B+,Obesity,2024-05-05,Gerald Miller,"Miller, Foster and Evans",Cigna,14646.719852632452,Emergency,2024-05-09,Ibuprofen,Normal,4,2024,5
38,Female,AB+,Arthritis,2022-04-23,Michael Friedman,Lane-Pitts,Aetna,49948.98876190432,Elective,2022-04-24,Paracetamol,Inconclusive,1,2022,4
58,Female,O-,Asthma,2021-05-19,Adam Hayes,Ltd Nelson,Medicare,9122.685609571949,Elective,2021-05-24,Penicillin,Abnormal,5,2021,5
22,Male,AB-,Hypertension,2023-02-23,Brian Mendez,Walsh LLC,Cigna,6688.315456786404,Emergency,2023-03-25,Aspirin,Inconclusive,30,2023,2
82,Female,AB+,Arthritis,2022-05-04,James Andersen,Owen-Powell,Medicare,44933.19026801528,Elective,2022-05-18,Paracetamol,Inconclusive,14,2022,5
71,Male,AB-,Diabetes,2023-05-12,Michelle Schwartz,Rogers-Davidson,Medicare,26932.59760660025,Emergency,2023-05-14,Paracetamol,Normal,2,2023,5
77,Male,A-,Hypertension,2021-01-16,Brad Crawford,Rodriguez-Miller,Cigna,45222.593105200205,Emergency,2021-02-15,Ibuprofen,Normal,30,2021,1
85,Female,O+,Arthritis,2022-05-09,Jillian Bauer,Gomez-Gilbert,Aetna,46039.74641089517,Urgent,2022-05-18,Ibuprofen,Inconclusive,9,2022,5
57,Female,AB+,Obesity,2023-07-27,Andrew Newton,Rojas-Rodriguez,Blue Cross,40315.468991684495,Emergency,2023-08-04,Lipitor,Inconclusive,8,2023,7
27,Male,A+,Asthma,2024-01-17,John Henderson,Newman-Jackson,Medicare,35845.829018398275,Elective,2024-01-22,Ibuprofen,Normal,5,2024,1
48,Female,O+,Diabetes,2023-01-27,Victor Hood,"and Smith Dickerson Hart,",Cigna,43520.195693629656,Urgent,2023-01-31,Lipitor,Normal,4,2023,1
26,Female,AB-,Diabetes,2020-11-11,Brandon Jones,Moore-Freeman,Blue Cross,30631.134720562877,Emergency,2020-11-29,Ibuprofen,Inconclusive,18,2020,11
18,Female,AB+,Obesity,2023-06-24,Victor Moore,Leon-Barajas,Blue Cross,29611.04438058439,Elective,2023-07-10,Aspirin,Normal,16,2023,6
18,Male,A+,Obesity,2023-11-28,Samuel Finley,Collins-Esparza,UnitedHealthcare,18179.39532162103,Elective,2023-12-15,Aspirin,Abnormal,17,2023,11
21,Female,AB-,Arthritis,2023-05-16,Joshua Reese,"Clarke, Roberts Simmons and",Cigna,20065.360256197317,Emergency,2023-05-24,Lipitor,Inconclusive,8,2023,5
25,Male,O-,Obesity,2023-11-18,Jason Martinez,Ltd Wells,Medicare,169.01967684915144,Emergency,2023-12-16,Ibuprofen,Inconclusive,28,2023,11
33,Female,A+,Hypertension,2022-07-25,Jonathan Monroe,Group Obrien,Blue Cross,33055.93558266972,Emergency,2022-07-28,Penicillin,Abnormal,3,2022,7
73,Male,O+,Obesity,2021-06-01,Erik Andrade,LLC Knight,Cigna,33863.78818201228,Elective,2021-06-29,Ibuprofen,Abnormal,28,2021,6
22,Female,B+,Diabetes,2021-04-12,Leslie Lewis,Parker-Flores,Cigna,33468.74560462161,Emergency,2021-04-21,Ibuprofen,Abnormal,9,2021,4
19,Male,AB+,Diabetes,2022-07-10,Diane Pratt,Group Hall,UnitedHealthcare,5413.990356266747,Urgent,2022-07-29,Paracetamol,Inconclusive,19,2022,7
61,Male,B+,Obesity,2019-10-02,Christian Hall,Mann-Soto,UnitedHealthcare,32825.41733774414,Urgent,2019-10-07,Penicillin,Inconclusive,5,2019,10
28,Female,A-,Hypertension,2021-08-22,Jacob Barton,Inc Williams,Cigna,39744.88541082442,Urgent,2021-09-19,Penicillin,Inconclusive,28,2021,8
84,Male,AB-,Hypertension,2024-02-18,Nathan Murphy,Caldwell-Velez,Blue Cross,40374.18605987474,Emergency,2024-03-07,Aspirin,Normal,18,2024,2
56,Female,O-,Asthma,2024-04-07,Kristen Barrera,Stevens-Mcdonald,Blue Cross,35560.03622703305,Elective,2024-04-27,Paracetamol,Inconclusive,20,2024,4
32,Male,A+,Arthritis,2020-10-20,Matthew Alexander,Inc Jackson,Cigna,2270.5092859149386,Urgent,2020-10-23,Lipitor,Normal,3,2020,10
30,Male,B+,Arthritis,2019-06-24,Andrea Nguyen,Taylor-Hart,Medicare,8760.173499662375,Urgent,2019-07-15,Aspirin,Inconclusive,21,2019,6
25,Female,AB-,Asthma,2019-10-08,Melissa Jensen,Guzman-Stanton,Medicare,6768.162499105482,Urgent,2019-11-02,Lipitor,Inconclusive,25,2019,10
70,Male,AB-,Cancer,2022-03-09,Tracy Woods,Sons and Brown,Blue Cross,10410.854512211434,Elective,2022-04-06,Lipitor,Inconclusive,28,2022,3
37,Female,B+,Cancer,2023-08-29,Alvin Young,Inc Clark,UnitedHealthcare,40195.47198151598,Elective,2023-09-28,Aspirin,Abnormal,30,2023,8
37,Male,AB+,Diabetes,2020-04-23,Andrew Green,Lopez-Flowers,Medicare,38693.98620344489,Emergency,2020-05-07,Lipitor,Abnormal,14,2020,4
23,Male,AB-,Hypertension,2023-04-10,Joseph Davis,Sons and Powell,UnitedHealthcare,43013.506084869805,Urgent,2023-04-26,Aspirin,Abnormal,16,2023,4
19,Female,B+,Hypertension,2023-11-12,Sara Wood DDS,Ltd Simpson,Medicare,12890.330611564195,Emergency,2023-12-03,Penicillin,Normal,21,2023,11
78,Male,AB+,Obesity,2019-12-16,Carrie Silva,PLC Thomas,Blue Cross,37226.23760320404,Urgent,2019-12-22,Penicillin,Abnormal,6,2019,12
75,Male,AB+,Arthritis,2024-04-05,Joseph Deleon,Ltd Wright,UnitedHealthcare,15295.869660060196,Emergency,2024-04-28,Paracetamol,Inconclusive,23,2024,4
80,Male,B+,Diabetes,2019-08-16,Carl Hudson,Cline Ltd,Blue Cross,42891.6991190194,Urgent,2019-09-08,Aspirin,Abnormal,23,2019,8
44,Male,AB-,Diabetes,2021-03-31,Brian Hartman,Russell-Torres,Medicare,36327.52439129154,Elective,2021-04-06,Ibuprofen,Abnormal,6,2021,3
44,Male,B-,Diabetes,2021-05-13,Cheryl Morris,"Sanders White, and Hutchinson",Aetna,35963.34186384795,Elective,2021-05-18,Lipitor,Abnormal,5,2021,5
38,Male,A-,Obesity,2022-07-19,Janet Powell,LLC Moran,UnitedHealthcare,40850.07087025005,Emergency,2022-08-11,Lipitor,Inconclusive,23,2022,7
44,Male,A+,Obesity,2023-12-23,Linda Moyer,Meyers Ltd,Aetna,2409.132049648802,Urgent,2024-01-10,Paracetamol,Normal,18,2023,12
50,Female,O+,Cancer,2020-02-15,Joanne Hines,Lewis LLC,UnitedHealthcare,22289.612354289075,Emergency,2020-02-20,Paracetamol,Abnormal,5,2020,2
20,Male,AB-,Arthritis,2021-06-25,Jaime Jackson,Levy-Watson,Medicare,10207.826264478976,Elective,2021-06-28,Lipitor,Inconclusive,3,2021,6
26,Male,O+,Cancer,2023-05-02,Eric Harris,"Boyer Hudson Sanchez, and",Medicare,2396.689017300668,Urgent,2023-05-12,Aspirin,Normal,10,2023,5
67,Male,A-,Asthma,2021-04-23,Robert Wood,Kelley LLC,Aetna,21011.66170196577,Urgent,2021-05-11,Aspirin,Abnormal,18,2021,4
54,Male,B+,Asthma,2022-04-08,Veronica Washington,Thomas-Smith,UnitedHealthcare,47948.26400900877,Urgent,2022-05-06,Ibuprofen,Inconclusive,28,2022,4
47,Male,O+,Cancer,2021-03-23,Susan Berg,and Elliott Sons,Cigna,20425.70540475565,Elective,2021-04-19,Aspirin,Abnormal,27,2021,3
76,Female,B+,Asthma,2022-03-25,Ethan Bowman,Greer-Rodriguez,UnitedHealthcare,15592.46452684666,Urgent,2022-04-05,Lipitor,Abnormal,11,2022,3
75,Female,B-,Arthritis,2021-08-26,Mitchell Marshall,Simmons-Lloyd,Medicare,42687.58420951672,Urgent,2021-09-21,Lipitor,Abnormal,26,2021,8
36,Male,O-,Cancer,2022-10-21,Katherine Cooper,"Lee Reid Santiago, and",UnitedHealthcare,2425.013613127396,Emergency,2022-11-20,Ibuprofen,Normal,30,2022,10
24,Female,AB-,Asthma,2023-11-02,Jason Costa,Davis-Rivera,Blue Cross,30721.126423224745,Emergency,2023-11-06,Paracetamol,Inconclusive,4,2023,11
36,Male,O-,Hypertension,2020-07-29,Darrell Riley,Henry-Osborne,Blue Cross,24629.484564964627,Emergency,2020-08-16,Ibuprofen,Abnormal,18,2020,7
79,Female,AB+,Arthritis,2021-06-16,Michael Chang,Lopez-Cook,Cigna,51354.58100826211,Elective,2021-07-09,Aspirin,Normal,23,2021,6
75,Male,A-,Arthritis,2023-08-27,Brandon Hart,"and Becker Baker Owens,",UnitedHealthcare,34821.14342768103,Emergency,2023-08-28,Lipitor,Normal,1,2023,8
64,Male,O-,Asthma,2021-06-28,Christopher Phelps,"and Ward Foster, Wagner",Blue Cross,6798.900136938093,Emergency,2021-07-02,Paracetamol,Inconclusive,4,2021,6
70,Male,AB+,Cancer,2019-07-29,Laura Wells,Lewis-Gallegos,Blue Cross,45805.10066261429,Emergency,2019-08-09,Aspirin,Abnormal,11,2019,7
28,Female,A-,Hypertension,2020-12-10,Mary Oliver,Torres Inc,Blue Cross,19579.32639821397,Emergency,2021-01-08,Ibuprofen,Normal,29,2020,12
70,Male,A+,Diabetes,2022-10-25,Dale Lang,"Gutierrez, Taylor and Mason",Blue Cross,9539.2563115366,Emergency,2022-11-01,Ibuprofen,Abnormal,7,2022,10
25,Male,O+,Cancer,2020-04-24,Scott Gibson,Oneill-Sharp,UnitedHealthcare,31329.480596277957,Urgent,2020-04-30,Ibuprofen,Normal,6,2020,4
41,Female,A+,Hypertension,2021-02-04,Amy Martinez,Mckee Ltd,Medicare,5525.074005695542,Emergency,2021-02-14,Ibuprofen,Abnormal,10,2021,2
84,Female,A+,Hypertension,2023-04-07,Alyssa Lawrence,LLC Hancock,Blue Cross,44655.53690056624,Elective,2023-05-04,Lipitor,Inconclusive,27,2023,4
43,Female,O-,Asthma,2024-04-27,William Henry,Jones LLC,Aetna,23704.817835057776,Emergency,2024-05-26,Paracetamol,Abnormal,29,2024,4
30,Female,O+,Obesity,2020-08-25,Philip Calhoun,PLC Cruz,UnitedHealthcare,22454.105426717364,Emergency,2020-09-15,Penicillin,Abnormal,21,2020,8
83,Female,O-,Asthma,2020-02-08,Susan Miranda,Inc Soto,Cigna,33497.37645880271,Urgent,2020-02-20,Lipitor,Inconclusive,12,2020,2
72,Male,B-,Diabetes,2022-02-19,James Farrell,"Woodard and Ellis Casey,",UnitedHealthcare,11034.372693757135,Elective,2022-03-13,Lipitor,Inconclusive,22,2022,2
79,Female,B+,Cancer,2023-03-26,Alexis Robbins,Sullivan-Gibson,UnitedHealthcare,48929.15002612388,Emergency,2023-03-30,Aspirin,Normal,4,2023,3
33,Female,B+,Obesity,2020-01-03,James Buchanan,Ltd Meyers,Aetna,15426.328337391613,Urgent,2020-01-09,Penicillin,Normal,6,2020,1
82,Male,O+,Cancer,2024-03-06,Mrs. Claire Stark,"and Flores Sharp, Ross",UnitedHealthcare,39689.82964922871,Emergency,2024-04-05,Penicillin,Abnormal,30,2024,3
68,Female,AB+,Cancer,2022-08-30,Barbara Garner,and Friedman Sons,UnitedHealthcare,13811.930913614136,Urgent,2022-09-10,Ibuprofen,Inconclusive,11,2022,8
40,Male,B+,Diabetes,2021-12-31,Daniel Allen,"Myers Edwards, and Chandler",UnitedHealthcare,17563.407910990507,Elective,2022-01-01,Aspirin,Normal,1,2021,12
73,Female,AB+,Diabetes,2023-11-28,Michael Phillips,Gordon-Baker,Aetna,32103.462982451925,Elective,2023-12-24,Ibuprofen,Normal,26,2023,11
43,Female,AB+,Asthma,2023-05-06,Barbara Gamble,Aguilar-Howard,Cigna,24049.26056308928,Elective,2023-05-09,Aspirin,Abnormal,3,2023,5
41,Female,O-,Obesity,2023-12-31,Robert Burns,"Smith and Neal Jones,",UnitedHealthcare,28715.87612812347,Elective,2024-01-09,Paracetamol,Inconclusive,9,2023,12
52,Female,B-,Diabetes,2023-11-08,Shannon Baker,"and Tran Fields, Harris",Medicare,32842.74729461231,Elective,2023-11-29,Lipitor,Normal,21,2023,11
56,Male,A+,Asthma,2020-05-14,Amy Gonzalez,"Wright and Le Marshall,",Blue Cross,22530.852359399465,Emergency,2020-06-10,Ibuprofen,Abnormal,27,2020,5
26,Female,AB-,Arthritis,2019-05-12,Carolyn Valenzuela,King PLC,UnitedHealthcare,21520.76638052896,Urgent,2019-05-19,Penicillin,Abnormal,7,2019,5
19,Male,O+,Cancer,2020-02-05,Alex Carroll,"Townsend Taylor Khan, and",Blue Cross,42444.665944459055,Emergency,2020-02-16,Ibuprofen,Abnormal,11,2020,2
37,Female,AB+,Hypertension,2020-06-10,John Henderson DDS,Garcia-Williams,Aetna,48566.81065404858,Elective,2020-07-06,Ibuprofen,Normal,26,2020,6
22,Male,B+,Asthma,2019-11-11,Kenneth Daniel,and Sons Dawson,Aetna,34099.59343375981,Elective,2019-11-17,Ibuprofen,Normal,6,2019,11
79,Male,B-,Cancer,2024-04-22,Bonnie Cook,"Walter Robinson Jackson, and",UnitedHealthcare,46146.82172822271,Emergency,2024-05-17,Aspirin,Normal,25,2024,4
22,Male,O-,Hypertension,2021-06-24,Julie Jones,"and Ward Smith, Villanueva",UnitedHealthcare,46188.61848195183,Urgent,2021-07-20,Paracetamol,Abnormal,26,2021,6
28,Female,A-,Diabetes,2023-01-06,James Tyler,Jones-Gray,UnitedHealthcare,17800.795769540648,Elective,2023-01-27,Penicillin,Normal,21,2023,1
62,Female,AB+,Diabetes,2021-03-05,Patrick Lopez,Brown LLC,UnitedHealthcare,6957.780329707899,Urgent,2021-03-30,Ibuprofen,Inconclusive,25,2021,3
33,Male,B+,Arthritis,2023-02-26,Marissa Small,"and Martin, Simpson Hall",Aetna,2570.4829334678243,Elective,2023-03-17,Lipitor,Inconclusive,19,2023,2
70,Female,AB-,Diabetes,2021-08-29,Manuel Gonzales,Diaz Group,Aetna,39897.37489689852,Urgent,2021-09-19,Lipitor,Inconclusive,21,2021,8
71,Female,A-,Obesity,2021-10-24,Benjamin Sanchez,"King Kelly Lewis, and",Cigna,16569.358796074397,Emergency,2021-11-12,Aspirin,Normal,19,2021,10
34,Female,O-,Diabetes,2022-01-07,Tony Lopez,"Avila Hernandez, Jones and",Blue Cross,17529.51919433292,Emergency,2022-01-09,Aspirin,Inconclusive,2,2022,1
59,Male,AB+,Hypertension,2022-01-30,Darren Jacobson,Gilbert-Jones,Cigna,34967.12461735323,Emergency,2022-02-14,Aspirin,Abnormal,15,2022,1
23,Male,A-,Asthma,2023-05-10,Danielle Johnson,"Prince Hoffman and Wilson,",Medicare,28654.257622699773,Emergency,2023-06-04,Paracetamol,Inconclusive,25,2023,5
41,Male,O-,Asthma,2022-01-07,Amanda Bentley,Sons Ford and,UnitedHealthcare,31225.726657298965,Urgent,2022-01-14,Lipitor,Normal,7,2022,1
18,Male,B-,Asthma,2022-06-24,Deborah Frederick,Alexander-Austin,UnitedHealthcare,16375.79813324777,Elective,2022-07-13,Aspirin,Normal,19,2022,6
67,Male,O-,Cancer,2019-06-25,Jamie Jensen,Schmitt Ltd,Aetna,35833.53097677788,Elective,2019-07-16,Penicillin,Inconclusive,21,2019,6
35,Female,AB+,Obesity,2023-01-30,Julia Mcbride,Cruz Inc,Blue Cross,28144.715539250567,Urgent,2023-02-19,Aspirin,Abnormal,20,2023,1
52,Female,A-,Asthma,2022-05-27,Mitchell Thomas,"Murray, and Robinson Torres",Blue Cross,14160.030068892696,Urgent,2022-06-12,Aspirin,Abnormal,16,2022,5
29,Male,AB-,Hypertension,2019-05-26,Evan White,"Mckenzie Maldonado, Acosta and",Medicare,37425.11900819984,Elective,2019-06-22,Lipitor,Abnormal,27,2019,5
37,Female,B+,Cancer,2021-10-05,Mary Roman,"Peterson May Henry, and",Medicare,29473.651707337496,Elective,2021-10-16,Lipitor,Inconclusive,11,2021,10
84,Male,AB+,Hypertension,2019-09-02,Jackson Gonzales,"Jones, Landry Mcknight and",UnitedHealthcare,11265.51674974316,Urgent,2019-09-30,Aspirin,Inconclusive,28,2019,9
19,Female,A-,Diabetes,2022-12-17,Elijah Rivera,Smith-Wilson,Aetna,14680.378213244052,Emergency,2022-12-20,Paracetamol,Abnormal,3,2022,12
39,Female,AB-,Cancer,2023-08-28,Sharon Freeman,"Carr Smith, and Smith",UnitedHealthcare,31588.53317049657,Elective,2023-09-16,Aspirin,Inconclusive,19,2023,8
46,Female,B-,Arthritis,2021-07-18,Alicia Harris,"Smith, Williams Wilkins and",Blue Cross,15118.946441028484,Urgent,2021-07-21,Paracetamol,Inconclusive,3,2021,7
36,Male,O+,Arthritis,2019-08-21,Natalie Elliott,Ltd Thomas,UnitedHealthcare,11077.240275126063,Urgent,2019-09-15,Ibuprofen,Abnormal,25,2019,8
77,Male,A-,Asthma,2021-08-19,Lisa Smith,"and Williams Rodriguez Johnson,",Cigna,34968.70909728112,Emergency,2021-09-10,Aspirin,Abnormal,22,2021,8
61,Female,A+,Asthma,2021-05-20,Dr. Ashley Roman,"Webster, Daniels Lowery and",Cigna,2515.9559310202044,Emergency,2021-05-30,Paracetamol,Normal,10,2021,5
20,Female,O-,Arthritis,2024-01-02,Earl Johnson,Sons Hanson and,Cigna,29874.10570199396,Elective,2024-02-01,Penicillin,Normal,30,2024,1
58,Male,A-,Arthritis,2023-09-30,Lori Martinez,Taylor-Small,Medicare,28894.09465570188,Urgent,2023-10-21,Aspirin,Normal,21,2023,9
29,Female,AB+,Asthma,2019-10-28,Karl Grant,Calderon-Rodriguez,Cigna,19954.13004007728,Urgent,2019-11-19,Lipitor,Abnormal,22,2019,10
78,Male,A-,Cancer,2024-03-25,Walter Adams,Parsons-Martinez,Cigna,21888.472081517477,Emergency,2024-04-19,Aspirin,Abnormal,25,2024,3
83,Male,O-,Asthma,2021-08-07,Matthew Stewart,Malone-Khan,Cigna,44682.94052453203,Elective,2021-08-10,Aspirin,Normal,3,2021,8
54,Female,AB+,Asthma,2024-04-19,Dr. Christopher Ramirez,Bradley-Beck,Blue Cross,2983.430930861952,Emergency,2024-05-04,Aspirin,Abnormal,15,2024,4
18,Female,A-,Asthma,2021-09-20,Phillip Brown,"Brown Baker, Phillips and",Aetna,18813.799001922536,Elective,2021-10-06,Penicillin,Inconclusive,16,2021,9
33,Male,B+,Arthritis,2021-10-31,Richard Sanchez,Miller Inc,Blue Cross,39895.71755741128,Emergency,2021-11-13,Ibuprofen,Inconclusive,13,2021,10
83,Male,O-,Arthritis,2024-04-28,William Thompson,Stafford-Johnson,Cigna,23365.10471264521,Urgent,2024-05-12,Ibuprofen,Normal,14,2024,4
37,Female,B-,Asthma,2023-04-07,Brian Castro,"Terry and Diaz Ward,",Medicare,36633.81447522465,Elective,2023-05-04,Ibuprofen,Inconclusive,27,2023,4
59,Male,B-,Diabetes,2023-01-05,Keith Gutierrez,Freeman LLC,Blue Cross,32336.536630990937,Urgent,2023-01-25,Penicillin,Abnormal,20,2023,1
65,Female,O-,Arthritis,2023-06-28,Christine Cline,Banks-Johnson,UnitedHealthcare,9338.232203369444,Urgent,2023-06-30,Ibuprofen,Normal,2,2023,6
72,Male,O-,Cancer,2023-04-11,Donald Dixon,"Dixon, and Davies Carpenter",UnitedHealthcare,16019.051334824346,Emergency,2023-04-24,Paracetamol,Inconclusive,13,2023,4
49,Female,O-,Arthritis,2022-05-14,Mark Smith,Taylor-Jones,Aetna,17085.919918295316,Urgent,2022-06-02,Paracetamol,Inconclusive,19,2022,5
70,Female,A+,Diabetes,2022-04-05,James Mccarthy,Smith-Mayo,Blue Cross,26432.962529687346,Urgent,2022-04-21,Ibuprofen,Abnormal,16,2022,4
78,Male,A+,Diabetes,2023-12-08,Joshua Adams,"Hernandez Montoya, and Escobar",Medicare,11872.829983798816,Elective,2024-01-07,Lipitor,Normal,30,2023,12
30,Female,A+,Cancer,2023-05-13,Annette Williams,"White and Smith Villegas,",Blue Cross,20270.52917546976,Urgent,2023-05-25,Ibuprofen,Abnormal,12,2023,5
44,Female,B+,Hypertension,2021-05-20,Heather Norman,Parker-Austin,Aetna,25876.42638487313,Emergency,2021-05-25,Lipitor,Inconclusive,5,2021,5
73,Female,B-,Hypertension,2021-01-12,Jill King,Ware Inc,Cigna,44614.03409704306,Elective,2021-01-22,Penicillin,Abnormal,10,2021,1
81,Male,B+,Hypertension,2023-10-24,Ronald Edwards,Copeland-Gibson,Aetna,44667.96798217427,Emergency,2023-10-31,Ibuprofen,Inconclusive,7,2023,10
78,Female,A+,Diabetes,2023-09-14,Jennifer Carter,Bates-Flores,Medicare,21445.37288153062,Elective,2023-10-12,Aspirin,Abnormal,28,2023,9
80,Male,B+,Cancer,2023-03-17,Jacqueline Fry,"Hernandez, and Taylor Smith",Aetna,9715.94295023569,Urgent,2023-04-01,Aspirin,Normal,15,2023,3
34,Female,B-,Cancer,2022-07-12,Frank Williams,Inc Gomez,UnitedHealthcare,20410.121655486884,Elective,2022-07-24,Aspirin,Inconclusive,12,2022,7
74,Male,B+,Diabetes,2023-12-03,Deanna Wade,"and Hoover Long, Johnson",UnitedHealthcare,3086.8644054653946,Elective,2023-12-30,Penicillin,Inconclusive,27,2023,12
74,Female,A+,Obesity,2020-03-15,Stephanie Cox,Sons and Johnson,UnitedHealthcare,34676.26597182254,Elective,2020-04-13,Penicillin,Normal,29,2020,3
64,Female,B+,Arthritis,2021-08-25,Zoe Alexander,Sons and Diaz,UnitedHealthcare,44785.26886037127,Elective,2021-09-13,Paracetamol,Abnormal,19,2021,8
45,Male,A+,Obesity,2020-08-19,Justin Ayala,Sons and Garcia,Blue Cross,14559.333990408477,Emergency,2020-08-28,Lipitor,Normal,9,2020,8
31,Male,A+,Arthritis,2019-10-04,Gregory Harvey,"Griffin Espinoza, Berg and",Aetna,29129.22105839683,Urgent,2019-10-14,Aspirin,Inconclusive,10,2019,10
39,Male,A-,Obesity,2023-10-10,Rose Malone,Lyons-Wiley,Medicare,4085.8061818642745,Urgent,2023-10-15,Aspirin,Inconclusive,5,2023,10
46,Female,AB-,Hypertension,2024-01-08,Sara Sutton,White-Phillips,Blue Cross,11858.001938702868,Urgent,2024-01-16,Lipitor,Abnormal,8,2024,1
64,Male,B-,Cancer,2023-11-10,Lee Beck,"Trujillo Thompson, and Hoffman",Aetna,40746.27976975148,Urgent,2023-11-12,Aspirin,Abnormal,2,2023,11
60,Female,A+,Arthritis,2021-09-12,Jerry Hinton,Christian Inc,Aetna,51396.75863325918,Urgent,2021-09-26,Aspirin,Normal,14,2021,9
30,Female,O+,Diabetes,2019-11-01,Diana Jones,Rogers-Garcia,Blue Cross,6981.473479320772,Urgent,2019-11-15,Ibuprofen,Abnormal,14,2019,11
26,Female,AB-,Diabetes,2022-09-30,Donna Carr,Rosales-Haynes,UnitedHealthcare,41322.63110539941,Emergency,2022-10-03,Aspirin,Abnormal,3,2022,9
33,Male,A+,Arthritis,2021-07-20,Kathleen Wang,Beasley-Cain,Aetna,16803.222028580883,Elective,2021-07-26,Lipitor,Abnormal,6,2021,7
65,Female,O-,Cancer,2021-01-13,Mrs. Ruth Sheppard,"Myers Alvarez and Marshall,",UnitedHealthcare,40333.77816545108,Emergency,2021-01-24,Aspirin,Abnormal,11,2021,1
61,Male,B-,Hypertension,2022-11-10,Erika Bright,Erickson and Sons,Blue Cross,36078.38916421822,Emergency,2022-11-29,Lipitor,Normal,19,2022,11
80,Female,A+,Diabetes,2024-04-03,Elizabeth Hall,Gutierrez PLC,Aetna,22715.005576882624,Elective,2024-04-09,Ibuprofen,Inconclusive,6,2024,4
69,Male,B+,Hypertension,2020-07-26,Jennifer Jones,Benson-Johnson,Medicare,23061.346161141653,Urgent,2020-08-08,Paracetamol,Abnormal,13,2020,7
39,Female,A-,Hypertension,2020-05-30,Connie Hurst,"and Flores Smith Williams,",Cigna,3376.178974428809,Elective,2020-06-07,Paracetamol,Inconclusive,8,2020,5
28,Female,A-,Arthritis,2019-09-26,Taylor Pace,"Baker Armstrong, and Schneider",UnitedHealthcare,20807.402067173687,Urgent,2019-10-25,Lipitor,Inconclusive,29,2019,9
52,Male,AB+,Arthritis,2022-05-01,Karen Wolf,Browning-Moore,Medicare,11011.074399231784,Elective,2022-05-27,Penicillin,Normal,26,2022,5
39,Male,B+,Asthma,2019-05-09,Brian George,Bates-Torres,Medicare,25359.40770007456,Emergency,2019-05-13,Ibuprofen,Abnormal,4,2019,5
64,Male,O+,Obesity,2022-12-10,Robert Levine,Group Hunt,Blue Cross,47563.5069951539,Emergency,2022-12-26,Penicillin,Abnormal,16,2022,12
29,Male,O+,Cancer,2022-03-06,Penny Hill,"Weaver and Parks, Odom",Blue Cross,20714.353511468904,Urgent,2022-03-08,Lipitor,Abnormal,2,2022,3
29,Male,O-,Obesity,2021-05-22,Laura Wheeler,Russo LLC,Blue Cross,12242.325371542533,Emergency,2021-05-23,Penicillin,Inconclusive,1,2021,5
45,Male,A-,Diabetes,2021-10-09,Erik Lambert DVM,"Hester, Thomas Richards and",Aetna,47122.778248421055,Urgent,2021-10-31,Aspirin,Abnormal,22,2021,10
85,Female,A+,Obesity,2020-02-22,Sherry Vazquez,Ltd Torres,Aetna,4208.707935027254,Urgent,2020-03-07,Penicillin,Normal,14,2020,2
42,Female,O+,Obesity,2023-03-24,Summer Gonzalez,"Garcia White, and Cobb",Medicare,20921.646135626183,Elective,2023-03-25,Penicillin,Inconclusive,1,2023,3
29,Female,A+,Diabetes,2024-05-03,Ashley Washington,"and Stephens Ortiz Campbell,",Medicare,9472.89531231758,Elective,2024-05-06,Penicillin,Normal,3,2024,5
41,Female,O-,Cancer,2023-06-12,Meredith King,Stevenson Ltd,Medicare,7864.79204958754,Urgent,2023-06-20,Ibuprofen,Abnormal,8,2023,6
26,Female,AB+,Asthma,2021-11-03,Deborah Yoder,Chandler-Ballard,Medicare,29688.356683813283,Elective,2021-11-27,Lipitor,Normal,24,2021,11
30,Male,B+,Obesity,2020-02-29,Jack Hale,Sons and Hernandez,Cigna,47810.71786555056,Emergency,2020-03-06,Lipitor,Inconclusive,6,2020,2
63,Female,AB-,Asthma,2019-10-10,Stephanie Suarez,PLC Chavez,UnitedHealthcare,14170.93604315718,Urgent,2019-10-28,Paracetamol,Inconclusive,18,2019,10
45,Female,B-,Arthritis,2023-01-01,Raymond Duncan,Escobar-Briggs,Cigna,29345.87841258185,Emergency,2023-01-29,Penicillin,Normal,28,2023,1
47,Male,AB+,Diabetes,2020-08-14,Johnny Nash,Santiago-Sloan,Blue Cross,19217.71753909605,Emergency,2020-08-17,Aspirin,Normal,3,2020,8
35,Male,O-,Asthma,2022-11-14,Bryan Hill,Sampson and Sons,Blue Cross,42816.26065803223,Emergency,2022-12-03,Penicillin,Normal,19,2022,11
22,Male,AB+,Asthma,2022-08-02,Anthony Howell,"and Lee Rodriguez Morris,",Medicare,18047.5510046168,Urgent,2022-08-17,Penicillin,Normal,15,2022,8
26,Male,AB+,Diabetes,2023-10-27,Sarah Smith,Gonzalez-Maldonado,Aetna,14472.102966635137,Elective,2023-11-20,Penicillin,Abnormal,24,2023,10
47,Male,B+,Arthritis,2021-01-04,Benjamin Ritter,Thompson-Hays,Blue Cross,47202.93552377447,Emergency,2021-01-30,Ibuprofen,Inconclusive,26,2021,1
20,Male,A+,Cancer,2022-01-14,Benjamin Turner,"David and Byrd Alexander,",Cigna,6293.246050086517,Elective,2022-01-16,Ibuprofen,Abnormal,2,2022,1
69,Male,AB-,Hypertension,2019-06-26,Martha Palmer,and Dixon Sons,Blue Cross,33004.56587992689,Urgent,2019-07-03,Penicillin,Abnormal,7,2019,6
56,Female,A+,Hypertension,2023-08-31,Thomas Martinez,Group Martinez,Aetna,29190.78754363729,Urgent,2023-09-16,Lipitor,Inconclusive,16,2023,8
49,Male,O+,Cancer,2019-12-26,Maureen Mcknight,Lawson-Williams,Medicare,13366.94697018903,Elective,2020-01-18,Aspirin,Normal,23,2019,12
38,Male,B+,Asthma,2019-07-07,Leslie Smith,"Diaz Chaney Russell, and",Cigna,3503.1059921344245,Emergency,2019-08-04,Aspirin,Abnormal,28,2019,7
62,Male,O+,Diabetes,2020-02-24,Brian Friedman,Guzman-Griffin,UnitedHealthcare,15845.207489975004,Urgent,2020-03-05,Lipitor,Inconclusive,10,2020,2
80,Female,A+,Arthritis,2019-05-11,Shelby Walters,"Cox Stone, and Merritt",Medicare,4699.313660125591,Elective,2019-06-09,Penicillin,Abnormal,29,2019,5
26,Male,AB-,Asthma,2020-11-16,Angela Jones,Ltd Trujillo,Blue Cross,35841.2411212939,Urgent,2020-12-02,Penicillin,Inconclusive,16,2020,11
80,Female,AB+,Asthma,2020-07-03,Mrs. Mary Brown,"and Williams Schmidt, Jennings",Medicare,4903.128941933514,Elective,2020-07-26,Penicillin,Abnormal,23,2020,7
38,Female,A+,Asthma,2020-08-20,Joseph Wallace,Frazier-White,UnitedHealthcare,1914.651784681756,Emergency,2020-08-27,Lipitor,Abnormal,7,2020,8
55,Female,A+,Obesity,2021-01-09,Danielle Davis,Romero-Sanchez,Blue Cross,41535.515164082,Elective,2021-01-27,Aspirin,Inconclusive,18,2021,1
37,Female,A-,Obesity,2023-10-02,Sherry Williamson,Ltd Cline,UnitedHealthcare,31443.080959342875,Elective,2023-10-25,Paracetamol,Inconclusive,23,2023,10
23,Female,O+,Arthritis,2021-04-13,Joseph Brooks,"and Melton, Lee Williams",Cigna,47504.707030294754,Urgent,2021-04-23,Aspirin,Inconclusive,10,2021,4
29,Female,AB-,Asthma,2020-03-17,Diane Sellers,LLC Thompson,Blue Cross,40558.08942829224,Elective,2020-03-29,Penicillin,Inconclusive,12,2020,3
76,Male,AB-,Hypertension,2022-08-27,Mary Armstrong,Johnson PLC,Aetna,21376.99830351345,Urgent,2022-09-18,Ibuprofen,Normal,22,2022,8
66,Male,A+,Arthritis,2021-01-25,Megan Olson,Sanchez Group,UnitedHealthcare,16600.47530273784,Urgent,2021-02-12,Penicillin,Abnormal,18,2021,1
27,Male,A+,Asthma,2021-01-25,Michael Nguyen,Barnes-Floyd,Medicare,8807.925463922136,Emergency,2021-02-03,Paracetamol,Normal,9,2021,1
35,Female,O-,Diabetes,2023-01-25,Jennifer Kaiser,"and Davies, Wilson Ortiz",Blue Cross,20081.95165735687,Elective,2023-02-22,Paracetamol,Inconclusive,28,2023,1
43,Male,AB+,Arthritis,2019-09-16,Douglas Barnes,"Duffy and Hull, Wright",UnitedHealthcare,29903.71969678223,Urgent,2019-10-08,Paracetamol,Normal,22,2019,9
41,Male,O-,Obesity,2024-03-10,Terry Gibson,Sons and Flores,UnitedHealthcare,8207.188332100151,Emergency,2024-03-11,Aspirin,Normal,1,2024,3
39,Male,A-,Hypertension,2022-12-04,Glenn Martinez,Thomas-Martin,Blue Cross,8230.661929094862,Urgent,2022-12-14,Lipitor,Normal,10,2022,12
73,Male,B-,Diabetes,2022-12-05,Carla Curtis,Davis-Lee,UnitedHealthcare,8572.069355792377,Urgent,2022-12-25,Ibuprofen,Abnormal,20,2022,12
80,Female,B+,Cancer,2020-01-21,Jared Henderson,"Hardy Flynn, and Park",Blue Cross,29229.790886924864,Urgent,2020-01-27,Paracetamol,Inconclusive,6,2020,1
54,Female,AB-,Cancer,2019-06-30,Clarence Harrington,Inc Smith,UnitedHealthcare,45734.35418427821,Urgent,2019-07-17,Aspirin,Inconclusive,17,2019,6
38,Female,O-,Diabetes,2021-06-14,Patty Morrison,"Williams Scott Melton, and",Cigna,4795.254487515699,Elective,2021-07-04,Paracetamol,Inconclusive,20,2021,6
29,Female,B-,Arthritis,2020-05-31,Lori Chapman,Green-Sweeney,Aetna,42496.77237407726,Elective,2020-06-03,Ibuprofen,Normal,3,2020,5
53,Male,B-,Arthritis,2019-09-30,Robert Mata,"and Reid, Williams Hernandez",Cigna,34614.64831592938,Emergency,2019-10-15,Paracetamol,Abnormal,15,2019,9
39,Female,A+,Asthma,2023-12-30,Jesse Wiley,Martinez-Ortega,Medicare,41503.861211519245,Elective,2024-01-23,Penicillin,Abnormal,24,2023,12
49,Male,B-,Diabetes,2021-10-25,Sarah Campbell,Hawkins-Delacruz,Aetna,16231.26737051114,Urgent,2021-11-11,Paracetamol,Normal,17,2021,10
30,Female,A+,Cancer,2022-12-09,Sharon Adkins,Smith-Copeland,Cigna,3038.1070287869143,Emergency,2022-12-16,Paracetamol,Abnormal,7,2022,12
46,Male,O+,Diabetes,2023-01-06,Kristen King,Reid LLC,UnitedHealthcare,28972.141114143706,Emergency,2023-01-13,Aspirin,Abnormal,7,2023,1
56,Male,B-,Asthma,2023-09-28,Allen Salas,Hawkins-Campbell,Aetna,24821.52131890332,Elective,2023-10-08,Lipitor,Abnormal,10,2023,9
26,Male,A-,Asthma,2019-11-17,Madison Campos,"and Park Burke, Weber",Medicare,24010.10659955421,Urgent,2019-12-08,Penicillin,Normal,21,2019,11
53,Male,AB+,Arthritis,2023-07-22,Timothy Rodriguez,"Maldonado Kelly Lewis, and",Blue Cross,13905.202464245962,Urgent,2023-07-25,Penicillin,Normal,3,2023,7
63,Female,B+,Diabetes,2023-09-21,Victoria Evans,"Bass and Hudson, Pittman",Blue Cross,8361.722335263992,Elective,2023-10-18,Penicillin,Normal,27,2023,9
69,Male,AB-,Asthma,2023-07-16,Justin Martinez,Aguirre-Williams,UnitedHealthcare,17139.18540098727,Elective,2023-07-19,Ibuprofen,Inconclusive,3,2023,7
38,Male,B+,Arthritis,2021-11-18,Matthew Sellers,Watson-Gillespie,Blue Cross,10974.880237903904,Urgent,2021-12-04,Paracetamol,Inconclusive,16,2021,11
22,Male,O-,Cancer,2019-10-08,Jeffrey Wilson,Taylor LLC,Cigna,16450.849394052966,Elective,2019-11-02,Paracetamol,Normal,25,2019,10
69,Male,O+,Obesity,2021-08-05,Stephen Mills,"Graham Nelson Shelton, and",Medicare,7109.575742660781,Elective,2021-08-31,Aspirin,Abnormal,26,2021,8
74,Female,O-,Obesity,2020-03-04,Michelle Sanchez,Boyd-King,Cigna,43558.33073599745,Urgent,2020-03-12,Ibuprofen,Normal,8,2020,3
50,Female,B+,Diabetes,2022-05-25,Jasmine Hernandez,"Smith and Gomez, Cook",Blue Cross,49224.11835288184,Emergency,2022-05-31,Ibuprofen,Inconclusive,6,2022,5
22,Female,AB+,Obesity,2021-09-07,Olivia Martin,Thomas-Logan,Cigna,8893.809077716296,Urgent,2021-09-20,Paracetamol,Abnormal,13,2021,9
77,Female,B+,Asthma,2023-10-07,Jason West,"Swanson Robinson, and Sanchez",UnitedHealthcare,4275.173508184887,Emergency,2023-10-27,Lipitor,Abnormal,20,2023,10
70,Male,O+,Cancer,2021-10-10,Daniel King,"and Mccormick Nelson, Parker",UnitedHealthcare,1130.055102694925,Emergency,2021-10-31,Paracetamol,Normal,21,2021,10
44,Male,A-,Asthma,2021-07-28,Kelly Fowler,Ltd Reed,Cigna,33594.824542334565,Urgent,2021-08-22,Lipitor,Inconclusive,25,2021,7
19,Female,B-,Obesity,2023-12-02,Carol West,Inc Taylor,Cigna,21859.539607676725,Urgent,2023-12-18,Lipitor,Inconclusive,16,2023,12
52,Female,A+,Hypertension,2022-12-25,Kevin Sanford,and Mclaughlin Sons,UnitedHealthcare,46028.29801230165,Urgent,2023-01-16,Lipitor,Normal,22,2022,12
25,Female,AB+,Hypertension,2021-02-24,Michael Bean,Day LLC,Aetna,41526.41319458372,Emergency,2021-03-13,Paracetamol,Inconclusive,17,2021,2
56,Female,AB-,Asthma,2021-10-20,Eric Santiago,Jordan-Allen,Blue Cross,17952.744598095403,Emergency,2021-10-21,Penicillin,Abnormal,1,2021,10
84,Male,AB-,Asthma,2021-08-19,Charles Nixon,PLC Stone,UnitedHealthcare,25450.46383294664,Elective,2021-08-22,Aspirin,Abnormal,3,2021,8
23,Female,A+,Cancer,2022-02-26,David Edwards,"Klein Johnson and Lopez,",Aetna,15192.48956727786,Emergency,2022-03-15,Ibuprofen,Abnormal,17,2022,2
77,Male,O-,Hypertension,2020-07-15,Steven Bailey,Henson-Smith,Cigna,38641.8104599983,Elective,2020-08-12,Aspirin,Normal,28,2020,7
30,Female,AB+,Cancer,2022-09-17,Jesse Welch,Morrison-Thomas,Blue Cross,11204.042432299144,Urgent,2022-10-07,Penicillin,Inconclusive,20,2022,9
43,Male,A+,Hypertension,2023-12-10,Sandy Green,"Ross Gibson and Rios,",Medicare,28971.65475333518,Emergency,2023-12-19,Paracetamol,Inconclusive,9,2023,12
45,Male,A-,Asthma,2022-03-02,Richard Gonzalez,Garcia-Newman,UnitedHealthcare,20408.800897521443,Elective,2022-03-20,Ibuprofen,Normal,18,2022,3
33,Male,A-,Cancer,2020-06-13,Emily Gross,LLC Buchanan,UnitedHealthcare,31267.51096663727,Elective,2020-06-15,Penicillin,Inconclusive,2,2020,6
53,Female,O-,Obesity,2023-05-11,James Navarro,Miller-Lambert,Medicare,4611.506901706488,Urgent,2023-05-25,Paracetamol,Inconclusive,14,2023,5
52,Female,AB+,Diabetes,2019-10-13,Jennifer Mendez,Wheeler-Richards,Medicare,30870.604457420905,Urgent,2019-11-04,Ibuprofen,Abnormal,22,2019,10
80,Male,B+,Diabetes,2023-07-12,Jennifer Smith,Davis-Young,Medicare,4543.004707969074,Emergency,2023-07-26,Aspirin,Normal,14,2023,7
59,Male,B+,Obesity,2022-11-04,Angela King,Knight-Thomas,Blue Cross,11681.848735140364,Urgent,2022-11-05,Ibuprofen,Abnormal,1,2022,11
24,Male,B+,Asthma,2023-02-15,Stephanie Chan,LLC Brewer,Aetna,33989.53555788245,Elective,2023-03-14,Ibuprofen,Normal,27,2023,2
64,Female,AB+,Hypertension,2021-02-27,Hector Pena,LLC Jones,Medicare,29653.02196299284,Urgent,2021-03-19,Penicillin,Inconclusive,20,2021,2
30,Male,AB+,Arthritis,2020-05-10,Chad Kelley,Madden-Pope,Cigna,45342.05217131906,Urgent,2020-06-01,Penicillin,Normal,22,2020,5
60,Female,B+,Hypertension,2023-02-07,Madison Phillips,PLC Hunt,Blue Cross,3088.708546770486,Emergency,2023-02-18,Aspirin,Normal,11,2023,2
52,Male,O-,Cancer,2022-09-21,Kevin Maldonado,Inc Hernandez,Aetna,46811.9977804999,Urgent,2022-09-25,Aspirin,Abnormal,4,2022,9
34,Female,B+,Arthritis,2020-05-30,Elizabeth Phillips,"Fernandez, Robertson Maxwell and",Blue Cross,37484.952745325805,Emergency,2020-06-24,Paracetamol,Normal,25,2020,5
65,Male,B-,Asthma,2019-06-06,John Crawford,"Miller and Riley, Gillespie",Aetna,7921.65516196353,Urgent,2019-06-08,Ibuprofen,Normal,2,2019,6
77,Male,AB-,Cancer,2020-08-20,Laura Jenkins,Group Herman,Medicare,32227.91056366084,Emergency,2020-09-06,Lipitor,Inconclusive,17,2020,8
82,Female,O-,Arthritis,2023-09-01,Abigail Salas,Jones-Patel,Aetna,13310.81899140126,Urgent,2023-09-10,Lipitor,Inconclusive,9,2023,9
85,Male,B-,Diabetes,2021-02-15,Holly Smith,"Garcia Obrien, Casey and",Aetna,17860.21344103559,Emergency,2021-02-24,Lipitor,Normal,9,2021,2
65,Female,A-,Hypertension,2022-05-25,Stacy Knight,Nolan PLC,Blue Cross,11343.915446629671,Emergency,2022-05-28,Ibuprofen,Inconclusive,3,2022,5
23,Male,B-,Diabetes,2022-08-29,Amber Olsen,Miller-Guzman,Cigna,2231.593619082466,Emergency,2022-08-30,Ibuprofen,Inconclusive,1,2022,8
75,Female,O-,Asthma,2020-02-08,Brooke Hernandez,Davidson-Keith,UnitedHealthcare,21432.184660565075,Emergency,2020-02-28,Penicillin,Abnormal,20,2020,2
60,Male,O+,Diabetes,2020-04-14,Eric Calderon,Sons and Gray,Cigna,16165.15940558388,Urgent,2020-04-15,Penicillin,Normal,1,2020,4
46,Female,A+,Obesity,2023-06-30,Matthew Hayes,"Campbell Murray and Anderson,",Medicare,24028.50702506271,Emergency,2023-07-08,Paracetamol,Inconclusive,8,2023,6
34,Female,B+,Cancer,2021-08-31,Karen Robinson,Kelly-Owens,Blue Cross,50506.63047889892,Urgent,2021-09-02,Aspirin,Normal,2,2021,8
85,Male,O-,Cancer,2022-11-08,Susan Brandt,Paul Ltd,Cigna,41036.372174800046,Elective,2022-11-20,Lipitor,Inconclusive,12,2022,11
33,Male,A-,Obesity,2024-02-26,Jaime Blair,Harris Inc,Blue Cross,5101.754019308519,Urgent,2024-03-04,Lipitor,Normal,7,2024,2
84,Female,AB+,Asthma,2020-04-10,Eddie Hall,Ltd Moore,Cigna,15404.125835914065,Emergency,2020-04-22,Aspirin,Normal,12,2020,4
28,Female,O-,Hypertension,2023-01-05,Jared Leon,Taylor-Valenzuela,Medicare,47125.13769739612,Elective,2023-01-31,Ibuprofen,Normal,26,2023,1
34,Female,B+,Obesity,2020-08-19,Craig Cordova,Jackson-Morton,UnitedHealthcare,34965.18743660104,Urgent,2020-08-26,Ibuprofen,Inconclusive,7,2020,8
30,Female,AB-,Asthma,2020-11-11,Juan Evans,"and Williams Aguilar Jones,",Medicare,22466.88859766143,Urgent,2020-11-26,Aspirin,Inconclusive,15,2020,11
52,Male,AB+,Hypertension,2022-08-03,John Butler,Patrick-Levine,UnitedHealthcare,24186.813780230743,Urgent,2022-08-14,Aspirin,Normal,11,2022,8
83,Female,O+,Asthma,2022-01-13,Isaac Cabrera,Patel PLC,Blue Cross,18863.55357416647,Urgent,2022-01-27,Paracetamol,Abnormal,14,2022,1
25,Female,O-,Asthma,2020-09-14,Andre Young,"Griffin, Ali and Mckinney",Medicare,24491.192113823432,Elective,2020-09-28,Penicillin,Abnormal,14,2020,9
62,Male,O+,Asthma,2024-04-17,Jennifer Mullins,"George Vasquez, Russell and",Cigna,38397.83384919155,Urgent,2024-05-03,Lipitor,Normal,16,2024,4
45,Female,AB-,Cancer,2019-08-08,Kelly Morales,Ward-Vega,Cigna,5020.53812436143,Emergency,2019-08-26,Penicillin,Abnormal,18,2019,8
37,Male,A-,Cancer,2019-05-30,Lauren Bowman,Brown-Warner,Cigna,49579.49391969197,Emergency,2019-06-21,Lipitor,Normal,22,2019,5
43,Female,AB+,Asthma,2023-07-19,Shawn Townsend,Daugherty-Smith,Cigna,34698.290324543814,Elective,2023-08-04,Aspirin,Abnormal,16,2023,7
32,Male,B+,Asthma,2020-05-05,Deanna Riggs,"Richards Edwards and Taylor,",Medicare,38753.8181469869,Emergency,2020-05-16,Ibuprofen,Inconclusive,11,2020,5
27,Female,A+,Obesity,2022-10-24,Shelley Martinez,Mcclure-Williams,Aetna,32656.774516185425,Emergency,2022-11-17,Lipitor,Inconclusive,24,2022,10
51,Female,B+,Asthma,2019-08-17,Kimberly Gonzalez,English Ltd,Medicare,38582.511052882495,Emergency,2019-08-19,Lipitor,Normal,2,2019,8
36,Female,O+,Cancer,2022-05-04,Katie Fletcher,Sanchez-Wilson,Medicare,20433.960807313364,Urgent,2022-05-20,Ibuprofen,Abnormal,16,2022,5
50,Female,B+,Cancer,2022-09-16,Paula Murray,"Patterson and Hall, Kidd",Medicare,49095.70925651611,Emergency,2022-10-09,Penicillin,Normal,23,2022,9
26,Female,O-,Diabetes,2021-09-18,Bradley Smith,"Mitchell Sanders, and Beasley",UnitedHealthcare,43000.47063041603,Urgent,2021-09-19,Penicillin,Abnormal,1,2021,9
63,Female,A+,Cancer,2023-12-02,Brandi Houston,"Palmer and Fisher Baker,",UnitedHealthcare,21496.358611241543,Urgent,2023-12-31,Paracetamol,Inconclusive,29,2023,12
41,Female,A+,Arthritis,2020-06-21,Roberta Carter,"and Morris Davis, Soto",UnitedHealthcare,46057.541668598686,Emergency,2020-06-27,Paracetamol,Abnormal,6,2020,6
74,Female,AB-,Asthma,2022-09-24,Stephanie Williams,"May Shepherd, and Mathis",UnitedHealthcare,44808.09218670391,Emergency,2022-09-30,Aspirin,Normal,6,2022,9
81,Female,B-,Asthma,2022-04-22,John Macdonald,Ltd Page,UnitedHealthcare,37516.095805748286,Elective,2022-05-04,Lipitor,Normal,12,2022,4
28,Female,O+,Diabetes,2020-08-01,William Matthews,"and Schneider, Scott Jackson",UnitedHealthcare,8385.12188087917,Emergency,2020-08-04,Aspirin,Inconclusive,3,2020,8
48,Female,B-,Arthritis,2023-08-21,Andrea Campbell,Ltd Reed,Aetna,14003.261151275245,Emergency,2023-08-22,Lipitor,Normal,1,2023,8
26,Male,O-,Cancer,2022-09-28,James Clark,Inc Brewer,Blue Cross,30935.637029400725,Elective,2022-10-26,Penicillin,Inconclusive,28,2022,9
73,Male,A+,Arthritis,2023-05-12,Sandra Brooks,"Ramos Anderson and Sanchez,",Medicare,32270.62286959773,Urgent,2023-06-11,Ibuprofen,Normal,30,2023,5
77,Female,AB-,Asthma,2022-08-07,Jose Bautista,Pollard-Burton,Cigna,24282.463251441928,Emergency,2022-09-06,Lipitor,Normal,30,2022,8
19,Male,B+,Cancer,2021-08-08,Mrs. Stephanie Galvan MD,Davis-Ingram,Blue Cross,14098.320661733314,Emergency,2021-09-03,Ibuprofen,Normal,26,2021,8
22,Male,AB+,Obesity,2022-08-04,Brian Drake,"and Allen Conley Rhodes,",Medicare,10749.765037617706,Elective,2022-08-19,Penicillin,Inconclusive,15,2022,8
60,Male,A+,Cancer,2020-09-13,Joseph Grant,Nunez-Lyons,Blue Cross,15749.661624124195,Elective,2020-10-10,Aspirin,Inconclusive,27,2020,9
71,Female,O-,Obesity,2022-10-24,Sandra Murray,Gilmore-Washington,Aetna,30359.815406167923,Emergency,2022-11-02,Ibuprofen,Inconclusive,9,2022,10
37,Male,A-,Hypertension,2021-03-25,Caitlin Wyatt,"Schwartz, and Hansen Kim",Blue Cross,13284.49049360872,Elective,2021-04-23,Lipitor,Abnormal,29,2021,3
22,Female,O+,Obesity,2019-08-29,Doris Allen,"Palmer Barnes and Turner,",Cigna,32235.035307031365,Urgent,2019-09-18,Paracetamol,Normal,20,2019,8
39,Female,B-,Diabetes,2020-12-19,Jamie West,"Walker, Smith and Aguilar",Blue Cross,33520.73954017559,Urgent,2020-12-25,Ibuprofen,Normal,6,2020,12
73,Female,A-,Arthritis,2020-05-22,Bradley Byrd,"Lee and Miranda, Watson",Medicare,32401.70163191514,Urgent,2020-06-10,Aspirin,Abnormal,19,2020,5
76,Male,B+,Diabetes,2022-05-08,Christina Estrada,"Delacruz Ruiz, Haynes and",Cigna,19730.63986222146,Emergency,2022-05-28,Ibuprofen,Abnormal,20,2022,5
44,Male,AB-,Asthma,2020-07-22,Susan Wade,"Sims and Vazquez, Wilson",UnitedHealthcare,37056.30667105333,Emergency,2020-08-03,Lipitor,Normal,12,2020,7
53,Female,AB-,Arthritis,2022-12-15,John Johns,PLC Moore,Medicare,50234.24444740672,Elective,2022-12-27,Penicillin,Abnormal,12,2022,12
41,Male,O+,Hypertension,2020-11-03,Kathryn Jackson,"and Farley Ball, Myers",Aetna,48431.4265855811,Urgent,2020-11-22,Aspirin,Abnormal,19,2020,11
45,Female,B+,Cancer,2020-04-09,Adam Velez,Walter-Holmes,Cigna,18170.903933821934,Urgent,2020-04-17,Lipitor,Normal,8,2020,4
22,Male,AB+,Obesity,2020-01-19,Tiffany Jennings,"Morrow and Bauer Oconnor,",UnitedHealthcare,35517.27045317345,Emergency,2020-02-05,Penicillin,Normal,17,2020,1
57,Female,O+,Hypertension,2022-12-04,John Mathis,PLC Harrison,Aetna,21695.8860784774,Elective,2022-12-21,Penicillin,Inconclusive,17,2022,12
25,Female,A+,Hypertension,2022-11-29,Daniel Peters,PLC Marshall,Cigna,3745.4487733641545,Elective,2022-12-22,Aspirin,Inconclusive,23,2022,11
69,Male,O-,Asthma,2024-03-08,Benjamin Mcconnell,Williams-Cruz,Blue Cross,35617.810490672855,Emergency,2024-04-05,Ibuprofen,Inconclusive,28,2024,3
55,Male,B-,Asthma,2019-10-26,Savannah Harrell,Castro-Pierce,Cigna,8687.89289713587,Emergency,2019-11-18,Paracetamol,Normal,23,2019,10
40,Male,B-,Arthritis,2023-07-08,Rebecca Evans,Walker-Maxwell,UnitedHealthcare,13683.95480198837,Emergency,2023-07-16,Ibuprofen,Abnormal,8,2023,7
55,Female,A-,Obesity,2019-12-03,Brittany Dixon,"Wilkinson Stark Smith, and",UnitedHealthcare,39882.58455476778,Elective,2019-12-05,Ibuprofen,Abnormal,2,2019,12
40,Male,A+,Cancer,2020-02-07,Glenda Alexander,"Dean Webster and Gibson,",UnitedHealthcare,47717.14304550376,Elective,2020-02-11,Lipitor,Abnormal,4,2020,2
36,Female,AB+,Diabetes,2020-03-06,Bradley Knight,Colon-Mckenzie,Cigna,44923.18712316905,Urgent,2020-03-07,Lipitor,Inconclusive,1,2020,3
18,Female,O+,Cancer,2023-07-30,Jennifer Bailey,Garcia Sons and,Medicare,21898.95823765953,Urgent,2023-08-01,Lipitor,Normal,2,2023,7
34,Female,AB+,Diabetes,2024-01-05,Teresa Wood,Decker-Cardenas,Blue Cross,3588.9338772806445,Elective,2024-01-28,Ibuprofen,Normal,23,2024,1
27,Male,B+,Cancer,2021-03-20,Colleen Jimenez,"Martinez Garrison and Kim,",Cigna,46059.93356621316,Elective,2021-04-05,Aspirin,Inconclusive,16,2021,3
58,Male,O+,Cancer,2020-10-12,Zachary Cuevas,"Torres, Parker Gibson and",Medicare,41369.92106447701,Emergency,2020-11-03,Aspirin,Normal,22,2020,10
76,Female,O+,Asthma,2021-05-19,Catherine Nelson,James-Simon,Blue Cross,4005.696713383964,Emergency,2021-05-24,Aspirin,Inconclusive,5,2021,5
30,Female,B+,Arthritis,2022-04-09,Rose Meyers,King LLC,Blue Cross,10684.932947874588,Urgent,2022-04-21,Penicillin,Normal,12,2022,4
21,Male,AB-,Diabetes,2019-08-02,David Taylor,Jacobson Ltd,Cigna,42439.43968272669,Urgent,2019-08-21,Ibuprofen,Inconclusive,19,2019,8
24,Female,AB-,Obesity,2023-03-24,Dr. Steven Vasquez,"Galvan, Moore Alexander and",Medicare,27225.24725691185,Elective,2023-04-22,Penicillin,Normal,29,2023,3
51,Male,A+,Arthritis,2022-02-09,Amy Brown,Mitchell-Murphy,Blue Cross,9596.094113438792,Emergency,2022-03-01,Lipitor,Normal,20,2022,2
36,Female,B-,Obesity,2024-03-26,Amy Davenport,Campbell-Bridges,Cigna,49611.45591884031,Elective,2024-04-18,Aspirin,Inconclusive,23,2024,3
18,Male,B-,Cancer,2023-05-05,Hannah Gray,Wilson-Mcconnell,Cigna,34849.850081753866,Urgent,2023-05-11,Paracetamol,Inconclusive,6,2023,5
35,Male,AB+,Hypertension,2023-09-09,Miss Sharon Martinez,PLC Lopez,Aetna,1880.905195565062,Emergency,2023-10-07,Lipitor,Inconclusive,28,2023,9
45,Female,AB-,Arthritis,2022-01-14,Alison Joyce,Smith-Roberts,UnitedHealthcare,32764.46810650687,Elective,2022-02-04,Paracetamol,Normal,21,2022,1
84,Female,B-,Hypertension,2023-12-20,Lisa Colon,"and Watkins, Shaw Nguyen",UnitedHealthcare,10715.509041859104,Emergency,2023-12-26,Ibuprofen,Abnormal,6,2023,12
67,Female,O+,Diabetes,2022-01-12,Jeffrey Bruce,Group Harris,Medicare,48094.25120520994,Elective,2022-02-08,Penicillin,Normal,27,2022,1
85,Female,O+,Diabetes,2021-03-10,Dennis French,Bass-Hunt,Aetna,1248.8403615893203,Urgent,2021-03-23,Aspirin,Inconclusive,13,2021,3
40,Female,A+,Hypertension,2022-01-27,James Mcguire,Inc Frazier,Cigna,18329.658600203224,Urgent,2022-02-23,Lipitor,Inconclusive,27,2022,1
31,Male,A+,Arthritis,2023-12-03,Kari Foster,"Martin Olson, and Johnson",Medicare,33310.60730488675,Elective,2023-12-24,Lipitor,Abnormal,21,2023,12
31,Female,AB-,Asthma,2019-07-14,Michelle Torres,"and Jones Phillips Garner,",Cigna,43655.03005252799,Emergency,2019-08-04,Lipitor,Abnormal,21,2019,7
67,Male,AB+,Cancer,2019-05-21,Amy Palmer,"Campbell, Thomas Irwin and",Blue Cross,17107.738437556054,Elective,2019-05-25,Ibuprofen,Inconclusive,4,2019,5
46,Female,A+,Diabetes,2020-02-27,Krystal Lindsey,"Obrien and Snyder, Rodriguez",Aetna,45441.792945891895,Urgent,2020-03-10,Paracetamol,Abnormal,12,2020,2
37,Female,AB-,Diabetes,2023-09-15,Kim Miller,Jones LLC,Medicare,32521.057620464453,Elective,2023-10-03,Paracetamol,Abnormal,18,2023,9
46,Male,AB+,Cancer,2021-01-23,Hannah Wright,Ali-Adams,Cigna,48015.58132683087,Urgent,2021-02-03,Lipitor,Normal,11,2021,1
75,Male,B+,Diabetes,2020-07-10,Sean Garcia,Alvarez-Zamora,Cigna,17938.892308272225,Elective,2020-08-01,Ibuprofen,Inconclusive,22,2020,7
80,Female,O-,Arthritis,2022-01-09,Jeffrey Miller,"Tran Ruiz Sexton, and",Aetna,39646.020515453136,Emergency,2022-01-24,Lipitor,Normal,15,2022,1
28,Male,AB-,Hypertension,2021-07-25,Abigail Williams,"Martin, and Robinson Graham",UnitedHealthcare,36671.40274757111,Elective,2021-07-28,Aspirin,Inconclusive,3,2021,7
50,Male,A-,Obesity,2021-02-15,Heidi Juarez,Ltd Phillips,Cigna,34777.94301780897,Elective,2021-03-01,Penicillin,Inconclusive,14,2021,2
70,Male,A-,Cancer,2019-12-01,Tiffany Moore,Group Cook,Aetna,19551.83245327729,Emergency,2019-12-30,Lipitor,Inconclusive,29,2019,12
78,Male,AB+,Arthritis,2021-07-04,David Gross,Bridges-Lynch,Medicare,7241.307500390221,Emergency,2021-07-25,Ibuprofen,Normal,21,2021,7
64,Male,AB+,Hypertension,2023-06-22,Darlene Shaw,"Miles Williams Kaufman, and",UnitedHealthcare,21834.314835221136,Elective,2023-07-19,Paracetamol,Inconclusive,27,2023,6
27,Female,AB-,Cancer,2020-02-06,Kevin Jones,Banks-Smith,UnitedHealthcare,40213.1568055079,Urgent,2020-02-11,Paracetamol,Inconclusive,5,2020,2
34,Male,B-,Cancer,2021-02-19,Brian Davis,LLC Ross,Cigna,35156.93719984682,Elective,2021-03-02,Paracetamol,Inconclusive,11,2021,2
29,Male,AB+,Arthritis,2020-02-21,Travis Ross,Castro-Moore,Blue Cross,46996.4044539761,Emergency,2020-03-08,Lipitor,Abnormal,16,2020,2
69,Female,O-,Obesity,2024-03-26,Jerry Jimenez,"and Lewis Thomas Carter,",UnitedHealthcare,5957.18911753006,Emergency,2024-04-03,Paracetamol,Normal,8,2024,3
48,Male,AB+,Obesity,2021-09-24,Tracy Wells,Brown LLC,Blue Cross,25092.552062679417,Elective,2021-10-18,Aspirin,Abnormal,24,2021,9
37,Male,AB-,Diabetes,2023-12-10,Elizabeth Carter,"Fritz Gonzalez, Rodgers and",Medicare,36334.23009523959,Urgent,2023-12-25,Lipitor,Normal,15,2023,12
50,Male,B-,Diabetes,2021-05-21,Michele Haynes,Moon Inc,UnitedHealthcare,5297.672890361505,Elective,2021-05-31,Lipitor,Normal,10,2021,5
21,Male,B-,Arthritis,2019-08-27,Tyler Weiss,Myers-Ryan,Cigna,31006.67244483677,Elective,2019-09-07,Ibuprofen,Normal,11,2019,8
69,Male,AB+,Arthritis,2022-08-06,Lisa Rodriguez,"Austin and Lowery, Robinson",Cigna,13470.031788032436,Urgent,2022-08-20,Paracetamol,Abnormal,14,2022,8
30,Male,B-,Diabetes,2023-01-21,Alejandra Ruiz,Hill-Velez,Cigna,13362.755913980502,Elective,2023-01-22,Penicillin,Normal,1,2023,1
66,Female,O-,Cancer,2020-09-14,Jessica Brown,"Hayden, Zamora Riley and",Blue Cross,40326.85854374522,Emergency,2020-09-30,Paracetamol,Inconclusive,16,2020,9
67,Female,A+,Diabetes,2019-11-29,Ronald Smith,"Graham Williams, Brooks and",Aetna,20310.43278461634,Emergency,2019-12-10,Lipitor,Normal,11,2019,11
29,Male,AB+,Obesity,2023-02-03,Barry Walker,Hogan-Ho,UnitedHealthcare,34260.47030334892,Elective,2023-02-25,Aspirin,Normal,22,2023,2
26,Female,B-,Diabetes,2020-09-18,Morgan Smith,"Gray, and Carr Martin",Medicare,37349.14913179594,Emergency,2020-09-25,Ibuprofen,Inconclusive,7,2020,9
42,Male,O+,Cancer,2021-08-01,Yvonne Hernandez,Harris-Dominguez,Medicare,25962.975198953525,Urgent,2021-08-26,Lipitor,Normal,25,2021,8
19,Female,B+,Hypertension,2021-10-18,John Gregory,"Haynes and Navarro, Jackson",Aetna,17896.81985764865,Emergency,2021-10-24,Aspirin,Normal,6,2021,10
40,Female,AB+,Cancer,2022-04-26,Eduardo Valenzuela,Inc Leonard,Cigna,9431.11681524033,Emergency,2022-05-10,Ibuprofen,Normal,14,2022,4
81,Female,O-,Cancer,2021-07-20,Thomas Riley,Jones-Griffin,Cigna,8626.78793800395,Emergency,2021-08-02,Ibuprofen,Normal,13,2021,7
72,Female,AB+,Arthritis,2019-11-08,Adam Parker,Harris-Melendez,UnitedHealthcare,15558.254003924094,Urgent,2019-11-18,Ibuprofen,Inconclusive,10,2019,11
26,Female,O+,Arthritis,2023-06-10,Matthew Wallace,"Morgan Thomas, Baker and",Blue Cross,31631.4597301076,Emergency,2023-06-26,Lipitor,Abnormal,16,2023,6
41,Male,O+,Obesity,2023-08-12,Mark Brown,Clark-Stewart,Cigna,39909.89585832291,Urgent,2023-09-01,Penicillin,Abnormal,20,2023,8
45,Male,B+,Arthritis,2022-02-28,Lisa Garcia,Group Gonzalez,Medicare,41520.58942993949,Elective,2022-03-03,Aspirin,Abnormal,3,2022,2
38,Male,B+,Diabetes,2022-03-22,Willie Smith,Bell-Kelly,UnitedHealthcare,24313.962472688443,Urgent,2022-04-18,Ibuprofen,Normal,27,2022,3
76,Male,B+,Cancer,2020-03-30,Juan Robertson,Sons and Hernandez,Aetna,5699.873665669172,Elective,2020-04-14,Ibuprofen,Normal,15,2020,3
29,Female,O+,Cancer,2023-01-14,Mary Mckay,"Hernandez Anderson Owens, and",Aetna,40108.82927333265,Elective,2023-02-12,Paracetamol,Normal,29,2023,1
81,Female,O-,Arthritis,2023-06-21,Tamara Miles,"Avila Washington, Burton and",Blue Cross,36156.671337586464,Emergency,2023-07-09,Penicillin,Inconclusive,18,2023,6
41,Male,O+,Cancer,2020-04-11,Brianna Tucker,Ltd Martinez,Medicare,34723.99223857219,Elective,2020-05-07,Aspirin,Normal,26,2020,4
75,Female,A+,Hypertension,2019-08-21,Brent Nguyen,Romero-Murphy,UnitedHealthcare,4468.6422623501285,Urgent,2019-09-14,Penicillin,Abnormal,24,2019,8
38,Female,A+,Hypertension,2021-10-27,Terry Lopez MD,Clark-Weber,UnitedHealthcare,21783.74437708672,Urgent,2021-11-20,Paracetamol,Inconclusive,24,2021,10
46,Female,A+,Cancer,2019-11-27,Kenneth Richardson,"Kane and Sandoval, Hall",Blue Cross,49587.46825489623,Elective,2019-12-18,Penicillin,Normal,21,2019,11
22,Male,AB+,Hypertension,2022-03-29,Krystal Brown,Johnson PLC,Blue Cross,33625.45541446556,Elective,2022-04-23,Paracetamol,Inconclusive,25,2022,3
72,Female,A-,Asthma,2023-03-20,George Santiago,and Sons Richardson,UnitedHealthcare,47237.6915143215,Elective,2023-04-09,Ibuprofen,Inconclusive,20,2023,3
66,Male,AB+,Diabetes,2020-06-27,Richard Smith,"and White Malone Crawford,",Aetna,31212.568265871185,Emergency,2020-06-29,Penicillin,Normal,2,2020,6
75,Female,O-,Asthma,2023-06-26,Gary Jones,"Smith, and Davis Warner",UnitedHealthcare,36848.83053723462,Elective,2023-06-29,Paracetamol,Inconclusive,3,2023,6
79,Male,B+,Cancer,2021-07-26,Rachel House,Ltd Herring,UnitedHealthcare,6575.942917074628,Emergency,2021-08-02,Paracetamol,Normal,7,2021,7
65,Female,AB+,Obesity,2022-10-17,Kristi Jones,Burton-Davenport,Cigna,21914.03177865377,Emergency,2022-11-09,Ibuprofen,Abnormal,23,2022,10
49,Male,O+,Diabetes,2022-06-28,Austin Thompson,Dickerson-Gordon,Medicare,36144.21380881523,Urgent,2022-07-10,Aspirin,Abnormal,12,2022,6
85,Male,A+,Asthma,2023-07-02,Theresa Harris,Rowe-Hayden,UnitedHealthcare,11651.077759948876,Emergency,2023-07-15,Aspirin,Inconclusive,13,2023,7
49,Male,AB+,Obesity,2022-08-19,Laura Luna,Inc Lopez,Aetna,10272.096166128144,Urgent,2022-08-22,Aspirin,Normal,3,2022,8
55,Male,O-,Asthma,2020-02-21,Walter Leon,Group Gonzales,Blue Cross,31411.96989275317,Emergency,2020-03-16,Penicillin,Inconclusive,24,2020,2
48,Female,B-,Hypertension,2019-07-04,Terrence James,LLC Woods,Medicare,26112.28451534983,Elective,2019-08-03,Aspirin,Normal,30,2019,7
50,Female,B-,Asthma,2022-06-13,Stacy Rodriguez,Valenzuela Group,Blue Cross,50420.518329819526,Urgent,2022-06-20,Penicillin,Abnormal,7,2022,6
20,Female,A-,Hypertension,2024-03-15,Kyle Valdez,"Kelley, Harris and Welch",UnitedHealthcare,5623.413068913845,Urgent,2024-03-30,Ibuprofen,Normal,15,2024,3
38,Female,A-,Cancer,2022-09-03,Jack Hicks,"Taylor Morales, and Stewart",Aetna,31737.546853994896,Elective,2022-09-18,Aspirin,Normal,15,2022,9
35,Male,A-,Arthritis,2022-09-19,Eric Maddox,Inc Jones,Cigna,26063.444971516317,Emergency,2022-10-01,Aspirin,Inconclusive,12,2022,9
81,Male,A-,Obesity,2020-12-19,Joshua Moran,Moore LLC,UnitedHealthcare,15453.667115151173,Emergency,2021-01-10,Aspirin,Normal,22,2020,12
40,Male,O-,Hypertension,2022-04-11,Diana Morales,Barton-Phillips,Cigna,37592.94985013412,Elective,2022-04-26,Aspirin,Normal,15,2022,4
49,Female,O+,Asthma,2022-05-04,Terri Baker,"Watkins, and Young Perry",Medicare,41838.22082511615,Elective,2022-05-18,Aspirin,Inconclusive,14,2022,5
49,Male,O+,Arthritis,2020-03-24,Edward Garza,Group Morales,Aetna,37613.32309820021,Elective,2020-04-06,Aspirin,Inconclusive,13,2020,3
27,Female,AB+,Asthma,2020-05-16,Patricia Wilson,LLC Ramirez,Aetna,32697.19440751636,Emergency,2020-05-25,Lipitor,Inconclusive,9,2020,5
81,Male,A+,Cancer,2020-12-03,John Butler,"and Boyer Boone, Nelson",Medicare,44697.09637658084,Elective,2020-12-22,Lipitor,Normal,19,2020,12
63,Male,B-,Obesity,2019-06-08,Jennifer Sullivan,Hunter-Kelly,Cigna,32273.127189899824,Emergency,2019-06-30,Ibuprofen,Abnormal,22,2019,6
21,Male,O+,Arthritis,2020-08-26,Charles Bishop,"and Alvarez, Choi Jackson",UnitedHealthcare,9230.71903845287,Elective,2020-08-29,Penicillin,Inconclusive,3,2020,8
50,Male,O+,Hypertension,2023-08-09,Brenda Munoz,LLC Martin,UnitedHealthcare,24688.314654304708,Emergency,2023-08-27,Aspirin,Normal,18,2023,8
49,Male,B+,Arthritis,2022-05-01,Eugene Cabrera,"Strong and Bell, Ortiz",Cigna,13330.265767251643,Elective,2022-05-20,Paracetamol,Inconclusive,19,2022,5
56,Female,A+,Obesity,2020-04-06,Rachel Parrish,Thornton Inc,Aetna,30313.16370677249,Emergency,2020-04-24,Lipitor,Abnormal,18,2020,4
30,Male,B+,Hypertension,2020-08-06,Laura Harmon,Martinez-Gentry,Cigna,34142.18563381994,Urgent,2020-08-24,Penicillin,Abnormal,18,2020,8
37,Male,AB+,Hypertension,2020-07-24,Tracy Shelton,Sons and Dunn,Blue Cross,28625.233060864062,Elective,2020-08-12,Paracetamol,Abnormal,19,2020,7
29,Male,B-,Asthma,2024-04-01,Robert Harmon,Wright-Orr,UnitedHealthcare,40782.4448729369,Urgent,2024-04-08,Penicillin,Normal,7,2024,4
29,Male,B-,Obesity,2020-12-31,Chad Nolan,Sons and Ramos,Blue Cross,11439.83009905566,Urgent,2021-01-02,Aspirin,Inconclusive,2,2020,12
31,Female,AB+,Diabetes,2019-07-11,Adrienne Stevens,Cruz-Smith,UnitedHealthcare,32503.301786416363,Elective,2019-08-06,Ibuprofen,Normal,26,2019,7
66,Male,B+,Arthritis,2019-12-31,Carrie Hernandez,Inc Wyatt,Aetna,27812.66857684129,Elective,2020-01-28,Penicillin,Inconclusive,28,2019,12
44,Male,A+,Obesity,2023-04-10,Kim Castillo,Knight-Rhodes,Medicare,16142.98216220306,Urgent,2023-04-16,Penicillin,Normal,6,2023,4
54,Male,O+,Asthma,2020-10-18,Regina Ramirez,"Jackson Contreras and Byrd,",UnitedHealthcare,16958.2274116245,Elective,2020-10-28,Penicillin,Abnormal,10,2020,10
56,Female,A+,Hypertension,2022-03-01,Scott Burton,Group Stein,Blue Cross,3925.841507475624,Urgent,2022-03-23,Penicillin,Normal,22,2022,3
64,Female,O+,Cancer,2021-03-09,John Allen,Nunez-Hamilton,Cigna,40446.09173896364,Elective,2021-04-06,Penicillin,Normal,28,2021,3
43,Female,A-,Diabetes,2019-05-10,Andrea Browning,"Adams Odonnell and Cook,",Cigna,34444.12005662962,Elective,2019-06-08,Ibuprofen,Abnormal,29,2019,5
23,Male,B+,Hypertension,2020-02-11,Randy Robinson,"Price Duarte and Ferguson,",Aetna,36600.13636543605,Elective,2020-02-23,Paracetamol,Normal,12,2020,2
65,Male,A-,Arthritis,2023-07-03,Zoe Avery,"Parker and Walter Cook,",Blue Cross,15229.69207657348,Emergency,2023-07-12,Ibuprofen,Inconclusive,9,2023,7
45,Male,A+,Diabetes,2023-06-16,John Taylor,Group Sandoval,Blue Cross,9367.016638575513,Elective,2023-07-14,Paracetamol,Abnormal,28,2023,6
21,Male,AB+,Hypertension,2022-06-29,Loretta Davis,and Parks Sons,Cigna,40721.4600929639,Urgent,2022-07-11,Aspirin,Abnormal,12,2022,6
55,Male,O+,Cancer,2022-04-22,Adam Torres DDS,"and Rodriguez Anderson, Kennedy",Blue Cross,6812.166784830738,Elective,2022-04-24,Aspirin,Normal,2,2022,4
38,Male,AB-,Asthma,2019-06-20,Stephanie Harrison,"Morgan, Levy and Mitchell",Medicare,40744.69476145244,Urgent,2019-07-17,Paracetamol,Normal,27,2019,6
36,Male,A-,Asthma,2020-07-27,Michelle Cruz,"Ellis and Thompson Nunez,",Aetna,12582.58270315802,Emergency,2020-08-26,Lipitor,Abnormal,30,2020,7
56,Female,AB+,Diabetes,2019-06-03,Joan Valenzuela,and Sons Lindsey,Aetna,48414.66202748474,Urgent,2019-07-01,Penicillin,Abnormal,28,2019,6
20,Male,B+,Diabetes,2021-10-09,Jason Elliott,"Martin, Porter Perry and",Blue Cross,34340.81878027249,Elective,2021-10-23,Paracetamol,Abnormal,14,2021,10
23,Male,B-,Cancer,2022-07-07,Michael Anderson,LLC Sullivan,Cigna,39109.31581829967,Emergency,2022-08-04,Paracetamol,Abnormal,28,2022,7
21,Male,O+,Cancer,2019-09-09,Joshua Anderson,Lindsey Ltd,UnitedHealthcare,2888.497883508273,Elective,2019-09-25,Penicillin,Abnormal,16,2019,9
41,Female,A-,Obesity,2022-09-11,Natalie Banks,Nolan-Kelley,Blue Cross,45259.84573179113,Urgent,2022-09-16,Aspirin,Abnormal,5,2022,9
51,Male,O+,Hypertension,2020-02-03,Blake Orr,"and Watkins, Benson Wilson",Blue Cross,5036.919529604187,Elective,2020-02-21,Penicillin,Inconclusive,18,2020,2
48,Female,B-,Diabetes,2019-09-22,Edgar Ryan,"Murray, Guzman and James",UnitedHealthcare,46052.96503154647,Emergency,2019-09-29,Lipitor,Inconclusive,7,2019,9
28,Female,B-,Hypertension,2020-10-28,Stephanie Vazquez,Robinson-Stevens,Blue Cross,18808.6153000172,Emergency,2020-11-16,Penicillin,Inconclusive,19,2020,10
56,Female,AB-,Cancer,2022-06-02,Tina Young,PLC Williams,Blue Cross,45359.24075575972,Elective,2022-06-26,Ibuprofen,Inconclusive,24,2022,6
31,Male,B+,Asthma,2023-04-17,Kristin Gilbert,Moore-Fields,UnitedHealthcare,12506.452574973551,Urgent,2023-05-11,Aspirin,Inconclusive,24,2023,4
71,Male,AB-,Arthritis,2023-04-04,Brenda Davis,"Martin Curry, Jordan and",Blue Cross,46561.99026294923,Emergency,2023-04-09,Paracetamol,Inconclusive,5,2023,4
83,Male,B+,Cancer,2021-02-04,Felicia Khan,Johnson-Zamora,Medicare,12987.184238269028,Elective,2021-02-16,Lipitor,Inconclusive,12,2021,2
19,Female,A+,Cancer,2022-02-20,Keith Henry,Sons and Heath,Medicare,40052.41320806875,Emergency,2022-03-01,Paracetamol,Normal,9,2022,2
41,Male,A+,Cancer,2020-12-22,David Duran,Clark-Everett,Medicare,45739.36109141742,Elective,2020-12-27,Paracetamol,Inconclusive,5,2020,12
57,Male,A+,Obesity,2021-07-11,Aaron Moore,Hall LLC,UnitedHealthcare,19081.96180092369,Urgent,2021-08-01,Aspirin,Abnormal,21,2021,7
83,Female,AB+,Asthma,2022-04-08,Faith Hughes,Gutierrez PLC,Cigna,42062.26303990952,Emergency,2022-04-24,Penicillin,Normal,16,2022,4
85,Female,O-,Cancer,2023-09-24,Lori Gordon,Alvarez-Miranda,Cigna,18948.663471489697,Elective,2023-10-11,Aspirin,Normal,17,2023,9
58,Female,B-,Asthma,2022-11-27,Michael Harvey,"Clark and Cuevas, Davis",Aetna,36000.70234005796,Elective,2022-12-18,Paracetamol,Abnormal,21,2022,11
70,Male,A-,Diabetes,2021-01-01,Nicholas Vaughn,Mcbride-Park,Blue Cross,22673.14869403134,Urgent,2021-01-27,Penicillin,Normal,26,2021,1
28,Male,A-,Asthma,2020-02-26,Robert Garcia,Singh-Turner,Aetna,15688.36399396238,Elective,2020-03-16,Penicillin,Abnormal,19,2020,2
39,Female,B-,Obesity,2021-10-18,Cynthia Rhodes,"and Williamson Cunningham, Anderson",Cigna,19229.517572936777,Elective,2021-10-23,Lipitor,Abnormal,5,2021,10
42,Male,O-,Hypertension,2022-01-12,Marc Williams,"Miller, Nicholson Ortega and",Aetna,30297.640465531626,Urgent,2022-01-29,Ibuprofen,Abnormal,17,2022,1
69,Female,AB+,Diabetes,2020-08-06,Cameron Tanner,"Moran, Henderson and Dalton",Medicare,43674.7668531647,Urgent,2020-09-05,Aspirin,Normal,30,2020,8
49,Male,B+,Cancer,2023-10-24,Kristen Bautista,"Ho, and Crawford Fitzpatrick",Aetna,43312.51719336938,Elective,2023-10-27,Lipitor,Inconclusive,3,2023,10
75,Female,O-,Asthma,2020-03-21,Jeffrey Harris,"and James Watts Herman,",Cigna,16937.37548372591,Elective,2020-04-05,Ibuprofen,Abnormal,15,2020,3
27,Female,B+,Diabetes,2023-12-24,Brandon Brown,Wolf-Hernandez,Cigna,5597.817699077209,Emergency,2024-01-19,Ibuprofen,Inconclusive,26,2023,12
51,Male,A+,Asthma,2020-10-30,Terry Mejia,"Richard and Williams, Robles",Aetna,14424.2393735,Emergency,2020-11-13,Paracetamol,Normal,14,2020,10
75,Female,B+,Diabetes,2023-12-21,Ronald Snyder,"Brooks, Perry and Lawrence",Medicare,45136.51648697735,Emergency,2024-01-04,Paracetamol,Inconclusive,14,2023,12
23,Male,A+,Asthma,2020-08-08,Matthew Calderon,Nguyen-Walters,Blue Cross,29162.672442443723,Urgent,2020-08-11,Aspirin,Normal,3,2020,8
26,Female,AB-,Cancer,2022-05-17,Allison Jackson,"Ward and Christensen, Russell",UnitedHealthcare,8308.03281184374,Emergency,2022-06-10,Penicillin,Inconclusive,24,2022,5
22,Female,B-,Hypertension,2020-04-09,Nichole Carney,Moore Sons and,Aetna,7183.800751649248,Urgent,2020-04-25,Penicillin,Inconclusive,16,2020,4
54,Male,B+,Cancer,2022-01-08,Dustin Wilson,"Hardy and Ramsey, Patel",Blue Cross,25478.57836196149,Urgent,2022-01-27,Aspirin,Inconclusive,19,2022,1
44,Female,AB-,Hypertension,2020-04-30,Ana Williams,Murray PLC,Medicare,18558.86295414912,Urgent,2020-05-14,Lipitor,Inconclusive,14,2020,4
35,Male,O+,Hypertension,2020-12-07,Brittany Horton,Cuevas-Juarez,Medicare,41317.64480299747,Elective,2020-12-23,Lipitor,Inconclusive,16,2020,12
36,Female,O+,Hypertension,2024-04-12,Joshua Evans,Duffy-Brown,Blue Cross,26779.5633417991,Urgent,2024-05-08,Penicillin,Normal,26,2024,4
26,Male,AB-,Cancer,2021-08-04,Jamie Miller,"Wallace and Rosario, Moore",Blue Cross,23643.83151706418,Urgent,2021-08-26,Lipitor,Abnormal,22,2021,8
73,Female,AB+,Diabetes,2023-04-17,Timothy Stewart,Jones-Humphrey,Medicare,39451.94963085866,Elective,2023-05-11,Penicillin,Normal,24,2023,4
28,Male,O-,Diabetes,2023-06-27,Mallory Freeman,"Barker, Moody and Johnson",UnitedHealthcare,9401.724287806674,Emergency,2023-07-04,Penicillin,Abnormal,7,2023,6
20,Male,AB+,Cancer,2020-04-26,Tiffany Simmons,"and Adkins Woods, Lowery",Blue Cross,23441.079033378657,Emergency,2020-05-21,Aspirin,Abnormal,25,2020,4
83,Male,A+,Hypertension,2024-02-26,Rodney Manning,Keller LLC,Medicare,41421.66465459896,Elective,2024-03-09,Lipitor,Abnormal,12,2024,2
24,Male,AB+,Asthma,2020-03-20,Ronald Lutz,Group Rodriguez,Blue Cross,41789.64558659127,Emergency,2020-03-28,Ibuprofen,Abnormal,8,2020,3
75,Female,A+,Asthma,2020-09-05,Tyler Morales,Khan-Frye,Medicare,5684.91358243369,Urgent,2020-09-12,Paracetamol,Inconclusive,7,2020,9
51,Female,AB-,Arthritis,2023-05-11,David Pierce,Gray-Sanchez,Cigna,46301.54238839412,Urgent,2023-05-21,Penicillin,Inconclusive,10,2023,5
81,Male,B-,Asthma,2021-03-16,George Smith,Hunt-Anderson,Blue Cross,25661.87282420776,Emergency,2021-04-08,Lipitor,Abnormal,23,2021,3
24,Female,A+,Cancer,2021-06-15,Emily Harper,Willis-Gomez,Aetna,13146.88820722558,Elective,2021-07-05,Paracetamol,Abnormal,20,2021,6
63,Female,B+,Asthma,2020-09-29,Lacey Hunter,"and Friedman, Nichols Lewis",UnitedHealthcare,37838.47589504047,Elective,2020-10-17,Ibuprofen,Abnormal,18,2020,9
80,Male,A+,Hypertension,2020-02-10,Thomas Hill,Inc Green,Cigna,31802.72980869837,Elective,2020-02-29,Paracetamol,Abnormal,19,2020,2
63,Female,AB-,Obesity,2020-07-08,Sean Thompson,Vasquez-Smith,Medicare,10686.165342384526,Elective,2020-07-12,Aspirin,Normal,4,2020,7
74,Female,A+,Diabetes,2019-10-12,Taylor Bradley,Rogers-Moore,Medicare,32083.72205036637,Emergency,2019-11-11,Paracetamol,Inconclusive,30,2019,10
66,Female,AB-,Diabetes,2020-03-24,Kimberly Harrison,Aguilar-Hill,Blue Cross,47819.38620596655,Urgent,2020-04-22,Lipitor,Normal,29,2020,3
70,Male,O+,Diabetes,2020-06-17,Connie Thompson,Thompson-Brown,Aetna,8042.787488775444,Emergency,2020-07-07,Paracetamol,Normal,20,2020,6
46,Female,O+,Arthritis,2022-02-28,Mariah Boyer,Webster-Walters,Blue Cross,46812.79373533116,Elective,2022-03-26,Paracetamol,Inconclusive,26,2022,2
50,Female,B-,Arthritis,2023-04-23,Jesus Smith,"Byrd, Morris and Riddle",UnitedHealthcare,37801.94282441467,Elective,2023-05-15,Lipitor,Abnormal,22,2023,4
19,Male,O+,Arthritis,2022-06-24,Sean Curry,"and Zuniga Thompson, Blake",UnitedHealthcare,22067.428762874097,Elective,2022-06-25,Lipitor,Normal,1,2022,6
65,Female,O+,Diabetes,2024-04-15,Bryan Jones,Roth-Perry,Blue Cross,30034.66995217977,Emergency,2024-04-19,Ibuprofen,Inconclusive,4,2024,4
77,Female,AB-,Hypertension,2021-01-30,Laura Hodges,Boyd-Clark,Blue Cross,32241.19906639916,Urgent,2021-02-06,Penicillin,Inconclusive,7,2021,1
71,Female,A+,Cancer,2022-12-04,Joshua Kelly,"and Fernandez, Morales Jensen",Cigna,11166.057947306206,Elective,2022-12-25,Ibuprofen,Abnormal,21,2022,12
54,Female,O-,Diabetes,2023-08-14,Matthew Manning,Ruiz-Roman,Cigna,14440.573974954568,Elective,2023-09-09,Paracetamol,Inconclusive,26,2023,8
28,Female,O-,Obesity,2019-07-25,Kimberly Lane DVM,Mcpherson-Gibbs,Cigna,41369.786905723086,Urgent,2019-08-21,Paracetamol,Normal,27,2019,7
83,Male,O-,Cancer,2020-03-19,Kathleen Strong,Winters-Powers,Medicare,24815.507257410427,Emergency,2020-04-18,Aspirin,Abnormal,30,2020,3
39,Female,B+,Hypertension,2022-10-11,Mark Simmons,LLC Jones,Blue Cross,39256.88892523212,Elective,2022-10-30,Penicillin,Normal,19,2022,10
44,Male,AB-,Diabetes,2023-09-07,Jose Smith,Sons Wilson and,Aetna,13105.077240717656,Elective,2023-09-30,Lipitor,Normal,23,2023,9
29,Male,A+,Cancer,2021-03-23,Mrs. Jasmine Wood,LLC Myers,UnitedHealthcare,2284.4918541136863,Urgent,2021-04-01,Paracetamol,Normal,9,2021,3
44,Male,A-,Cancer,2021-08-30,Linda Henry,PLC Grant,UnitedHealthcare,48786.6435623719,Elective,2021-09-16,Lipitor,Inconclusive,17,2021,8
76,Female,A-,Cancer,2023-07-26,Leslie Hines,"and Figueroa Robinson, Casey",Medicare,31948.26948770598,Urgent,2023-08-14,Paracetamol,Abnormal,19,2023,7
51,Male,AB+,Asthma,2023-09-24,Melissa Lee,Manning-Compton,Blue Cross,10110.917673520413,Emergency,2023-10-01,Aspirin,Abnormal,7,2023,9
43,Female,A-,Obesity,2022-10-01,Leah Simmons,"and Davis Blankenship Mcdowell,",Medicare,38082.47457089561,Emergency,2022-10-12,Lipitor,Inconclusive,11,2022,10
62,Male,B-,Hypertension,2020-08-09,Dr. Ian Bentley,"and Schmidt Schultz, Smith",Blue Cross,43211.66619891581,Emergency,2020-08-24,Ibuprofen,Inconclusive,15,2020,8
83,Female,AB+,Asthma,2022-04-07,John Burch,Anderson-Warner,Medicare,2625.1922694283035,Emergency,2022-04-25,Lipitor,Inconclusive,18,2022,4
34,Female,A+,Diabetes,2020-01-09,Sherry Turner,"and Massey May Lopez,",UnitedHealthcare,25707.185727347733,Emergency,2020-01-18,Lipitor,Inconclusive,9,2020,1
57,Male,B+,Obesity,2023-11-14,Donald Sherman,PLC Thomas,Cigna,7040.685785238185,Urgent,2023-11-18,Aspirin,Abnormal,4,2023,11
55,Female,AB+,Asthma,2022-04-25,Kevin Ruiz,Knight-Hayes,Medicare,35465.81311139029,Urgent,2022-05-11,Ibuprofen,Normal,16,2022,4
70,Male,B-,Arthritis,2023-12-03,Scott Contreras,Novak-Gutierrez,UnitedHealthcare,30796.30627893416,Elective,2023-12-11,Penicillin,Abnormal,8,2023,12
42,Female,B-,Hypertension,2020-06-14,Lauren Watson,"and Perez Phillips Brown,",Blue Cross,20557.54923621604,Elective,2020-06-24,Lipitor,Inconclusive,10,2020,6
65,Female,A-,Hypertension,2024-04-23,Kelsey Davis,Osborn-Park,Aetna,39524.10862498509,Emergency,2024-05-15,Lipitor,Normal,22,2024,4
27,Female,A+,Hypertension,2023-02-24,Marc Davidson,Crawford PLC,Cigna,49309.411259225264,Emergency,2023-03-18,Paracetamol,Inconclusive,22,2023,2
52,Female,AB-,Arthritis,2022-04-05,Dawn Russell,"Fisher Alvarado, and Wright",UnitedHealthcare,13969.270012315654,Emergency,2022-04-12,Ibuprofen,Normal,7,2022,4
45,Female,O-,Hypertension,2021-04-14,Jennifer Espinoza,"Dean and Mitchell, Jordan",Blue Cross,10588.036062934209,Elective,2021-05-03,Penicillin,Abnormal,19,2021,4
80,Female,AB+,Cancer,2022-08-13,Spencer Gallagher,Willis LLC,Medicare,24830.57721939121,Emergency,2022-08-27,Ibuprofen,Inconclusive,14,2022,8
24,Male,A-,Cancer,2023-02-25,Jeremiah Hughes,"and Willis Nunez, Le",Cigna,28875.678730779346,Elective,2023-03-25,Paracetamol,Normal,28,2023,2
19,Female,O-,Hypertension,2022-09-14,Sarah Salazar,Miller Group,Aetna,48620.61310188891,Elective,2022-09-16,Lipitor,Inconclusive,2,2022,9
23,Male,B+,Cancer,2021-09-21,Desiree Wright,"Yoder Washington and Williams,",Blue Cross,11259.084506580868,Urgent,2021-10-01,Ibuprofen,Abnormal,10,2021,9
74,Female,AB+,Hypertension,2020-12-25,Sarah Mason,Moore Inc,Blue Cross,31382.68219356264,Urgent,2020-12-31,Aspirin,Normal,6,2020,12
62,Female,AB+,Asthma,2019-11-11,Joshua Long,Werner-Medina,Aetna,39953.41183745008,Elective,2019-12-02,Penicillin,Abnormal,21,2019,11
69,Female,AB+,Cancer,2020-03-18,Rebecca Thompson,Miller-Sullivan,Aetna,17845.845649956824,Emergency,2020-04-05,Penicillin,Abnormal,18,2020,3
66,Male,O+,Diabetes,2021-11-21,Nicole Brown,Sons Miller and,Aetna,35163.94553948844,Elective,2021-12-04,Ibuprofen,Abnormal,13,2021,11
27,Female,A-,Asthma,2022-03-15,Richard Shaw,Moore-Brown,Cigna,17523.59132711801,Emergency,2022-04-02,Paracetamol,Abnormal,18,2022,3
65,Male,O-,Asthma,2021-05-02,Jay Hernandez,Thomas-Jones,Medicare,30459.37912898981,Urgent,2021-05-24,Aspirin,Normal,22,2021,5
35,Female,AB-,Cancer,2021-11-27,Kimberly Nielsen,Jones-Rodriguez,Aetna,5194.439300982812,Urgent,2021-12-27,Ibuprofen,Normal,30,2021,11
63,Male,A-,Arthritis,2022-09-04,Brittany Macias,Smith-Wilson,Blue Cross,36015.9187620955,Emergency,2022-09-27,Ibuprofen,Abnormal,23,2022,9
39,Female,B-,Diabetes,2020-05-13,Michael Baker,"Brown Callahan and Perkins,",UnitedHealthcare,3163.6513463462134,Emergency,2020-06-01,Ibuprofen,Abnormal,19,2020,5
83,Female,A-,Hypertension,2022-03-29,Misty Spencer,Sons Mason and,Cigna,46838.7968134777,Elective,2022-04-13,Ibuprofen,Normal,15,2022,3
44,Male,AB-,Arthritis,2023-04-28,John Johnson,Ltd Cervantes,Aetna,47603.33202270517,Emergency,2023-05-15,Aspirin,Normal,17,2023,4
33,Male,A-,Asthma,2021-08-29,Michael Strickland,LLC Howard,Blue Cross,19828.202760812976,Emergency,2021-09-05,Lipitor,Abnormal,7,2021,8
82,Female,AB+,Arthritis,2020-12-05,Michael Smith,"Finley Long and Juarez,",Cigna,15431.708873380469,Emergency,2020-12-06,Ibuprofen,Inconclusive,1,2020,12
71,Male,AB-,Hypertension,2020-12-24,Jennifer Gibson,Lynch Inc,Aetna,15644.578162601176,Elective,2021-01-10,Lipitor,Inconclusive,17,2020,12
72,Male,O-,Hypertension,2021-01-18,Kathryn Rojas PhD,Black-Sandoval,UnitedHealthcare,15845.313207601808,Elective,2021-01-27,Penicillin,Abnormal,9,2021,1
26,Female,O+,Hypertension,2022-03-04,Darryl Weiss,Zamora and Sons,Aetna,3340.794460192448,Emergency,2022-03-09,Lipitor,Inconclusive,5,2022,3
20,Male,A-,Diabetes,2020-11-28,Jennifer Daniel,Sons and Roth,Aetna,22282.585626520315,Emergency,2020-12-12,Lipitor,Abnormal,14,2020,11
74,Male,AB-,Obesity,2023-05-31,Sean Gill,Hart-Stone,Blue Cross,45021.08133125609,Urgent,2023-06-29,Lipitor,Inconclusive,29,2023,5
30,Female,O-,Hypertension,2021-06-14,Amanda Perez,PLC Hall,Medicare,18980.10063173482,Elective,2021-07-04,Penicillin,Abnormal,20,2021,6
75,Female,AB+,Cancer,2022-12-14,Joann Hunter,"Griffin Williams, Harding and",Aetna,19406.35821831565,Urgent,2022-12-20,Ibuprofen,Inconclusive,6,2022,12
85,Female,B+,Obesity,2022-06-15,Colleen Wilkins,Hall Inc,Cigna,4384.882202312079,Elective,2022-06-28,Aspirin,Abnormal,13,2022,6
68,Female,B-,Diabetes,2023-12-08,Angel Jones,Bradley-Gonzalez,Medicare,45545.1403045383,Urgent,2024-01-07,Ibuprofen,Inconclusive,30,2023,12
85,Female,AB+,Obesity,2024-03-16,Angela Anderson,May PLC,Aetna,18450.120716414312,Emergency,2024-04-03,Lipitor,Normal,18,2024,3
78,Male,A+,Hypertension,2022-08-01,Tammy Hudson,and Sons Mahoney,Cigna,21354.634028536333,Elective,2022-08-09,Lipitor,Normal,8,2022,8
31,Female,A-,Asthma,2021-11-23,Sarah Hahn,Cox-Smith,Blue Cross,23602.76560677793,Urgent,2021-12-06,Aspirin,Normal,13,2021,11
43,Female,B-,Hypertension,2022-06-13,David Small,"and King Sanchez, Lee",Medicare,42329.42434890671,Urgent,2022-07-04,Ibuprofen,Normal,21,2022,6
77,Female,B+,Diabetes,2020-01-27,Nichole Lopez,Johnson Inc,Cigna,12207.316207268694,Elective,2020-02-13,Ibuprofen,Inconclusive,17,2020,1
78,Male,B-,Obesity,2020-06-08,Patricia Smith,"Ramirez, Torres Brown and",Blue Cross,6934.019459764394,Emergency,2020-06-28,Paracetamol,Abnormal,20,2020,6
37,Male,A+,Obesity,2023-01-03,Lisa Phillips,Walker-Smith,Medicare,39348.47990307078,Urgent,2023-01-30,Paracetamol,Inconclusive,27,2023,1
18,Male,A-,Diabetes,2023-05-31,Anna Brown,"Peters, and Williams Cox",Aetna,39370.14792366127,Emergency,2023-06-30,Ibuprofen,Normal,30,2023,5
30,Female,O+,Cancer,2019-12-03,Brandy Sawyer,"Nelson Cisneros Stark, and",Medicare,33210.7585389212,Urgent,2019-12-27,Aspirin,Normal,24,2019,12
76,Female,A+,Hypertension,2020-09-27,David Elliott,Ford-Goodwin,Cigna,48263.391430971074,Emergency,2020-10-20,Lipitor,Inconclusive,23,2020,9
83,Male,A-,Hypertension,2019-07-25,Steven Dawson,Jones LLC,Blue Cross,1456.261860529578,Emergency,2019-08-13,Aspirin,Abnormal,19,2019,7
28,Female,B-,Asthma,2020-04-29,Michael Hernandez,Lester LLC,Medicare,9727.285984827644,Elective,2020-05-11,Aspirin,Abnormal,12,2020,4
73,Female,O+,Asthma,2022-08-19,William Brown,"Bell Henry, Russell and",Blue Cross,34947.94285547829,Urgent,2022-08-20,Lipitor,Abnormal,1,2022,8
66,Female,B+,Arthritis,2021-06-01,Heather Townsend,"Ramos Rodgers, Cannon and",Blue Cross,33767.0768590033,Urgent,2021-06-21,Penicillin,Normal,20,2021,6
35,Female,O+,Arthritis,2024-04-03,Beth Alexander,"Bennett, Pierce and Davis",Medicare,17811.555997985062,Urgent,2024-04-15,Paracetamol,Inconclusive,12,2024,4
27,Female,AB-,Asthma,2022-03-10,Paige Miller,"Williamson and Marshall, Brown",Cigna,40624.1519676608,Urgent,2022-03-17,Aspirin,Normal,7,2022,3
73,Female,A+,Diabetes,2022-10-16,William Turner,"Smith, Roberts and Morris",Cigna,20484.08461378141,Elective,2022-11-12,Lipitor,Normal,27,2022,10
37,Male,B-,Arthritis,2024-01-09,Larry Marquez,Inc Delgado,UnitedHealthcare,10864.649473013273,Emergency,2024-01-20,Paracetamol,Abnormal,11,2024,1
63,Male,B+,Obesity,2020-03-06,Charles Keller,"Aguirre Turner, Reed and",UnitedHealthcare,17197.143349978174,Emergency,2020-03-23,Aspirin,Inconclusive,17,2020,3
30,Female,O-,Arthritis,2019-08-11,Zachary Gilmore,Ltd Brown,Medicare,17602.65579486987,Elective,2019-09-10,Lipitor,Abnormal,30,2019,8
69,Male,B+,Diabetes,2020-04-20,Robert Meyers,Pearson-Gibson,Aetna,33723.78823774595,Emergency,2020-05-19,Ibuprofen,Normal,29,2020,4
58,Male,B-,Obesity,2021-01-10,Amy Mooney,Tran PLC,Aetna,17092.837732522672,Urgent,2021-01-14,Penicillin,Inconclusive,4,2021,1
62,Female,A-,Arthritis,2023-11-12,Kevin Wu,PLC Rich,Blue Cross,26675.42811758201,Emergency,2023-11-20,Lipitor,Normal,8,2023,11
19,Female,A+,Obesity,2022-08-06,Alyssa Blankenship,Cruz Inc,Blue Cross,45303.280058541466,Emergency,2022-08-07,Ibuprofen,Inconclusive,1,2022,8
72,Female,AB+,Obesity,2019-08-14,Catherine Howell,and Zimmerman Sons,Cigna,32706.652624865623,Elective,2019-08-16,Ibuprofen,Abnormal,2,2019,8
57,Female,B+,Arthritis,2023-05-02,Andrew Smith,Riggs-Harris,Medicare,9231.605020801067,Urgent,2023-05-23,Paracetamol,Normal,21,2023,5
63,Male,O-,Hypertension,2020-12-17,James Carr,Anderson Inc,Blue Cross,6980.376105436522,Urgent,2021-01-14,Ibuprofen,Inconclusive,28,2020,12
72,Male,B+,Obesity,2023-07-31,Ronald Barber,Gonzales-Hubbard,Aetna,41083.41735223039,Elective,2023-08-04,Ibuprofen,Inconclusive,4,2023,7
62,Female,O-,Obesity,2019-06-26,Michele Franco,Group Clark,Cigna,10038.552561095055,Elective,2019-07-08,Penicillin,Abnormal,12,2019,6
44,Female,O+,Asthma,2021-03-29,Chad Campbell,Schmidt-Simmons,Cigna,3419.169850282003,Emergency,2021-04-12,Ibuprofen,Abnormal,14,2021,3
24,Female,AB+,Arthritis,2022-02-03,David Brock,Jenkins-Bowers,Blue Cross,29289.56970894171,Emergency,2022-02-27,Paracetamol,Abnormal,24,2022,2
50,Female,B+,Diabetes,2021-09-16,Christopher Mcknight,LLC Thornton,UnitedHealthcare,51006.506783535566,Urgent,2021-10-15,Lipitor,Normal,29,2021,9
60,Male,O-,Obesity,2019-05-19,Mr. Daniel Richard,Avery-Alvarez,Blue Cross,4527.055879475055,Emergency,2019-05-23,Paracetamol,Abnormal,4,2019,5
83,Female,B+,Cancer,2020-03-05,Ana Cooper,Franklin-Johnson,Aetna,16511.403059405176,Urgent,2020-03-27,Lipitor,Inconclusive,22,2020,3
52,Female,AB-,Asthma,2021-04-21,Kaitlyn Carr,"Cobb and Haley, Peterson",Medicare,40012.80214699641,Elective,2021-05-01,Penicillin,Abnormal,10,2021,4
77,Female,AB-,Arthritis,2022-08-31,Mr. Johnathan Washington,Lee-Hudson,Blue Cross,34782.362363217886,Elective,2022-09-08,Ibuprofen,Abnormal,8,2022,8
81,Male,B+,Cancer,2023-05-25,George Hogan,Young and Sons,Blue Cross,6380.179135779601,Emergency,2023-05-28,Aspirin,Inconclusive,3,2023,5
71,Male,B-,Obesity,2023-02-22,Christine Gill,Fields Group,Blue Cross,24812.485911598727,Emergency,2023-02-28,Ibuprofen,Inconclusive,6,2023,2
34,Female,AB-,Obesity,2020-04-29,Christopher Garrison,Lee Ltd,Cigna,7679.944333253989,Urgent,2020-05-17,Paracetamol,Abnormal,18,2020,4
32,Male,O-,Obesity,2020-06-08,Cynthia Davis,Hill-Watts,Blue Cross,43624.51239588962,Elective,2020-06-25,Ibuprofen,Inconclusive,17,2020,6
55,Male,A-,Arthritis,2021-03-12,Andre Hernandez,"and Smith, Johnson Lamb",Cigna,34146.993723672385,Urgent,2021-03-26,Lipitor,Abnormal,14,2021,3
84,Female,A-,Asthma,2023-08-26,Amy Osborn,Sparks-Hanson,UnitedHealthcare,16255.679737010038,Urgent,2023-09-15,Penicillin,Abnormal,20,2023,8
27,Male,B-,Hypertension,2021-03-27,Emily Harris,Gutierrez Inc,Blue Cross,4604.452116760003,Urgent,2021-04-08,Lipitor,Normal,12,2021,3
20,Female,AB-,Asthma,2020-12-13,Daniel Wong,"and Mathis, Garcia Bell",Aetna,12132.82769828141,Elective,2020-12-18,Penicillin,Abnormal,5,2020,12
66,Male,A-,Obesity,2020-06-24,Jane Davis,"Escobar, and Ward Lawson",Medicare,20763.57831328376,Urgent,2020-07-01,Lipitor,Inconclusive,7,2020,6
48,Female,A+,Cancer,2022-08-02,Derrick Arnold,Moreno-Lam,UnitedHealthcare,17823.12426002735,Emergency,2022-08-26,Aspirin,Inconclusive,24,2022,8
43,Male,O+,Obesity,2020-01-29,Heather Lee,LLC Anderson,Medicare,39598.87193012808,Elective,2020-02-11,Lipitor,Abnormal,13,2020,1
56,Female,A+,Diabetes,2022-08-24,Lisa Peters,Cochran-Sutton,UnitedHealthcare,33115.81554988177,Elective,2022-09-03,Ibuprofen,Inconclusive,10,2022,8
33,Male,B+,Hypertension,2021-06-19,Amanda Perry,"Rogers, Kennedy and Adams",Medicare,37993.46185999082,Emergency,2021-06-23,Lipitor,Inconclusive,4,2021,6
76,Male,A-,Cancer,2020-03-21,Kayla Leblanc,Reed LLC,Aetna,51082.323867716,Urgent,2020-04-19,Penicillin,Inconclusive,29,2020,3
40,Female,A-,Obesity,2022-06-27,John Ferguson,"Brown, Lopez and Stokes",Aetna,31764.76313691662,Emergency,2022-07-16,Paracetamol,Normal,19,2022,6
57,Male,AB-,Asthma,2021-02-11,Alexis Morris,LLC Calhoun,Medicare,48255.75824492044,Emergency,2021-02-18,Paracetamol,Normal,7,2021,2
51,Male,O+,Hypertension,2021-07-18,Brent Alexander,"Brown Martin, Bradford and",Aetna,13584.913978398152,Emergency,2021-07-24,Paracetamol,Inconclusive,6,2021,7
51,Male,AB+,Diabetes,2022-07-15,Gabrielle Conway,"Bailey, Chandler Knight and",Cigna,2723.315980492257,Emergency,2022-08-13,Ibuprofen,Normal,29,2022,7
41,Male,AB+,Cancer,2023-08-31,Marcia Braun,"Sutton, and Arroyo Ware",Aetna,32971.70606449794,Urgent,2023-09-04,Penicillin,Inconclusive,4,2023,8
85,Female,O-,Diabetes,2019-11-04,Patrick Green,"Jackson, Griffith and Conner",Medicare,15819.884422136409,Emergency,2019-11-12,Penicillin,Normal,8,2019,11
65,Female,AB+,Arthritis,2022-08-10,Yvette Thompson,Wright-Bowman,Medicare,17218.978835471506,Urgent,2022-09-06,Lipitor,Normal,27,2022,8
58,Male,O-,Cancer,2022-02-13,David Saunders,Inc Salazar,Medicare,4525.701981845132,Emergency,2022-02-17,Penicillin,Abnormal,4,2022,2
63,Male,A+,Cancer,2019-12-05,Melinda Lopez,"Gonzalez, and Glenn Greene",Cigna,16292.747706788454,Urgent,2019-12-30,Penicillin,Inconclusive,25,2019,12
26,Male,O+,Cancer,2023-12-31,Kevin Shaw,"Brown, and Foster Gordon",Medicare,21587.305679625104,Elective,2024-01-05,Lipitor,Abnormal,5,2023,12
55,Female,AB+,Arthritis,2020-05-22,Mary Rose,Bishop-Williams,Aetna,27371.566626463773,Urgent,2020-06-05,Aspirin,Inconclusive,14,2020,5
55,Male,O+,Asthma,2020-01-08,Aaron Ryan,Hamilton-Dudley,Blue Cross,19523.853571694846,Elective,2020-02-04,Ibuprofen,Inconclusive,27,2020,1
79,Female,A+,Cancer,2019-06-21,Deborah Austin,Clark-Flores,Blue Cross,43228.9071584993,Urgent,2019-07-19,Paracetamol,Abnormal,28,2019,6
44,Male,AB-,Asthma,2023-08-04,Mark Mason,"Hansen, Mendez and Smith",Blue Cross,12500.447840390578,Urgent,2023-08-23,Aspirin,Abnormal,19,2023,8
58,Female,A-,Arthritis,2019-10-26,Lee Graham,Thompson PLC,Aetna,9880.13064785553,Emergency,2019-10-27,Aspirin,Inconclusive,1,2019,10
82,Male,O+,Hypertension,2020-05-25,Veronica Green,Robinson-Johnson,UnitedHealthcare,28506.457765731284,Urgent,2020-06-08,Lipitor,Abnormal,14,2020,5
58,Female,B-,Arthritis,2022-06-28,Tammy Steele,"and Howell Mendoza, Williams",Aetna,40271.88807140451,Emergency,2022-07-06,Aspirin,Inconclusive,8,2022,6
47,Female,B+,Diabetes,2021-10-07,Sean Fernandez,Ltd Jones,Medicare,26489.573558170385,Emergency,2021-11-06,Ibuprofen,Normal,30,2021,10
67,Male,O-,Diabetes,2023-04-07,David West,"Perez, and Meyer Summers",UnitedHealthcare,49214.06590543714,Elective,2023-04-29,Paracetamol,Normal,22,2023,4
50,Female,O+,Diabetes,2023-08-17,Anthony Kim,Group Long,Blue Cross,16481.854229553028,Urgent,2023-08-25,Paracetamol,Abnormal,8,2023,8
67,Male,A-,Diabetes,2021-10-29,Drew Blackwell,Rasmussen-Huynh,Blue Cross,20968.192457734065,Emergency,2021-11-02,Lipitor,Normal,4,2021,10
57,Male,B+,Asthma,2021-02-23,Dr. Karen Smith,Gonzalez PLC,UnitedHealthcare,10714.5613393964,Emergency,2021-03-23,Penicillin,Abnormal,28,2021,2
40,Male,A+,Obesity,2019-06-30,Allen Lee,"Malone Gonzalez, and Ramos",Aetna,10389.024112421872,Emergency,2019-07-15,Lipitor,Abnormal,15,2019,6
62,Female,A+,Hypertension,2020-09-05,Jordan Grant,Figueroa-Reyes,UnitedHealthcare,8308.148622225313,Elective,2020-09-10,Lipitor,Inconclusive,5,2020,9
31,Male,O-,Hypertension,2019-06-11,Dawn Harper,"Edwards Conway and Carey,",Cigna,33930.33994867763,Urgent,2019-07-01,Penicillin,Abnormal,20,2019,6
52,Female,O+,Obesity,2020-03-11,Desiree Rojas,Wilson-Lewis,Blue Cross,3855.3325367879306,Emergency,2020-03-19,Paracetamol,Normal,8,2020,3
37,Male,AB-,Arthritis,2020-08-07,Jasmine Todd,"Watts Weaver Knight, and",Aetna,6672.5886098172605,Emergency,2020-08-21,Ibuprofen,Abnormal,14,2020,8
79,Male,A-,Hypertension,2021-08-31,Mr. Jesse Howard MD,Group Cline,Aetna,13957.674651367084,Urgent,2021-09-05,Aspirin,Inconclusive,5,2021,8
84,Female,A-,Cancer,2020-07-06,Diane Morgan,PLC Johnson,Aetna,43581.57198025424,Urgent,2020-08-01,Paracetamol,Inconclusive,26,2020,7
52,Female,AB-,Obesity,2020-05-22,David Costa,Washington-Carter,UnitedHealthcare,9951.63009929675,Emergency,2020-06-08,Paracetamol,Abnormal,17,2020,5
30,Male,AB+,Hypertension,2021-10-05,Jacob Nguyen,"Conner Owen, Newton and",Medicare,50833.691327318935,Emergency,2021-10-06,Penicillin,Normal,1,2021,10
19,Male,AB+,Asthma,2023-11-24,Justin Rivers,Johnson Inc,Blue Cross,12147.892471435758,Elective,2023-12-17,Paracetamol,Abnormal,23,2023,11
29,Male,AB+,Diabetes,2022-10-18,Katelyn Diaz,"Robbins Gonzalez, Anderson and",Cigna,3419.520562193696,Urgent,2022-10-23,Ibuprofen,Abnormal,5,2022,10
37,Male,AB+,Asthma,2019-06-15,Kathryn Kent,Turner-Curtis,Cigna,12373.750861438764,Urgent,2019-06-29,Penicillin,Inconclusive,14,2019,6
47,Female,AB-,Arthritis,2024-03-02,Matthew Shannon,Weber-Browning,UnitedHealthcare,17380.22789759103,Urgent,2024-03-27,Ibuprofen,Abnormal,25,2024,3
53,Male,B-,Asthma,2023-11-21,Colleen Sanders,Burton-Duncan,Cigna,16110.45647512114,Emergency,2023-12-07,Penicillin,Normal,16,2023,11
73,Female,O+,Asthma,2020-05-22,Donald Cooley,Vance-Hunter,UnitedHealthcare,5991.115915237318,Urgent,2020-06-07,Ibuprofen,Normal,16,2020,5
32,Female,A+,Cancer,2024-02-01,Rebecca Bennett,Zhang Inc,Medicare,40986.48420907616,Urgent,2024-02-13,Aspirin,Normal,12,2024,2
30,Male,O-,Arthritis,2024-01-10,Bruce Keller,Lane Ltd,Medicare,40819.10384481369,Emergency,2024-01-13,Aspirin,Normal,3,2024,1
60,Female,B+,Cancer,2023-10-08,Sherri Frazier,Ortiz-Franklin,Aetna,37864.05945333628,Elective,2023-11-06,Lipitor,Inconclusive,29,2023,10
58,Male,O+,Asthma,2020-02-17,Nancy Hudson,LLC Barnes,Cigna,37602.30848530974,Emergency,2020-03-12,Ibuprofen,Inconclusive,24,2020,2
34,Female,O+,Diabetes,2020-02-28,Robert Leonard,Guzman-Dunn,Cigna,40242.66358839352,Urgent,2020-03-06,Aspirin,Normal,7,2020,2
38,Female,O-,Arthritis,2023-11-29,Kenneth Ponce,Austin Group,UnitedHealthcare,44105.9660757501,Elective,2023-12-05,Lipitor,Normal,6,2023,11
60,Male,B-,Asthma,2021-08-02,Anna Keith,"and Pearson Mullins, Kennedy",Medicare,3458.650602936234,Emergency,2021-08-12,Lipitor,Abnormal,10,2021,8
85,Female,A+,Asthma,2022-01-19,Alice Adkins,Reilly-Taylor,Blue Cross,21424.858740981963,Elective,2022-01-23,Penicillin,Inconclusive,4,2022,1
22,Male,AB-,Arthritis,2021-02-18,Devin Marshall,LLC Daniels,Aetna,43879.06072252414,Urgent,2021-02-27,Lipitor,Abnormal,9,2021,2
29,Female,O+,Cancer,2023-05-07,Sara Butler,"Sullivan and Young Gonzalez,",Aetna,2176.118145963133,Emergency,2023-05-11,Ibuprofen,Inconclusive,4,2023,5
71,Female,O+,Hypertension,2023-10-23,Michael Morse,"Cook and Escobar Calhoun,",Aetna,27238.49227051148,Emergency,2023-11-05,Paracetamol,Abnormal,13,2023,10
45,Male,B+,Obesity,2021-04-25,Jeffrey Wood,"Jones Stone, Randolph and",Medicare,23188.92042963003,Elective,2021-05-09,Aspirin,Normal,14,2021,4
59,Male,B+,Cancer,2023-08-26,James Hamilton,Inc Hardy,UnitedHealthcare,45636.50302343821,Urgent,2023-09-20,Lipitor,Abnormal,25,2023,8
20,Male,B+,Asthma,2020-05-27,Brendan Park,"Ewing and Stout, Howard",Aetna,19826.930306063947,Urgent,2020-05-29,Ibuprofen,Normal,2,2020,5
70,Male,AB-,Hypertension,2019-09-12,Troy Blackburn Jr.,"Quinn Cole, Clay and",Medicare,42303.31514587058,Emergency,2019-10-07,Lipitor,Abnormal,25,2019,9
69,Male,O+,Arthritis,2023-10-08,Cindy Cooper,Guerrero LLC,Aetna,19205.65255125816,Elective,2023-10-17,Aspirin,Abnormal,9,2023,10
48,Female,B-,Asthma,2022-05-08,Melissa Holmes,Ashley Inc,Cigna,35230.31954410704,Urgent,2022-05-28,Paracetamol,Abnormal,20,2022,5
85,Male,B+,Asthma,2023-09-23,Lauren Rodriguez,"Gross Bell Cross, and",Medicare,33130.91510950404,Elective,2023-10-15,Ibuprofen,Abnormal,22,2023,9
32,Female,B-,Arthritis,2021-10-28,Alexander Lee,Patel-Robertson,Cigna,42288.99767056961,Urgent,2021-11-24,Penicillin,Normal,27,2021,10
84,Male,O+,Cancer,2023-04-20,Stephanie Lewis,Rodriguez-Carpenter,Blue Cross,18743.09032682054,Urgent,2023-05-12,Lipitor,Abnormal,22,2023,4
25,Male,B+,Cancer,2023-02-25,Adrian Olsen,Miller-White,Medicare,25102.90160854122,Urgent,2023-03-25,Aspirin,Abnormal,28,2023,2
63,Female,A-,Diabetes,2019-09-03,Karen Hurley,Jones-Bird,Medicare,13919.107431868635,Elective,2019-09-22,Ibuprofen,Abnormal,19,2019,9
78,Male,AB+,Cancer,2020-05-21,Kelly Wilson,Farmer-Rogers,Aetna,15646.432967141804,Elective,2020-06-02,Penicillin,Inconclusive,12,2020,5
76,Male,A-,Obesity,2024-02-27,Andrea Walsh,Black-Foster,Blue Cross,28079.03280889494,Urgent,2024-03-25,Lipitor,Normal,27,2024,2
57,Male,B-,Obesity,2024-03-25,Karen Green,"and May Douglas, Perry",UnitedHealthcare,45174.27227009051,Urgent,2024-04-08,Paracetamol,Inconclusive,14,2024,3
51,Female,AB-,Obesity,2021-11-11,Todd Colon,"White Norman and Williams,",UnitedHealthcare,27983.629497083894,Elective,2021-12-06,Lipitor,Normal,25,2021,11
40,Female,O+,Hypertension,2021-04-11,Collin Weiss,"and Martin Olson, Hurst",UnitedHealthcare,6202.930897562807,Urgent,2021-04-14,Lipitor,Abnormal,3,2021,4
26,Male,AB-,Arthritis,2024-02-13,Shelley Stevens,PLC Fisher,Medicare,12563.676539502643,Elective,2024-03-12,Ibuprofen,Normal,28,2024,2
34,Female,O+,Cancer,2021-12-29,Daniel Torres,Ware PLC,Medicare,20379.753709963654,Urgent,2022-01-13,Aspirin,Inconclusive,15,2021,12
76,Female,B+,Obesity,2023-02-02,Samantha Jackson,PLC Lopez,UnitedHealthcare,4021.421307456075,Urgent,2023-02-04,Ibuprofen,Inconclusive,2,2023,2
61,Male,B-,Asthma,2022-07-18,Micheal Stokes,"Foley, and Cruz Hernandez",Aetna,23439.019245178744,Emergency,2022-07-29,Aspirin,Normal,11,2022,7
57,Female,B-,Diabetes,2019-12-20,Vanessa Hoover,"Reyes and Gonzales Miller,",Cigna,44394.043011164096,Emergency,2020-01-05,Ibuprofen,Inconclusive,16,2019,12
84,Female,A+,Hypertension,2020-08-12,Susan Solomon,"Owens and Calderon Cannon,",Medicare,31180.133525539037,Emergency,2020-08-16,Ibuprofen,Normal,4,2020,8
41,Female,O-,Obesity,2019-07-03,Lisa Lee,Becker LLC,Cigna,22490.36993587074,Elective,2019-07-18,Aspirin,Normal,15,2019,7
83,Male,B+,Diabetes,2022-06-02,Timothy Benson,Bauer-King,UnitedHealthcare,40307.35456896069,Emergency,2022-06-05,Penicillin,Inconclusive,3,2022,6
65,Female,AB+,Hypertension,2023-02-18,Melissa Hansen,"Lewis Washington and Walker,",UnitedHealthcare,35096.87360956474,Urgent,2023-02-28,Lipitor,Inconclusive,10,2023,2
48,Male,AB-,Asthma,2023-02-08,Brian Todd,Jones-Williams,Aetna,43610.678856212384,Emergency,2023-03-05,Penicillin,Normal,25,2023,2
23,Male,AB-,Obesity,2023-09-11,Tina Johnson,and Sons Sherman,Aetna,18234.70179099559,Urgent,2023-09-17,Ibuprofen,Normal,6,2023,9
21,Female,O-,Cancer,2019-08-01,Grace Walker,Ford-Thomas,UnitedHealthcare,20795.20318546673,Elective,2019-08-24,Penicillin,Normal,23,2019,8
22,Male,A-,Cancer,2022-01-19,Melinda Thornton,"and Dominguez Williams Edwards,",Aetna,37428.60810438573,Urgent,2022-01-31,Ibuprofen,Abnormal,12,2022,1
83,Male,AB+,Obesity,2024-04-18,Joann Valenzuela,"King and Grant Hines,",Aetna,36598.97765075613,Elective,2024-05-08,Penicillin,Normal,20,2024,4
23,Female,AB-,Diabetes,2020-11-18,Bradley Dunn,Orozco Ltd,Medicare,4612.083062571266,Emergency,2020-12-02,Ibuprofen,Abnormal,14,2020,11
38,Female,A+,Arthritis,2023-08-14,Travis Barry,Powell-Scott,Aetna,40508.26353269029,Elective,2023-08-23,Paracetamol,Normal,9,2023,8
53,Male,A-,Arthritis,2022-12-30,Glenn Thomas,Newton LLC,Blue Cross,43673.03183492634,Emergency,2023-01-18,Paracetamol,Inconclusive,19,2022,12
69,Male,A+,Hypertension,2023-11-03,Mrs. Emma Johnson,Campos-Johnson,Medicare,37863.27674721207,Emergency,2023-11-29,Lipitor,Normal,26,2023,11
52,Male,AB-,Asthma,2021-06-04,Alexandra Garcia,Ltd Glass,Blue Cross,34806.8400695242,Elective,2021-06-28,Paracetamol,Abnormal,24,2021,6
42,Female,O-,Asthma,2019-06-15,David Tate,Lucas Group,Cigna,24201.500074234224,Urgent,2019-06-23,Aspirin,Normal,8,2019,6
45,Male,B-,Hypertension,2021-04-23,Melissa Miller,"Hernandez Wong Allen, and",UnitedHealthcare,35335.1803033744,Urgent,2021-05-11,Penicillin,Inconclusive,18,2021,4
56,Male,AB+,Arthritis,2022-10-24,Ian Carroll,Taylor-Flynn,UnitedHealthcare,37194.55127741156,Urgent,2022-11-03,Paracetamol,Normal,10,2022,10
43,Male,AB-,Cancer,2022-02-10,Jeffrey Hodges,"Robinson and Hoover Rhodes,",Cigna,16928.966212910796,Elective,2022-02-25,Aspirin,Abnormal,15,2022,2
75,Female,A-,Obesity,2020-01-04,Cody Jefferson,Group Mann,Blue Cross,12485.064450136822,Emergency,2020-01-18,Lipitor,Normal,14,2020,1
32,Female,B-,Arthritis,2021-03-30,Anthony Smith,Woods Ltd,Cigna,33422.96079707109,Emergency,2021-04-04,Aspirin,Abnormal,5,2021,3
20,Male,AB+,Obesity,2019-07-23,Deborah Jones,Duncan-Howell,Cigna,17678.361937504418,Elective,2019-07-29,Aspirin,Normal,6,2019,7
43,Female,B-,Diabetes,2019-11-11,Tina Perez,Oliver-Taylor,Aetna,30826.185868926,Urgent,2019-12-04,Paracetamol,Normal,23,2019,11
69,Male,A+,Asthma,2021-06-03,Diane Flores,"and Robertson Armstrong Pittman,",Medicare,11702.10657822898,Emergency,2021-06-21,Penicillin,Inconclusive,18,2021,6
47,Female,B+,Arthritis,2020-09-05,Rachel Simmons,"Parker, and Knapp Johnson",Cigna,34113.07838425183,Elective,2020-09-24,Penicillin,Abnormal,19,2020,9
60,Male,A-,Obesity,2023-12-28,Anthony Holmes,Johnson Inc,Blue Cross,32266.974214595648,Elective,2024-01-15,Ibuprofen,Normal,18,2023,12
48,Male,A-,Cancer,2024-03-24,John Guzman,Anderson-Silva,UnitedHealthcare,10231.160286518518,Urgent,2024-04-01,Penicillin,Normal,8,2024,3
43,Female,O+,Arthritis,2023-09-04,James Gilmore,"and Murray Greene Wolfe,",UnitedHealthcare,1262.9510008049951,Emergency,2023-09-08,Ibuprofen,Normal,4,2023,9
52,Male,AB+,Obesity,2020-12-11,Amy Daniels,Flowers-Mills,Medicare,2015.560013890025,Urgent,2020-12-24,Lipitor,Normal,13,2020,12
36,Male,O-,Hypertension,2023-06-17,Jacob Reid,PLC Harper,Cigna,12851.72347653218,Emergency,2023-07-11,Penicillin,Inconclusive,24,2023,6
81,Female,B-,Cancer,2023-09-25,Julie Morgan,Huff-Graham,Cigna,35592.96205716901,Elective,2023-09-26,Penicillin,Inconclusive,1,2023,9
73,Female,B+,Obesity,2023-11-18,Grace Henson,"Sullivan and Daniels Hart,",Medicare,19218.109627027174,Elective,2023-12-09,Aspirin,Inconclusive,21,2023,11
32,Female,B-,Asthma,2020-03-23,Edwin Terrell,"and Thompson Brock, Castro",Cigna,17983.816215610583,Urgent,2020-03-24,Aspirin,Inconclusive,1,2020,3
38,Female,A-,Obesity,2022-05-03,Angela Ortega,Craig Inc,UnitedHealthcare,29576.607604386634,Elective,2022-05-09,Lipitor,Normal,6,2022,5
66,Female,AB-,Obesity,2021-12-26,Joshua Ayers,"Burke, Evans Martinez and",UnitedHealthcare,37145.73338589414,Urgent,2022-01-14,Penicillin,Abnormal,19,2021,12
68,Female,A+,Cancer,2020-04-14,Amanda Gutierrez,Ramirez-Cruz,Cigna,8558.02187366608,Emergency,2020-04-25,Ibuprofen,Abnormal,11,2020,4
44,Female,A+,Cancer,2020-11-17,Lori Fields,Inc Douglas,UnitedHealthcare,25925.804985070543,Elective,2020-12-05,Ibuprofen,Inconclusive,18,2020,11
69,Female,A+,Asthma,2022-09-07,Janet Carter,"Rodriguez, and Fischer Young",Cigna,22858.815215159088,Elective,2022-09-22,Aspirin,Inconclusive,15,2022,9
76,Female,B+,Obesity,2020-07-18,Sarah Jennings,Robertson-Richards,Cigna,28222.728924578823,Urgent,2020-08-08,Penicillin,Normal,21,2020,7
18,Female,A+,Arthritis,2023-04-27,Dylan Gray,Allen-Cowan,UnitedHealthcare,41859.308950545295,Elective,2023-05-03,Lipitor,Abnormal,6,2023,4
83,Female,AB-,Arthritis,2022-06-27,Caitlin Leon DDS,Hernandez-Morales,Blue Cross,44228.49058883286,Urgent,2022-07-21,Aspirin,Abnormal,24,2022,6
21,Male,B-,Hypertension,2023-10-03,Ruth Griffith,Gillespie-Scott,UnitedHealthcare,16679.494005049582,Emergency,2023-10-07,Paracetamol,Inconclusive,4,2023,10
56,Female,B+,Asthma,2022-08-18,Christine Short,"Mcmahon, Smith and Crawford",Blue Cross,21736.17082396589,Elective,2022-08-23,Aspirin,Inconclusive,5,2022,8
67,Male,B+,Hypertension,2020-02-10,Megan Hall,Garcia Inc,Medicare,49139.084748586654,Emergency,2020-02-28,Lipitor,Normal,18,2020,2
56,Female,AB+,Hypertension,2020-11-24,Eileen Delgado,"Morris Lewis, and Fletcher",Cigna,19410.964441424472,Elective,2020-12-04,Ibuprofen,Normal,10,2020,11
66,Female,B+,Cancer,2023-04-02,Peter Graham,Myers-Robertson,Aetna,1060.7304999383489,Emergency,2023-05-01,Paracetamol,Abnormal,29,2023,4
60,Male,B+,Cancer,2021-12-24,Randall Golden,"and Leon Cooper, Smith",Aetna,44864.13366217436,Emergency,2022-01-21,Aspirin,Abnormal,28,2021,12
42,Female,A-,Cancer,2022-08-01,Joy Wiley,Sanchez LLC,Medicare,31662.4662160144,Emergency,2022-08-08,Ibuprofen,Normal,7,2022,8
83,Male,B+,Obesity,2019-08-09,Paul Bowman,Reed-Henry,Aetna,7215.482127790709,Elective,2019-08-18,Penicillin,Abnormal,9,2019,8
66,Male,B-,Obesity,2021-07-21,Patricia Rodriguez,Bradley-Glover,Medicare,13505.235754036928,Elective,2021-08-05,Aspirin,Inconclusive,15,2021,7
50,Male,O+,Cancer,2021-08-05,Andrew Wade,"Pitts and Wheeler, Crawford",Blue Cross,43676.83442740547,Emergency,2021-08-25,Paracetamol,Inconclusive,20,2021,8
63,Male,B-,Hypertension,2021-02-28,Christopher Combs,"and Lindsey Smith, Gay",Medicare,31131.40571132695,Emergency,2021-03-08,Lipitor,Normal,8,2021,2
36,Female,AB-,Cancer,2020-11-08,Pamela Vega,"Clark Medina, and Taylor",UnitedHealthcare,36996.46299316968,Urgent,2020-11-26,Paracetamol,Normal,18,2020,11
42,Male,B+,Obesity,2021-08-22,Elizabeth Davis,"Smith Pugh and Lambert,",Medicare,1673.5936449903566,Urgent,2021-08-28,Paracetamol,Abnormal,6,2021,8
80,Male,B-,Diabetes,2023-02-03,Michael Herrera,Gray-Yoder,Medicare,49156.20879807451,Elective,2023-02-17,Paracetamol,Inconclusive,14,2023,2
44,Female,B+,Hypertension,2022-06-05,Dana Bailey,Sons Miller and,Blue Cross,30957.933465249185,Elective,2022-06-08,Aspirin,Abnormal,3,2022,6
54,Male,O+,Diabetes,2024-01-01,Jennifer Collins,"and Klein Thomas, Miller",Medicare,36812.94260098908,Elective,2024-01-05,Aspirin,Normal,4,2024,1
84,Female,B-,Hypertension,2020-04-09,Crystal Dixon,"and Figueroa Duke Mason,",Medicare,13637.044407175234,Urgent,2020-04-28,Penicillin,Normal,19,2020,4
31,Female,AB+,Diabetes,2023-06-16,Diane Sutton,Hansen-Booker,Cigna,22986.290568301425,Elective,2023-06-28,Penicillin,Inconclusive,12,2023,6
20,Female,A-,Diabetes,2023-01-29,Manuel Mcdowell,Mosley-Martin,Blue Cross,48323.05331169051,Emergency,2023-02-07,Aspirin,Inconclusive,9,2023,1
33,Female,B-,Obesity,2020-07-24,Jacqueline Thompson,"and Scott Ward, Davis",Aetna,35864.63406661769,Elective,2020-07-28,Penicillin,Inconclusive,4,2020,7
66,Male,B-,Arthritis,2024-04-25,Laurie Lewis,Elliott-Jackson,Medicare,24281.36815765981,Elective,2024-05-11,Aspirin,Normal,16,2024,4
18,Female,O+,Arthritis,2024-05-04,Emily Holt,Rodriguez-Bell,Aetna,41167.10541789178,Elective,2024-05-09,Penicillin,Normal,5,2024,5
62,Female,B-,Cancer,2020-09-09,Tony Baker,"and Green Russell Smith,",Aetna,1640.415946982388,Elective,2020-09-16,Lipitor,Abnormal,7,2020,9
79,Male,A-,Cancer,2021-12-30,Holly Smith,Hill-Johnson,Blue Cross,28629.84735011498,Elective,2022-01-02,Penicillin,Inconclusive,3,2021,12
49,Female,B+,Obesity,2023-07-03,Melissa Guzman,"Russo, Allen Maldonado and",Cigna,15296.59411833937,Urgent,2023-07-30,Penicillin,Normal,27,2023,7
31,Male,B+,Asthma,2023-03-12,Andrew Hill,King Group,Aetna,37912.24403601777,Elective,2023-03-23,Paracetamol,Inconclusive,11,2023,3
76,Male,O+,Asthma,2019-09-29,William Padilla,"Browning Dominguez and Hodges,",Cigna,31395.7197924712,Emergency,2019-10-21,Ibuprofen,Inconclusive,22,2019,9
42,Male,AB-,Hypertension,2020-08-24,Paige Griffin,"Wise Mccoy and Ward,",UnitedHealthcare,11999.320160452797,Urgent,2020-09-11,Paracetamol,Abnormal,18,2020,8
30,Female,AB-,Cancer,2020-09-21,Zachary Stanley,"Wilson Young, Ballard and",UnitedHealthcare,4434.138097678919,Elective,2020-09-27,Penicillin,Normal,6,2020,9
49,Female,B+,Arthritis,2022-11-07,Cristina Rosales,"and Krause Atkinson, Rodgers",Blue Cross,43218.15029715305,Elective,2022-11-27,Ibuprofen,Normal,20,2022,11
70,Female,O+,Diabetes,2024-03-20,James Ruiz,Wyatt-Alexander,Aetna,3389.445508853494,Urgent,2024-04-02,Ibuprofen,Abnormal,13,2024,3
31,Female,A+,Obesity,2020-07-28,Robert Parsons,Cunningham-Li,UnitedHealthcare,38479.56003734644,Elective,2020-08-01,Penicillin,Inconclusive,4,2020,7
40,Female,O+,Hypertension,2021-09-23,Joseph Long,PLC Parks,Blue Cross,26330.019298241943,Emergency,2021-10-20,Penicillin,Inconclusive,27,2021,9
69,Male,A+,Arthritis,2023-05-15,Patty Bullock,"and Long Simmons Clark,",UnitedHealthcare,46054.89032715659,Urgent,2023-05-20,Aspirin,Normal,5,2023,5
64,Female,O+,Arthritis,2022-08-22,Fernando Gamble,Norton-White,Aetna,29688.11238918388,Elective,2022-09-08,Penicillin,Inconclusive,17,2022,8
49,Female,AB-,Diabetes,2021-09-07,Charles Austin,Inc Wright,UnitedHealthcare,8459.087642541162,Elective,2021-09-15,Aspirin,Abnormal,8,2021,9
77,Female,A-,Diabetes,2021-07-09,Peter Cruz,"Lambert Jackson Clark, and",UnitedHealthcare,23280.61219639921,Elective,2021-07-12,Paracetamol,Abnormal,3,2021,7
72,Male,O+,Obesity,2022-07-09,Courtney Taylor,Whitney Inc,Cigna,6034.295012094847,Urgent,2022-07-16,Lipitor,Abnormal,7,2022,7
83,Female,AB+,Hypertension,2023-05-29,Brandy Bailey,Chambers-Smith,Blue Cross,25223.471741565387,Urgent,2023-06-09,Penicillin,Normal,11,2023,5
52,Female,A+,Obesity,2020-09-07,Felicia Williams,"Richmond, and Vaughn Fowler",Cigna,40663.1475016264,Emergency,2020-09-25,Paracetamol,Inconclusive,18,2020,9
26,Female,AB-,Arthritis,2022-02-28,Henry Waller,Martinez-Carr,Medicare,30693.745473056548,Emergency,2022-03-17,Paracetamol,Normal,17,2022,2
81,Female,B-,Cancer,2022-09-28,Alicia Porter,Walker-Ray,Aetna,42572.32416415004,Urgent,2022-10-19,Aspirin,Inconclusive,21,2022,9
49,Female,A-,Cancer,2019-12-05,Samantha Mendoza,"Sims and Henderson Meza,",Cigna,9810.972483971747,Emergency,2019-12-20,Paracetamol,Abnormal,15,2019,12
75,Female,AB+,Obesity,2020-11-06,Luis Hale,"Wu, Lee Rivera and",Aetna,24770.6177037254,Elective,2020-12-02,Paracetamol,Abnormal,26,2020,11
79,Male,B+,Diabetes,2020-10-09,Edward Martinez,"Gonzales Chen, Anderson and",Blue Cross,31612.865213613783,Urgent,2020-10-16,Aspirin,Normal,7,2020,10
43,Male,B+,Hypertension,2021-02-02,Veronica Leonard,Pratt Group,Cigna,10814.294882821256,Urgent,2021-02-18,Aspirin,Abnormal,16,2021,2
75,Female,A-,Cancer,2019-12-05,Todd Kirby,Schultz-Holmes,Aetna,8832.39564573304,Elective,2019-12-16,Paracetamol,Inconclusive,11,2019,12
24,Male,O+,Obesity,2023-12-15,Courtney Morales,Jones-Harris,Blue Cross,37521.23953021856,Elective,2023-12-27,Lipitor,Abnormal,12,2023,12
82,Male,A-,Arthritis,2021-03-30,Richard Torres,"Davis, Wilson Ho and",Aetna,25277.47992283257,Elective,2021-04-08,Ibuprofen,Abnormal,9,2021,3
79,Male,O-,Diabetes,2022-08-30,Daniel Williams,"and Harris Ortega Macias,",Blue Cross,29662.44419134108,Emergency,2022-09-18,Lipitor,Normal,19,2022,8
71,Female,AB-,Obesity,2023-08-30,Derek Taylor,"Rodriguez, Harris and Horton",Medicare,9758.84979427986,Elective,2023-09-20,Penicillin,Normal,21,2023,8
76,Male,AB-,Arthritis,2023-12-12,April Palmer,Hernandez LLC,Cigna,18699.363023752536,Emergency,2023-12-31,Lipitor,Normal,19,2023,12
24,Male,O+,Cancer,2020-11-01,Keith Wilson,Molina-Jones,Medicare,7343.587356087641,Elective,2020-11-27,Penicillin,Abnormal,26,2020,11
18,Male,AB+,Obesity,2023-01-25,Jose Powell,Avila Group,Aetna,48816.36189744455,Urgent,2023-02-03,Penicillin,Normal,9,2023,1
45,Male,B-,Diabetes,2020-11-05,Jeffrey Robles,Sons Maldonado and,Medicare,33333.79036046758,Elective,2020-11-18,Paracetamol,Abnormal,13,2020,11
33,Male,A+,Asthma,2020-05-02,Kristi Jackson,"and Perry, Park Mclean",UnitedHealthcare,33723.140574408375,Urgent,2020-05-17,Paracetamol,Normal,15,2020,5
65,Female,B-,Arthritis,2022-01-06,Mark Newman,Ball-Miller,Medicare,44663.03268932212,Emergency,2022-01-22,Aspirin,Inconclusive,16,2022,1
33,Male,AB-,Arthritis,2020-07-28,Kim Lee,"and Hill Alvarez, Bridges",UnitedHealthcare,12173.44202032132,Elective,2020-08-08,Paracetamol,Normal,11,2020,7
28,Female,B-,Arthritis,2022-06-26,Darlene Robertson,"Phillips, Brooks Heath and",Medicare,1208.896757932063,Elective,2022-07-11,Penicillin,Abnormal,15,2022,6
18,Female,B+,Hypertension,2023-08-20,Lisa Cowan,Reyes-Delacruz,UnitedHealthcare,43278.39699304824,Urgent,2023-09-10,Penicillin,Normal,21,2023,8
51,Female,A-,Diabetes,2023-11-15,Priscilla Williams,Inc Ramos,Cigna,39118.37999785766,Emergency,2023-11-19,Lipitor,Abnormal,4,2023,11
34,Male,B+,Arthritis,2019-06-15,Ms. Rachel Wilson DDS,Walters LLC,Aetna,43266.67254651326,Emergency,2019-06-16,Ibuprofen,Normal,1,2019,6
18,Male,A+,Cancer,2021-12-30,Deborah Harris,PLC Murray,Aetna,29860.54381077127,Elective,2022-01-26,Paracetamol,Abnormal,27,2021,12
82,Female,A+,Arthritis,2023-01-18,Patricia Li DVM,"and Hendricks Page Li,",Blue Cross,21060.57805884831,Elective,2023-02-12,Aspirin,Abnormal,25,2023,1
34,Male,A-,Diabetes,2021-10-20,Timothy Wolfe,Ross-Navarro,UnitedHealthcare,4941.588173180553,Emergency,2021-11-14,Penicillin,Normal,25,2021,10
76,Female,AB-,Cancer,2020-05-28,Sean Hodges,Group Wilson,Blue Cross,48823.58539315201,Emergency,2020-06-20,Lipitor,Inconclusive,23,2020,5
41,Male,A-,Cancer,2024-04-28,Andre Morris,LLC Reed,UnitedHealthcare,38205.084909237565,Elective,2024-05-01,Ibuprofen,Abnormal,3,2024,4
63,Female,A+,Obesity,2024-01-18,Luke Cohen,Payne LLC,Blue Cross,2374.559218605652,Elective,2024-01-26,Lipitor,Normal,8,2024,1
21,Male,A+,Cancer,2023-04-16,Sarah Rivas,"Scott Vasquez Ray, and",Blue Cross,13234.077265027572,Emergency,2023-04-22,Paracetamol,Abnormal,6,2023,4
41,Female,O-,Obesity,2019-07-05,Robert Brown,and Olson Sons,Cigna,26655.526422460684,Urgent,2019-07-23,Penicillin,Abnormal,18,2019,7
26,Female,B-,Obesity,2023-11-23,Mrs. Rebecca Blair,Group Valdez,Cigna,11434.802717382374,Elective,2023-12-02,Aspirin,Inconclusive,9,2023,11
47,Male,O+,Asthma,2022-07-01,Troy Ross,Kim-Reilly,UnitedHealthcare,37148.30111848539,Urgent,2022-07-24,Aspirin,Abnormal,23,2022,7
30,Female,O-,Asthma,2023-04-14,Regina Anderson,Inc Lopez,UnitedHealthcare,39646.38703960259,Emergency,2023-05-01,Paracetamol,Inconclusive,17,2023,4
72,Male,A-,Arthritis,2022-08-13,Erin Ortega,Moore PLC,Medicare,21399.968984067407,Urgent,2022-09-04,Paracetamol,Inconclusive,22,2022,8
71,Female,AB+,Arthritis,2021-07-27,Dustin Barker,Phillips-Knox,Blue Cross,19434.6676500181,Elective,2021-08-25,Penicillin,Normal,29,2021,7
37,Female,AB+,Arthritis,2023-03-29,Rachel Clark,"and Contreras Lewis, Flores",Cigna,27898.605005564703,Emergency,2023-04-16,Penicillin,Inconclusive,18,2023,3
70,Male,AB+,Obesity,2022-03-17,Megan Adams,Henderson-Newton,Medicare,3898.548043170901,Urgent,2022-04-09,Paracetamol,Normal,23,2022,3
84,Male,A-,Asthma,2023-02-13,Diana Ross,Phelps Inc,Aetna,9217.181520818876,Elective,2023-02-22,Penicillin,Normal,9,2023,2
84,Female,AB+,Asthma,2022-05-03,Michael Bell,Bruce-Lewis,Medicare,536.7560127660139,Elective,2022-05-18,Paracetamol,Normal,15,2022,5
38,Female,A-,Diabetes,2024-02-22,Robert Johnson,and Sons Wilkerson,Medicare,40653.086130936346,Elective,2024-03-17,Lipitor,Abnormal,24,2024,2
60,Male,AB+,Obesity,2023-11-24,Karen Salazar,PLC Perez,Aetna,44357.46172346424,Elective,2023-11-30,Lipitor,Abnormal,6,2023,11
55,Female,B-,Obesity,2019-10-10,Darlene Mooney,"and Anderson Kennedy, Owens",UnitedHealthcare,44961.45867944714,Emergency,2019-10-30,Paracetamol,Normal,20,2019,10
72,Male,B-,Obesity,2022-02-23,Judith Maxwell,"White, Decker Freeman and",Blue Cross,41786.91173269404,Urgent,2022-03-15,Aspirin,Abnormal,20,2022,2
53,Male,AB-,Arthritis,2022-12-23,Jeffrey Olson,Inc Levine,Blue Cross,19174.681273068523,Emergency,2022-12-28,Lipitor,Abnormal,5,2022,12
53,Female,B+,Cancer,2021-11-20,Brad Pollard,LLC Matthews,Blue Cross,28014.394118702097,Elective,2021-12-13,Ibuprofen,Inconclusive,23,2021,11
76,Female,A+,Asthma,2019-10-29,Dana Roth,Suarez-Chavez,Medicare,10709.693607840283,Urgent,2019-11-22,Penicillin,Inconclusive,24,2019,10
79,Male,A+,Arthritis,2024-03-20,Jackie Jones,Group Simpson,Medicare,29961.45787847616,Urgent,2024-04-13,Penicillin,Abnormal,24,2024,3
81,Male,B-,Hypertension,2021-04-07,April Mcclure,Long-Mullins,Blue Cross,5555.521523131938,Emergency,2021-04-14,Lipitor,Inconclusive,7,2021,4
70,Male,O-,Hypertension,2023-11-15,Gregory Thompson,Johnson LLC,Medicare,30764.7937743276,Emergency,2023-12-08,Lipitor,Abnormal,23,2023,11
46,Female,B-,Asthma,2020-10-08,Terri White,PLC Hawkins,Cigna,1492.5859535191837,Urgent,2020-10-28,Ibuprofen,Abnormal,20,2020,10
58,Male,B-,Arthritis,2020-12-03,Anthony Villegas,Johnson Inc,UnitedHealthcare,5613.169384372062,Elective,2020-12-09,Penicillin,Normal,6,2020,12
21,Male,B-,Arthritis,2022-09-22,Shannon Benson,Wolfe-Taylor,Blue Cross,15577.093786856223,Emergency,2022-10-19,Penicillin,Normal,27,2022,9
24,Male,AB-,Cancer,2024-01-28,Gabriela Rodriguez,"Nelson, Horton Burgess and",Cigna,3206.7123513498564,Emergency,2024-02-09,Penicillin,Inconclusive,12,2024,1
76,Female,O+,Diabetes,2023-03-18,James Myers,"Fuller Brown and Blevins,",Cigna,11857.580132965162,Urgent,2023-04-06,Ibuprofen,Inconclusive,19,2023,3
49,Male,AB+,Obesity,2024-03-06,Jessica Garcia,Hunter PLC,UnitedHealthcare,15081.00550588808,Urgent,2024-03-19,Paracetamol,Abnormal,13,2024,3
49,Male,B+,Asthma,2023-07-31,Christy Mathews,Pugh and Sons,Blue Cross,24762.576465182006,Elective,2023-08-24,Lipitor,Abnormal,24,2023,7
45,Female,AB-,Hypertension,2020-08-06,Timothy Ramos,Garner-Collier,UnitedHealthcare,17975.32762576033,Elective,2020-08-08,Penicillin,Inconclusive,2,2020,8
32,Female,AB-,Diabetes,2020-11-17,Theresa Lynch,Black-Kirby,Blue Cross,34445.4239307234,Urgent,2020-11-18,Penicillin,Abnormal,1,2020,11
74,Female,AB-,Obesity,2024-03-05,Anthony Jackson,Ltd Peterson,Cigna,5608.601432216855,Emergency,2024-03-24,Paracetamol,Normal,19,2024,3
66,Male,A+,Asthma,2020-12-26,Jordan Smith,Mcconnell-Sellers,Cigna,36337.64180490205,Elective,2021-01-23,Paracetamol,Inconclusive,28,2020,12
27,Male,A-,Arthritis,2019-06-01,Troy Washington,Lee-Mays,UnitedHealthcare,10803.74668000606,Elective,2019-06-12,Aspirin,Inconclusive,11,2019,6
64,Female,O+,Diabetes,2022-07-16,Kathleen Jimenez,Carr Group,UnitedHealthcare,18969.120087193984,Urgent,2022-08-14,Paracetamol,Abnormal,29,2022,7
42,Female,O+,Cancer,2023-10-29,Mrs. Dawn Fuller,Hudson-Carter,UnitedHealthcare,15368.06497835793,Emergency,2023-11-03,Lipitor,Normal,5,2023,10
70,Female,B+,Hypertension,2019-11-13,Scott Mcdaniel,"and Richards Barrera, Olson",Blue Cross,41138.03252423027,Urgent,2019-11-30,Penicillin,Normal,17,2019,11
69,Male,B+,Diabetes,2021-04-15,Michael Jennings,PLC Robinson,Aetna,43183.36181560805,Emergency,2021-05-03,Paracetamol,Inconclusive,18,2021,4
84,Female,O+,Asthma,2020-03-08,James Howard,"Mendez, Ayala and Rivera",Aetna,1755.347730515332,Elective,2020-03-21,Penicillin,Normal,13,2020,3
41,Male,A+,Diabetes,2023-07-07,Matthew Jones,Diaz-Ballard,UnitedHealthcare,17771.31429301167,Emergency,2023-08-02,Aspirin,Normal,26,2023,7
71,Male,AB-,Diabetes,2021-01-27,Jose Carter,"and Copeland Webster, Thomas",UnitedHealthcare,26764.39953391982,Urgent,2021-02-06,Ibuprofen,Abnormal,10,2021,1
84,Male,A+,Obesity,2023-10-09,Andrew Nolan,Winters-Middleton,Blue Cross,39038.2488611681,Emergency,2023-11-08,Ibuprofen,Inconclusive,30,2023,10
72,Male,B-,Arthritis,2023-03-04,Timothy Stout,"Hall Walker, and Petty",Blue Cross,33573.71469939182,Elective,2023-04-03,Ibuprofen,Inconclusive,30,2023,3
18,Female,AB-,Diabetes,2020-12-20,Erica Sampson,"Bell and Archer, Jimenez",UnitedHealthcare,10896.174836270173,Emergency,2021-01-04,Lipitor,Inconclusive,15,2020,12
60,Female,O+,Obesity,2019-10-25,Ryan Humphrey,Austin-Ross,Aetna,1416.644934522697,Elective,2019-11-23,Lipitor,Abnormal,29,2019,10
38,Male,O-,Asthma,2023-11-13,Charles Bell,Tran-Mathis,Blue Cross,43561.3819397539,Urgent,2023-11-21,Ibuprofen,Normal,8,2023,11
68,Male,AB-,Arthritis,2023-04-30,Crystal Davis,Group Davis,Medicare,49191.39248578267,Urgent,2023-05-20,Penicillin,Inconclusive,20,2023,4
28,Female,O+,Cancer,2023-07-22,Jasmine Campbell,Miller-Johnson,UnitedHealthcare,9535.574059794808,Emergency,2023-08-17,Paracetamol,Abnormal,26,2023,7
63,Female,O+,Cancer,2021-10-05,Kathryn Parker,Burns Ltd,Blue Cross,49206.01615158692,Elective,2021-10-23,Paracetamol,Inconclusive,18,2021,10
37,Female,B+,Cancer,2020-04-06,Thomas Black,"Mosley and Hobbs Gill,",Cigna,20536.22853798795,Emergency,2020-04-24,Paracetamol,Normal,18,2020,4
72,Female,AB-,Obesity,2021-02-15,Joe Russell,Booth LLC,Medicare,16139.829836397455,Urgent,2021-03-17,Ibuprofen,Normal,30,2021,2
71,Female,B+,Cancer,2021-05-18,Catherine Hansen,Lara PLC,Blue Cross,45376.70885232727,Elective,2021-06-01,Paracetamol,Inconclusive,14,2021,5
85,Female,B-,Hypertension,2022-06-18,April Berry,Group Snyder,Aetna,12600.876577348085,Elective,2022-07-09,Ibuprofen,Normal,21,2022,6
72,Female,O-,Obesity,2019-09-13,Richard Booker,"Cochran Whitney, and Novak",UnitedHealthcare,41808.53281885866,Elective,2019-09-26,Aspirin,Inconclusive,13,2019,9
25,Male,B+,Diabetes,2022-04-12,Connor Booker,Pittman LLC,Medicare,40474.83027000407,Emergency,2022-04-17,Penicillin,Normal,5,2022,4
33,Male,A+,Cancer,2023-02-12,Matthew Thompson,"Fuentes, and Morales Ramsey",UnitedHealthcare,14488.761072479145,Urgent,2023-03-11,Ibuprofen,Abnormal,27,2023,2
50,Male,B-,Cancer,2019-10-01,Sharon Howell,Mckenzie PLC,Cigna,32524.95265896469,Elective,2019-10-13,Lipitor,Normal,12,2019,10
66,Female,O+,Cancer,2022-08-18,Jesse Collins,"Lee, Miller Lynch and",Medicare,21872.22703561034,Emergency,2022-09-06,Ibuprofen,Abnormal,19,2022,8
37,Male,AB+,Hypertension,2020-08-23,Bryan Copeland,and Matthews Sons,Aetna,8353.133862135775,Emergency,2020-09-11,Paracetamol,Abnormal,19,2020,8
73,Female,A-,Cancer,2021-03-10,Micheal Bradley,"Cooper and Arnold Hernandez,",Aetna,17349.699726135594,Elective,2021-03-16,Aspirin,Abnormal,6,2021,3
63,Female,O-,Diabetes,2019-05-27,Dawn Wallace,Reyes-Farley,Cigna,42564.76119659467,Elective,2019-06-12,Ibuprofen,Normal,16,2019,5
70,Male,B+,Cancer,2024-02-06,Abigail Solomon,Burton-Chambers,UnitedHealthcare,42266.51222075498,Emergency,2024-02-20,Lipitor,Abnormal,14,2024,2
38,Female,O-,Arthritis,2021-02-01,Craig King,Lewis Group,Cigna,3626.437701393925,Elective,2021-02-21,Paracetamol,Abnormal,20,2021,2
26,Male,B-,Cancer,2023-03-14,Melissa Jones,"Harrison Foster and Daniel,",Blue Cross,25416.332602473856,Elective,2023-03-15,Penicillin,Abnormal,1,2023,3
40,Female,A+,Asthma,2021-12-28,Jorge Torres,"Lucas, Ward and Leonard",UnitedHealthcare,10749.631882948956,Urgent,2022-01-18,Aspirin,Inconclusive,21,2021,12
20,Male,O+,Diabetes,2019-07-05,Willie Solomon III,"Brown Roberts, Webb and",Cigna,31840.36639121257,Urgent,2019-07-06,Aspirin,Normal,1,2019,7
38,Male,O+,Asthma,2019-12-24,Rachel Phillips,Lee-Moran,UnitedHealthcare,21098.86687432252,Emergency,2020-01-01,Lipitor,Abnormal,8,2019,12
84,Male,O-,Hypertension,2023-11-30,Daniel Spears,Group Wright,Aetna,6218.04854006412,Elective,2023-12-13,Lipitor,Abnormal,13,2023,11
58,Male,O+,Cancer,2020-12-13,Nicole Gibson DVM,French Ltd,Blue Cross,45416.3635308197,Urgent,2020-12-18,Lipitor,Normal,5,2020,12
76,Male,B+,Asthma,2021-01-17,Jenna Sanchez,LLC Edwards,Cigna,42272.42201505653,Urgent,2021-01-26,Ibuprofen,Abnormal,9,2021,1
51,Female,A+,Diabetes,2021-05-08,John Sherman,"Hicks, Yates Morris and",Aetna,32162.28803242705,Emergency,2021-05-18,Paracetamol,Inconclusive,10,2021,5
39,Female,A+,Asthma,2023-07-20,Jennifer Gonzalez,"and Butler Cordova, Rodriguez",UnitedHealthcare,29048.61132724928,Elective,2023-08-11,Ibuprofen,Abnormal,22,2023,7
54,Female,O+,Hypertension,2021-12-25,Timothy Buck,and Sons Taylor,Medicare,2317.1064240577857,Emergency,2022-01-02,Lipitor,Abnormal,8,2021,12
71,Male,AB-,Asthma,2023-06-12,Erika Mcconnell MD,"Griffin, Moran and Kirby",Aetna,11431.269561039664,Urgent,2023-07-11,Ibuprofen,Normal,29,2023,6
25,Male,AB+,Asthma,2019-08-04,Keith Robinson,Inc Tate,Blue Cross,15909.05866941612,Emergency,2019-08-28,Aspirin,Abnormal,24,2019,8
83,Female,O+,Hypertension,2019-10-12,Michael Kaiser,Carroll-Daniels,Aetna,42554.55247510723,Emergency,2019-10-19,Lipitor,Normal,7,2019,10
44,Male,A-,Cancer,2023-05-01,Elizabeth Poole,"Perez, Case Pierce and",Blue Cross,43392.5744597031,Emergency,2023-05-24,Lipitor,Normal,23,2023,5
24,Female,A+,Hypertension,2023-10-26,Charles Jones,Clark-Swanson,UnitedHealthcare,5074.221373301648,Elective,2023-11-03,Lipitor,Inconclusive,8,2023,10
19,Male,O-,Asthma,2021-10-16,Tonya Cummings,"Griffin, Williams and Rivera",Cigna,45920.09805713534,Urgent,2021-11-10,Aspirin,Normal,25,2021,10
40,Female,O+,Asthma,2023-12-01,Jennifer Acosta,Shaw Group,Aetna,25017.06059697092,Elective,2023-12-25,Paracetamol,Inconclusive,24,2023,12
23,Female,A+,Diabetes,2021-05-02,Larry Turner,"and Brewer Knight, Ortiz",Aetna,33659.285831825146,Urgent,2021-05-30,Lipitor,Inconclusive,28,2021,5
64,Female,A-,Hypertension,2021-07-25,Richard Taylor,Collins-Scott,UnitedHealthcare,30536.73354237384,Emergency,2021-07-28,Aspirin,Abnormal,3,2021,7
24,Female,O+,Diabetes,2023-11-15,Alexis Ramos,Boyd-Gomez,Cigna,14419.169755743063,Elective,2023-11-20,Lipitor,Abnormal,5,2023,11
52,Female,O+,Cancer,2019-07-19,Wayne Moreno,Santos-Mcdaniel,Blue Cross,36381.04257840973,Emergency,2019-08-06,Paracetamol,Inconclusive,18,2019,7
20,Female,B+,Obesity,2023-12-13,Hannah Anderson,"and Brewer, Marshall Nelson",Cigna,25853.062842723768,Emergency,2023-12-26,Aspirin,Abnormal,13,2023,12
75,Female,O-,Hypertension,2022-01-13,Jack Todd,Day-Diaz,UnitedHealthcare,21888.75454912708,Elective,2022-02-04,Lipitor,Inconclusive,22,2022,1
78,Female,O-,Arthritis,2023-09-30,Elizabeth Williams,Brown-Baird,Blue Cross,8727.802831502202,Elective,2023-10-03,Ibuprofen,Normal,3,2023,9
71,Female,AB-,Obesity,2021-06-06,Christopher Marquez,"and Anthony, Valdez Tapia",Cigna,43526.016303054654,Elective,2021-06-19,Aspirin,Inconclusive,13,2021,6
27,Female,B-,Hypertension,2020-12-22,Amber Mays,Ltd Douglas,Aetna,11000.036468955865,Emergency,2020-12-24,Ibuprofen,Inconclusive,2,2020,12
77,Female,AB-,Hypertension,2019-05-19,Bernard Ross,Walters-Buchanan,Medicare,7343.628823716144,Elective,2019-06-18,Ibuprofen,Inconclusive,30,2019,5
41,Male,AB+,Obesity,2019-08-19,Joel Hunter,Martin-Grimes,Cigna,29884.538001331643,Urgent,2019-08-24,Paracetamol,Inconclusive,5,2019,8
50,Male,B-,Diabetes,2020-08-05,Denise Vega,Smith and Sons,UnitedHealthcare,45818.95912679144,Emergency,2020-08-09,Aspirin,Normal,4,2020,8
74,Male,AB-,Diabetes,2019-06-07,Michael Jacobs,LLC Oneill,UnitedHealthcare,40223.81649458208,Urgent,2019-07-07,Aspirin,Inconclusive,30,2019,6
67,Male,B+,Asthma,2023-04-27,Julie Mccormick,Manning-Blair,Aetna,34368.891632367384,Urgent,2023-05-01,Aspirin,Abnormal,4,2023,4
47,Female,B-,Asthma,2020-04-09,Brendan Cantrell,PLC Anderson,UnitedHealthcare,22344.40843913695,Emergency,2020-04-12,Penicillin,Inconclusive,3,2020,4
26,Female,O-,Cancer,2020-03-23,Lisa Ellis,Martinez-Pearson,Aetna,8047.553612690377,Urgent,2020-04-07,Paracetamol,Normal,15,2020,3
79,Female,A-,Hypertension,2021-03-20,Christopher Elliott,"and Garcia, Martin Jackson",Aetna,39546.57994904178,Urgent,2021-03-24,Paracetamol,Inconclusive,4,2021,3
34,Male,B+,Cancer,2020-10-27,James Wilson,PLC Gonzalez,Medicare,43980.07701195364,Emergency,2020-11-19,Lipitor,Inconclusive,23,2020,10
67,Male,O+,Diabetes,2019-10-19,Travis Mendoza,"Garcia Scott and French,",Aetna,25231.35206107309,Elective,2019-11-09,Penicillin,Normal,21,2019,10
55,Female,AB+,Obesity,2021-04-01,Kyle Becker,Davis-Andrews,UnitedHealthcare,22786.08261494413,Emergency,2021-04-03,Ibuprofen,Abnormal,2,2021,4
50,Male,AB-,Asthma,2020-04-25,Michael Arias,"Clark, and Estes Thomas",Aetna,26886.65520673171,Urgent,2020-05-03,Paracetamol,Abnormal,8,2020,4
73,Male,A-,Diabetes,2020-09-04,David Williamson,"and Pennington, Sweeney Lin",Cigna,6360.975201011443,Urgent,2020-09-06,Ibuprofen,Normal,2,2020,9
49,Female,A-,Arthritis,2020-03-03,Dr. Maurice Jones,Freeman-Cole,Blue Cross,32968.677525557505,Emergency,2020-03-06,Ibuprofen,Normal,3,2020,3
38,Female,AB-,Arthritis,2021-05-25,Shawn Wilson,Thomas LLC,UnitedHealthcare,8315.33450239767,Elective,2021-06-13,Paracetamol,Normal,19,2021,5
81,Female,A-,Diabetes,2020-08-30,Alison Krause,Williams-Hill,Medicare,4813.488279314459,Urgent,2020-09-11,Paracetamol,Inconclusive,12,2020,8
21,Male,B-,Diabetes,2023-12-09,Madeline Robinson,"and Orozco Greene, Decker",Aetna,7067.217720295703,Urgent,2023-12-11,Paracetamol,Normal,2,2023,12
53,Male,O-,Arthritis,2020-11-24,Peter Jenkins,"and Robertson Moore Nelson,",Medicare,13160.549365160474,Elective,2020-12-23,Aspirin,Inconclusive,29,2020,11
33,Female,O-,Cancer,2022-10-08,William Tran,"and Rodriguez Bell, Short",Cigna,6846.318592516344,Elective,2022-11-01,Penicillin,Inconclusive,24,2022,10
54,Female,AB+,Hypertension,2021-01-25,Jose Curtis,"and Hatfield Mann, Strong",Blue Cross,22690.5987243952,Elective,2021-02-05,Penicillin,Inconclusive,11,2021,1
34,Female,B-,Obesity,2022-11-17,Thomas Valdez,"Waller and Walker, Martin",Medicare,12914.287938299196,Urgent,2022-12-09,Ibuprofen,Inconclusive,22,2022,11
50,Female,AB+,Arthritis,2022-03-15,Nathan Vargas,Cox-Schwartz,Medicare,24023.89206134573,Emergency,2022-04-14,Paracetamol,Inconclusive,30,2022,3
24,Male,O+,Diabetes,2022-08-21,Susan Russell,Scott-Davidson,Aetna,40909.49065506748,Elective,2022-09-07,Ibuprofen,Abnormal,17,2022,8
29,Male,A-,Asthma,2023-08-27,James Dixon,Fisher-Mclean,Blue Cross,34829.84620553869,Urgent,2023-09-08,Lipitor,Abnormal,12,2023,8
34,Male,A+,Hypertension,2020-06-21,Megan Vasquez MD,and Sons Davis,Blue Cross,4321.908918649517,Elective,2020-06-28,Penicillin,Abnormal,7,2020,6
40,Male,O+,Hypertension,2020-10-10,Dr. Brandon Gonzalez MD,Padilla-Lopez,Cigna,47380.37899474169,Urgent,2020-10-17,Ibuprofen,Inconclusive,7,2020,10
28,Male,A+,Hypertension,2019-12-07,Gregory Pena,"and Holloway, Collins Marsh",Blue Cross,7081.847343764762,Urgent,2019-12-09,Penicillin,Normal,2,2019,12
72,Male,O-,Cancer,2021-09-24,Christine Martin,Smith-Sanders,Aetna,30369.45335977684,Emergency,2021-10-07,Penicillin,Abnormal,13,2021,9
76,Male,AB+,Asthma,2021-07-02,Tony Carroll,Hunt-White,Cigna,34231.59318076533,Urgent,2021-07-16,Ibuprofen,Abnormal,14,2021,7
80,Female,A+,Cancer,2019-08-29,Daniel Burton,"Walsh, and Russell Scott",Blue Cross,19243.4362683832,Elective,2019-09-28,Aspirin,Abnormal,30,2019,8
41,Female,O+,Obesity,2020-12-20,Jessica Macdonald,Diaz-Grimes,Cigna,25765.415800269024,Emergency,2021-01-07,Paracetamol,Normal,18,2020,12
49,Female,B+,Cancer,2022-10-14,Christian Preston,"and Graham Bowers, Stanley",Blue Cross,4399.873878571732,Emergency,2022-10-23,Penicillin,Abnormal,9,2022,10
80,Female,AB-,Diabetes,2020-06-10,Megan Booth,PLC Schmitt,Blue Cross,9418.097198957304,Emergency,2020-06-19,Paracetamol,Normal,9,2020,6
40,Male,AB+,Hypertension,2021-12-24,Annette Schaefer,"and Webb Knapp Williams,",Aetna,4439.676283498598,Elective,2022-01-18,Lipitor,Inconclusive,25,2021,12
30,Female,AB+,Hypertension,2022-03-15,Duane Johns,"and Brown Avila Cruz,",UnitedHealthcare,37334.36890179646,Elective,2022-04-02,Aspirin,Normal,18,2022,3
68,Male,B+,Arthritis,2023-03-20,Michael Campbell,Goodman-Griffin,Cigna,19128.38020094325,Elective,2023-04-08,Ibuprofen,Normal,19,2023,3
34,Female,B+,Asthma,2023-04-02,Amber Bailey,"Ward and Henderson Savage,",Cigna,48387.93546258658,Elective,2023-05-01,Lipitor,Abnormal,29,2023,4
41,Female,B+,Cancer,2023-02-12,Priscilla Sweeney,"Crawford Rhodes, Cruz and",Medicare,38230.53692139751,Urgent,2023-02-23,Penicillin,Inconclusive,11,2023,2
83,Male,A+,Diabetes,2021-03-05,Cassandra Willis,"Maldonado and Obrien Miller,",UnitedHealthcare,15633.180260936557,Emergency,2021-03-11,Ibuprofen,Normal,6,2021,3
70,Female,O+,Asthma,2019-11-07,Alexis Espinoza,Brooks Ltd,Aetna,31884.51972035534,Emergency,2019-11-24,Penicillin,Normal,17,2019,11
46,Female,B-,Asthma,2022-01-08,Christian Bautista,"Park and Willis Joseph,",Cigna,26831.269391913185,Emergency,2022-02-02,Aspirin,Inconclusive,25,2022,1
76,Female,AB-,Arthritis,2023-11-24,Manuel Tucker,Sons and Vang,Medicare,5863.546400118936,Urgent,2023-12-22,Aspirin,Normal,28,2023,11
69,Male,AB+,Hypertension,2022-07-19,Adam Mccoy,Holt and Sons,Medicare,7093.441874609536,Urgent,2022-08-14,Lipitor,Abnormal,26,2022,7
54,Female,AB-,Arthritis,2019-10-15,Brittany Melendez,Sons Franklin and,Aetna,35071.94414894386,Emergency,2019-11-05,Ibuprofen,Abnormal,21,2019,10
81,Female,A+,Cancer,2021-07-18,Brent Hill,"Singh Barton, and Taylor",Cigna,34358.68932664324,Emergency,2021-08-15,Lipitor,Inconclusive,28,2021,7
74,Male,A-,Obesity,2024-02-28,Timothy Potter,Larson-Hernandez,UnitedHealthcare,12918.478490172836,Emergency,2024-03-17,Aspirin,Abnormal,18,2024,2
41,Male,B+,Arthritis,2023-08-28,Betty Anderson,"and Roberts, Deleon Nash",Cigna,25636.793255434,Emergency,2023-09-02,Lipitor,Abnormal,5,2023,8
43,Female,B+,Obesity,2023-12-14,Dr. Jennifer Houston,Martinez Group,Medicare,44951.97960043053,Emergency,2023-12-17,Ibuprofen,Normal,3,2023,12
22,Male,B+,Cancer,2021-02-25,Benjamin Taylor,"Rodriguez Christensen Brown, and",Aetna,38670.13548268282,Emergency,2021-03-26,Paracetamol,Abnormal,29,2021,2
60,Male,B+,Obesity,2022-07-22,Danielle Miller,Group Clark,UnitedHealthcare,46936.12254743078,Elective,2022-08-20,Penicillin,Normal,29,2022,7
77,Male,B+,Asthma,2022-04-04,Nicholas Lee,"and Espinoza Shields Porter,",Aetna,11694.034099763614,Urgent,2022-04-20,Aspirin,Normal,16,2022,4
44,Male,A-,Arthritis,2020-10-21,Jessica Eaton,Ltd Rodriguez,UnitedHealthcare,42220.85730422838,Urgent,2020-11-17,Penicillin,Abnormal,27,2020,10
60,Male,O-,Cancer,2020-04-14,Rebecca Schultz MD,Johnson LLC,Aetna,42320.29545632743,Elective,2020-04-17,Lipitor,Normal,3,2020,4
85,Male,A-,Asthma,2021-02-28,David Keith,Ltd Newton,Medicare,6357.039960560193,Emergency,2021-03-01,Penicillin,Normal,1,2021,2
52,Male,B+,Obesity,2019-07-05,Shawn Moore,Ltd Morris,UnitedHealthcare,28364.498027480884,Urgent,2019-07-30,Paracetamol,Inconclusive,25,2019,7
79,Female,AB+,Hypertension,2022-01-12,Andrew Bailey,Ibarra Inc,Medicare,21262.499303219312,Emergency,2022-01-23,Aspirin,Normal,11,2022,1
33,Male,O-,Cancer,2023-11-10,Ashley White,Pitts-Christian,Blue Cross,34690.25943679868,Elective,2023-11-24,Penicillin,Normal,14,2023,11
78,Male,B-,Asthma,2021-04-19,Amanda Burns,Leach PLC,Aetna,24811.152755001927,Urgent,2021-05-07,Lipitor,Inconclusive,18,2021,4
82,Male,O+,Asthma,2019-08-02,Cameron Vaughn,"Martin Chaney, and Chase",Medicare,33665.19756539342,Elective,2019-08-26,Paracetamol,Abnormal,24,2019,8
54,Female,O-,Cancer,2024-04-22,Jacqueline Myers,Ltd Orozco,Medicare,44757.6209011438,Urgent,2024-05-22,Aspirin,Normal,30,2024,4
50,Male,O+,Arthritis,2021-08-03,Gary Jones,Navarro Inc,Blue Cross,2119.534368552267,Elective,2021-08-10,Penicillin,Abnormal,7,2021,8
41,Female,B+,Obesity,2020-10-21,Heather Gray,Deleon Group,Blue Cross,27952.384012238104,Emergency,2020-10-28,Lipitor,Abnormal,7,2020,10
26,Female,AB+,Obesity,2021-06-05,Jennifer Lee,Boyd Group,Blue Cross,34975.90000123689,Emergency,2021-06-29,Aspirin,Inconclusive,24,2021,6
79,Male,B-,Asthma,2020-08-12,Pamela Williamson,"Bishop and Hunt Mccann,",Cigna,35903.99277360552,Elective,2020-09-04,Aspirin,Inconclusive,23,2020,8
68,Male,O-,Hypertension,2020-05-02,Amanda Huynh,Underwood Group,Medicare,25415.53042048031,Urgent,2020-05-21,Paracetamol,Abnormal,19,2020,5
29,Male,B+,Obesity,2020-12-27,Sarah Hernandez,"Smith and Perkins, Joseph",Aetna,6314.322679988625,Urgent,2021-01-07,Aspirin,Abnormal,11,2020,12
76,Male,AB+,Asthma,2022-08-31,Arthur Porter,"Garcia, Gilbert Hill and",UnitedHealthcare,39578.29076706914,Urgent,2022-09-06,Aspirin,Abnormal,6,2022,8
52,Male,AB+,Arthritis,2019-09-14,Julie Jackson,"Frye and Allen, Miller",Blue Cross,44088.40604542045,Emergency,2019-10-05,Paracetamol,Abnormal,21,2019,9
47,Female,AB-,Hypertension,2022-07-20,Douglas Miller,"and Rodriguez Hamilton Phillips,",Aetna,37438.12698904911,Urgent,2022-07-31,Ibuprofen,Inconclusive,11,2022,7
24,Female,AB+,Arthritis,2020-05-01,Andrea Rodriguez,Moore-Rodriguez,Medicare,10417.220817455922,Emergency,2020-05-14,Ibuprofen,Normal,13,2020,5
32,Female,O+,Cancer,2022-03-08,Eric Mccann,"Olson Knight and Phillips,",UnitedHealthcare,23421.4807949946,Emergency,2022-03-25,Lipitor,Inconclusive,17,2022,3
35,Female,O+,Hypertension,2019-09-22,Dr. Tina Stone MD,Carey PLC,Aetna,11958.827374615195,Elective,2019-10-21,Penicillin,Normal,29,2019,9
27,Male,AB-,Cancer,2022-12-20,Amber Morrison,"Rose, and Mcdowell King",Cigna,34791.379450245,Elective,2023-01-06,Paracetamol,Normal,17,2022,12
72,Male,B-,Hypertension,2019-09-27,Madeline Lawrence,Sanchez-Johnson,Blue Cross,11068.471431091471,Urgent,2019-10-27,Ibuprofen,Normal,30,2019,9
18,Male,O-,Diabetes,2022-12-01,Leon Gomez,Griffin-Johnson,Cigna,33446.50902497961,Emergency,2022-12-16,Aspirin,Abnormal,15,2022,12
54,Male,AB-,Arthritis,2020-11-09,Amanda Callahan,Dickerson LLC,Medicare,7106.832697833439,Urgent,2020-12-02,Penicillin,Normal,23,2020,11
25,Male,AB-,Obesity,2020-03-07,Terry Edwards,"Kim Adams Cohen, and",Blue Cross,37406.03832898732,Urgent,2020-03-15,Aspirin,Abnormal,8,2020,3
52,Male,B+,Cancer,2020-07-03,Devin James,Smith-Davis,Medicare,16097.865126355213,Emergency,2020-07-11,Lipitor,Abnormal,8,2020,7
59,Female,A+,Hypertension,2019-08-31,Gregory Cunningham,Howe Inc,Cigna,30663.63099362238,Emergency,2019-09-19,Paracetamol,Inconclusive,19,2019,8
65,Female,AB+,Asthma,2022-04-28,Jacqueline Stephens,Harris LLC,UnitedHealthcare,35776.89226204588,Elective,2022-04-29,Ibuprofen,Normal,1,2022,4
59,Female,AB-,Obesity,2021-12-15,Joy Jenkins,Johnson Sons and,Cigna,23656.565665506994,Urgent,2022-01-07,Paracetamol,Inconclusive,23,2021,12
69,Male,B-,Asthma,2020-03-07,Jason Bauer,Jones PLC,Aetna,32371.48751376592,Elective,2020-03-27,Aspirin,Normal,20,2020,3
52,Male,O+,Diabetes,2021-07-07,Daniel Love,Bush Ltd,Cigna,44704.46409188552,Emergency,2021-07-21,Lipitor,Abnormal,14,2021,7
50,Female,AB-,Obesity,2020-08-20,Ariana Patton,Morris-Griffin,Cigna,28479.941867894348,Elective,2020-09-17,Aspirin,Normal,28,2020,8
56,Male,O-,Arthritis,2021-11-11,Lisa Reid,LLC Hammond,UnitedHealthcare,35479.2683004752,Elective,2021-11-18,Paracetamol,Normal,7,2021,11
57,Male,B-,Hypertension,2021-03-20,Victoria Baldwin,"and Myers Jones, Lee",Cigna,41282.152189648,Urgent,2021-03-23,Aspirin,Inconclusive,3,2021,3
24,Female,AB+,Diabetes,2023-12-02,Alison Mills,"Doyle, Turner Baldwin and",UnitedHealthcare,20049.3104192966,Elective,2023-12-25,Aspirin,Normal,23,2023,12
83,Female,B+,Asthma,2021-06-06,Vicki Wilson,"Evans and Middleton, Hill",Cigna,37122.9195032896,Urgent,2021-06-10,Paracetamol,Inconclusive,4,2021,6
45,Male,O-,Cancer,2021-04-06,Scott Burton,Morrow Inc,Medicare,31840.54873524183,Elective,2021-05-06,Penicillin,Normal,30,2021,4
55,Female,AB-,Hypertension,2022-04-21,Dave Olsen Jr.,Fernandez Inc,Blue Cross,38508.71050995396,Emergency,2022-05-11,Ibuprofen,Abnormal,20,2022,4
32,Male,AB+,Asthma,2020-10-25,Andrew Boyle,"Bell King and Williams,",Cigna,33143.71508819352,Emergency,2020-11-12,Aspirin,Inconclusive,18,2020,10
52,Male,A+,Diabetes,2021-11-09,John Thomas,Oneal Inc,Cigna,21968.02229016304,Elective,2021-11-11,Paracetamol,Abnormal,2,2021,11
39,Female,AB+,Diabetes,2022-06-17,Lori Lewis,"Holden Combs Jones, and",Aetna,38617.93071809865,Urgent,2022-07-04,Ibuprofen,Normal,17,2022,6
80,Male,O+,Hypertension,2020-05-09,Kathryn Ochoa,"Molina Reyes and White,",UnitedHealthcare,41633.13559015159,Emergency,2020-05-13,Paracetamol,Abnormal,4,2020,5
22,Male,B+,Hypertension,2022-01-20,Duane Lucas,Lee-Smith,Medicare,43362.76462286261,Emergency,2022-01-31,Ibuprofen,Inconclusive,11,2022,1
60,Male,B-,Asthma,2023-10-25,Larry King,"Park Wells, and Hudson",UnitedHealthcare,29837.593037609666,Urgent,2023-11-04,Aspirin,Abnormal,10,2023,10
23,Female,A+,Cancer,2021-01-30,Maria Johnson,Vazquez Group,Cigna,25223.41128432217,Urgent,2021-02-25,Ibuprofen,Inconclusive,26,2021,1
72,Female,AB+,Asthma,2024-03-01,Jamie Wright,"and Tran Miller, Lee",Medicare,20156.22842262048,Elective,2024-03-04,Paracetamol,Abnormal,3,2024,3
26,Female,O-,Arthritis,2020-01-07,Corey Mccoy,Garcia-Sanchez,Cigna,34302.11109572091,Elective,2020-01-13,Aspirin,Abnormal,6,2020,1
43,Male,O-,Diabetes,2020-08-04,Samuel Shields,Rodriguez Ltd,Blue Cross,12989.18567902792,Emergency,2020-08-25,Penicillin,Abnormal,21,2020,8
76,Male,AB+,Hypertension,2024-03-21,Ricky Kim,Grant-Hall,Medicare,34699.907431629195,Urgent,2024-04-15,Lipitor,Normal,25,2024,3
18,Female,AB+,Asthma,2022-12-17,Jose Lawrence,and Sons Sanders,UnitedHealthcare,7046.908685511196,Elective,2023-01-03,Ibuprofen,Normal,17,2022,12
28,Male,AB-,Obesity,2021-08-30,Adriana Duncan,"Montgomery and Baldwin, Martinez",Aetna,32254.441154988657,Emergency,2021-09-21,Aspirin,Normal,22,2021,8
55,Female,B+,Cancer,2023-08-02,Mary Sheppard,"Sherman and Hardy, Johns",Medicare,28425.91949297801,Elective,2023-08-23,Lipitor,Inconclusive,21,2023,8
78,Female,B-,Diabetes,2022-02-06,Samantha Gray,PLC Thompson,Cigna,35370.17819472841,Urgent,2022-02-28,Lipitor,Normal,22,2022,2
73,Male,B+,Diabetes,2023-10-02,Kimberly Cook,"Woods Edwards and Ortiz,",UnitedHealthcare,44898.91892958142,Urgent,2023-10-16,Lipitor,Abnormal,14,2023,10
18,Male,B-,Diabetes,2020-07-24,Mr. Jason Stein,"and Frank Howard Mcneil,",Aetna,21374.628898572464,Elective,2020-08-08,Aspirin,Abnormal,15,2020,7
74,Male,O-,Asthma,2021-08-31,Elizabeth Bautista,LLC Simmons,Cigna,32835.6104592237,Elective,2021-09-28,Aspirin,Inconclusive,28,2021,8
51,Male,AB-,Diabetes,2022-05-17,Allen Leonard,Carrillo Group,Aetna,6925.549772455445,Elective,2022-05-28,Lipitor,Inconclusive,11,2022,5
85,Female,B-,Obesity,2021-11-22,Daniel Williams,and Mclaughlin Sons,Aetna,28401.272141663903,Urgent,2021-11-30,Penicillin,Inconclusive,8,2021,11
32,Female,O+,Cancer,2022-03-14,Christopher Howe,Inc Nelson,Cigna,48416.20335783149,Urgent,2022-04-13,Ibuprofen,Abnormal,30,2022,3
54,Female,O-,Diabetes,2020-12-16,James Duarte,Ortiz Sons and,Medicare,37694.0381923844,Emergency,2020-12-18,Penicillin,Inconclusive,2,2020,12
71,Female,AB+,Obesity,2023-02-03,Brittany Cole,Brown-Johnston,Cigna,7582.460736773149,Urgent,2023-02-26,Lipitor,Abnormal,23,2023,2
68,Female,O-,Arthritis,2021-03-18,Lindsey Arias,Freeman-Hunter,Cigna,29414.68600622586,Emergency,2021-03-25,Lipitor,Normal,7,2021,3
81,Female,A+,Diabetes,2023-01-28,Brandon Johnson,Pineda-Gay,UnitedHealthcare,16167.6646991566,Emergency,2023-01-30,Penicillin,Abnormal,2,2023,1
39,Male,A+,Cancer,2023-06-07,Kyle Walker,Payne Inc,Aetna,14373.03498009855,Urgent,2023-06-20,Paracetamol,Normal,13,2023,6
70,Female,AB-,Diabetes,2020-02-26,Michelle Kaufman,Williams-Howard,UnitedHealthcare,47252.04299996948,Urgent,2020-03-18,Penicillin,Abnormal,21,2020,2
28,Male,B+,Cancer,2023-10-31,Michael Marsh,"Garcia, Williams and Hernandez",Aetna,47086.17656302804,Emergency,2023-11-27,Aspirin,Abnormal,27,2023,10
58,Female,B-,Obesity,2021-07-28,Gary Gutierrez,Campbell-Kelly,Medicare,2939.716404223213,Elective,2021-08-22,Ibuprofen,Normal,25,2021,7
53,Male,A-,Hypertension,2020-06-02,Rachel Harris,Odonnell-Lambert,Blue Cross,31333.66098044521,Emergency,2020-06-29,Penicillin,Abnormal,27,2020,6
51,Male,B+,Obesity,2019-11-06,Jesse Lee,Lynn-Garcia,Cigna,44937.49327951392,Urgent,2019-11-17,Ibuprofen,Abnormal,11,2019,11
73,Female,A-,Arthritis,2021-10-07,Brittany Sanchez,Pope-Cisneros,Medicare,14596.946672312431,Emergency,2021-10-19,Aspirin,Abnormal,12,2021,10
32,Female,O+,Diabetes,2022-11-26,Steven Benson,"Miller and Tate, Rubio",Blue Cross,47683.1161177,Emergency,2022-12-15,Ibuprofen,Inconclusive,19,2022,11
60,Female,AB-,Arthritis,2021-06-22,Laurie Gates,"Gonzalez Mason Wilson, and",Aetna,50075.12854150392,Urgent,2021-07-09,Paracetamol,Inconclusive,17,2021,6
84,Male,AB-,Diabetes,2022-07-07,Joan Henderson,PLC Flores,Medicare,43444.70455554821,Urgent,2022-07-25,Paracetamol,Inconclusive,18,2022,7
48,Male,B+,Hypertension,2021-05-19,Jordan Wang,Davis-Garcia,Aetna,12389.47888918229,Urgent,2021-06-07,Aspirin,Inconclusive,19,2021,5
38,Female,A+,Diabetes,2020-04-07,Katherine Hancock,and Duke Sons,Aetna,33122.706501321765,Emergency,2020-04-22,Paracetamol,Normal,15,2020,4
57,Male,B-,Cancer,2021-09-07,Gina Davis,"Wood Vazquez, and Herrera",Medicare,22491.18422461488,Urgent,2021-09-23,Lipitor,Inconclusive,16,2021,9
54,Male,O-,Obesity,2021-09-19,Robert Smith,Valdez-White,Cigna,40124.45379160247,Emergency,2021-10-04,Paracetamol,Inconclusive,15,2021,9
50,Female,A+,Cancer,2019-12-27,Laurie Mcneil,Miller Inc,Aetna,39155.12264281956,Elective,2019-12-31,Aspirin,Inconclusive,4,2019,12
53,Male,A-,Obesity,2022-03-27,Benjamin Newman,Watkins-Bradford,Blue Cross,36315.98958966224,Urgent,2022-04-20,Ibuprofen,Normal,24,2022,3
56,Male,AB+,Arthritis,2022-10-05,Vanessa Gonzalez,"and Rocha Wilson, Vargas",UnitedHealthcare,36890.03915709735,Urgent,2022-10-25,Aspirin,Normal,20,2022,10
71,Male,A-,Hypertension,2022-11-22,Dr. Catherine Smith DDS,"James, Gates Richardson and",Aetna,15614.842442260988,Urgent,2022-12-14,Paracetamol,Normal,22,2022,11
62,Female,AB-,Diabetes,2022-04-29,Mary Brady,"and Mitchell Hayes Jones,",Aetna,48995.88038935802,Elective,2022-05-23,Paracetamol,Inconclusive,24,2022,4
55,Female,A+,Obesity,2022-06-07,John May,Proctor-Davis,Blue Cross,6889.238658226059,Elective,2022-06-23,Penicillin,Normal,16,2022,6
75,Female,B-,Obesity,2021-04-10,Andrea Pittman,"Williams Kline Brown, and",Blue Cross,18249.54381158248,Elective,2021-04-22,Penicillin,Inconclusive,12,2021,4
35,Male,O-,Cancer,2022-04-14,Audrey Warner,"Rangel Duffy, Lewis and",Aetna,24910.43900342814,Elective,2022-04-29,Penicillin,Normal,15,2022,4
20,Male,A-,Arthritis,2024-02-21,Tiffany Copeland,"and Maldonado Davenport, Brown",Blue Cross,41785.18950430976,Elective,2024-03-09,Aspirin,Inconclusive,17,2024,2
81,Female,A-,Diabetes,2023-02-25,Darrell Frye,Harris-Cooper,Cigna,27796.866924972528,Urgent,2023-03-09,Penicillin,Inconclusive,12,2023,2
50,Female,AB+,Arthritis,2022-08-31,Michael Hale,"Bryant and Mack, Hartman",Cigna,49107.74351163503,Urgent,2022-09-26,Paracetamol,Normal,26,2022,8
48,Female,AB-,Diabetes,2022-08-30,Dawn Cook,"Anderson Stone Sutton, and",Medicare,11880.447186827065,Elective,2022-08-31,Penicillin,Inconclusive,1,2022,8
41,Male,AB+,Cancer,2019-11-29,Roger Mccall,Burns-Bennett,UnitedHealthcare,35909.686966353074,Elective,2019-12-21,Penicillin,Normal,22,2019,11
36,Male,B-,Diabetes,2020-05-16,Danielle Gentry,Mathews Ltd,Cigna,672.3353000133351,Urgent,2020-05-23,Paracetamol,Normal,7,2020,5
81,Male,B+,Diabetes,2019-08-18,Robin Jimenez,Tucker-Young,Blue Cross,20220.20800353641,Elective,2019-09-13,Paracetamol,Normal,26,2019,8
48,Male,O+,Obesity,2024-05-05,Jose Nelson,Thomas-Lawrence,Aetna,15681.643633718157,Urgent,2024-05-09,Lipitor,Normal,4,2024,5
76,Female,A-,Arthritis,2023-09-13,Michael Clark,Harris-Lewis,Cigna,22105.212357935536,Elective,2023-09-14,Lipitor,Abnormal,1,2023,9
25,Male,O-,Hypertension,2019-10-04,Matthew Morales,Freeman-Price,Cigna,14541.4746493377,Emergency,2019-10-22,Paracetamol,Normal,18,2019,10
22,Female,A+,Cancer,2019-12-31,Beth Morris,Sims-Smith,Cigna,11732.82661705814,Urgent,2020-01-01,Lipitor,Inconclusive,1,2019,12
19,Female,AB+,Arthritis,2019-11-08,Gabriella Chang,"Rodriguez Bush, and Shaw",Aetna,37478.32460765728,Elective,2019-11-18,Aspirin,Normal,10,2019,11
38,Male,B+,Hypertension,2023-12-20,Brandi Martin,"and Clark Murray Watson,",Cigna,47517.96729478344,Elective,2024-01-03,Ibuprofen,Inconclusive,14,2023,12
19,Male,O-,Asthma,2021-11-16,Nicole Lee,Ltd Hughes,Cigna,21549.10720056324,Emergency,2021-12-09,Aspirin,Abnormal,23,2021,11
84,Female,A+,Hypertension,2020-10-20,John White,Johnson-Buchanan,Medicare,36313.5636327386,Emergency,2020-11-15,Ibuprofen,Normal,26,2020,10
78,Female,AB-,Asthma,2023-02-22,Jade Clark,Bradley Ltd,Cigna,17776.594489740593,Urgent,2023-03-17,Ibuprofen,Normal,23,2023,2
29,Male,B+,Cancer,2022-11-18,Todd French,and Adams Sons,Medicare,33579.41150601695,Urgent,2022-11-27,Penicillin,Normal,9,2022,11
42,Male,A+,Cancer,2020-10-17,Madison Wilson,"Ramsey Quinn, Bush and",Cigna,9517.61628886824,Emergency,2020-10-26,Ibuprofen,Normal,9,2020,10
22,Male,AB-,Diabetes,2020-11-04,Brandi Garcia,"Burgess Rogers, and Wise",Cigna,38228.39458663678,Urgent,2020-11-30,Penicillin,Normal,26,2020,11
44,Male,O-,Hypertension,2020-12-27,Taylor Morgan,Woodard-Griffin,Aetna,26498.156013025466,Elective,2020-12-30,Penicillin,Normal,3,2020,12
34,Female,A+,Diabetes,2020-08-30,Elizabeth Walker,Cole-Perez,Medicare,24483.33638665491,Emergency,2020-09-22,Aspirin,Normal,23,2020,8
43,Male,A-,Asthma,2023-05-17,Michele Schwartz,"Munoz and Swanson, Tran",Medicare,29751.997270591903,Elective,2023-05-30,Ibuprofen,Normal,13,2023,5
78,Female,A+,Arthritis,2019-06-26,Jordan Fletcher,LLC Brown,Blue Cross,38642.64301822113,Emergency,2019-07-22,Ibuprofen,Normal,26,2019,6
67,Female,AB+,Arthritis,2022-11-21,Robert Turner,"and Drake, Landry Garcia",Blue Cross,18782.03455588516,Elective,2022-12-03,Penicillin,Inconclusive,12,2022,11
67,Male,O-,Diabetes,2021-11-23,Dawn Rivera,Johnson-Hughes,Aetna,14073.883802656275,Urgent,2021-11-29,Penicillin,Inconclusive,6,2021,11
45,Female,AB+,Obesity,2023-02-13,Alice Green,Mendoza-Lester,Aetna,16342.839582731276,Elective,2023-03-12,Penicillin,Inconclusive,27,2023,2
36,Male,AB+,Diabetes,2019-10-22,Judith Fisher,Patel-Kim,Blue Cross,14604.10085666085,Emergency,2019-11-11,Lipitor,Inconclusive,20,2019,10
67,Female,O-,Obesity,2022-09-15,Margaret Gardner,"Walker and Pena, Barrera",Medicare,29758.082726006643,Elective,2022-10-03,Aspirin,Normal,18,2022,9
21,Male,O-,Asthma,2022-11-15,Daniel Contreras,Cox-Hines,Medicare,17058.05483457912,Emergency,2022-11-27,Penicillin,Normal,12,2022,11
52,Female,B-,Hypertension,2022-05-25,Christian Cox,Inc Garcia,UnitedHealthcare,33134.54086018277,Emergency,2022-06-15,Paracetamol,Normal,21,2022,5
84,Female,B-,Obesity,2019-12-23,Jeremy Oliver,Group Ferguson,Cigna,20232.014618530982,Elective,2020-01-07,Paracetamol,Inconclusive,15,2019,12
44,Female,AB+,Diabetes,2021-09-25,Cody Stone,PLC Wheeler,Medicare,38374.77664682134,Elective,2021-10-07,Paracetamol,Inconclusive,12,2021,9
78,Female,AB-,Hypertension,2022-03-07,Kyle Sandoval,PLC Brown,UnitedHealthcare,25157.28295445716,Elective,2022-03-21,Aspirin,Normal,14,2022,3
43,Female,O-,Hypertension,2019-09-02,Stephen Holloway,Lucas Ltd,UnitedHealthcare,47050.35375533496,Elective,2019-09-15,Aspirin,Normal,13,2019,9
35,Female,AB-,Arthritis,2020-03-14,Susan Porter,Baldwin-Wheeler,Medicare,16063.778048994993,Urgent,2020-03-20,Aspirin,Inconclusive,6,2020,3
63,Female,B+,Obesity,2022-09-20,Mary Lee,Ltd Hill,UnitedHealthcare,6896.087809839798,Emergency,2022-09-21,Paracetamol,Normal,1,2022,9
35,Male,A-,Arthritis,2022-08-09,Laura Dalton,Green-Sharp,Aetna,16611.90479341203,Urgent,2022-08-13,Penicillin,Normal,4,2022,8
30,Male,O+,Asthma,2019-06-22,Mark West,PLC Baker,Cigna,7743.798729163234,Elective,2019-06-30,Lipitor,Inconclusive,8,2019,6
19,Male,B-,Obesity,2020-03-20,Tyler Williams,Nichols-Garrison,Blue Cross,33804.201118474,Elective,2020-04-02,Lipitor,Normal,13,2020,3
48,Female,O-,Asthma,2020-03-21,Megan Martinez,Jennings-Smith,Blue Cross,48940.48126463444,Emergency,2020-03-29,Ibuprofen,Normal,8,2020,3
32,Male,AB-,Asthma,2023-04-01,Natalie Stark,Williams-Cooke,Cigna,9157.777296316424,Urgent,2023-04-06,Aspirin,Abnormal,5,2023,4
52,Male,O+,Obesity,2020-09-22,Hannah Grimes,Group Morris,UnitedHealthcare,25084.3561236854,Urgent,2020-10-12,Ibuprofen,Inconclusive,20,2020,9
28,Male,O-,Hypertension,2024-01-21,Mary Butler,Schultz-Taylor,Blue Cross,25268.994502184603,Emergency,2024-02-12,Paracetamol,Inconclusive,22,2024,1
63,Male,O+,Asthma,2020-12-30,Amber Johnson,"Welch, Nielsen and Taylor",UnitedHealthcare,36614.0062893702,Urgent,2021-01-28,Paracetamol,Abnormal,29,2020,12
81,Male,AB+,Obesity,2024-05-03,Laura Simmons,Inc Norman,Medicare,13270.5078315569,Emergency,2024-05-25,Ibuprofen,Inconclusive,22,2024,5
29,Male,B-,Hypertension,2021-10-25,Janice Nichols,Gardner Group,UnitedHealthcare,21810.51674859146,Elective,2021-11-20,Aspirin,Normal,26,2021,10
62,Male,A-,Asthma,2021-09-16,Colleen Knight,Ltd Romero,UnitedHealthcare,35959.44497634187,Emergency,2021-10-09,Lipitor,Inconclusive,23,2021,9
63,Female,AB+,Obesity,2020-02-22,Mr. Jesse Flores,Serrano and Sons,Medicare,18362.83458334057,Emergency,2020-02-27,Aspirin,Abnormal,5,2020,2
78,Male,B-,Arthritis,2021-03-10,Sheila Campbell,"Roberts Fitzgerald and Graham,",Aetna,21339.4364646184,Urgent,2021-03-16,Lipitor,Abnormal,6,2021,3
48,Female,A+,Diabetes,2021-08-21,Rachael Lopez,Dunn LLC,Aetna,6633.549021304466,Elective,2021-08-25,Aspirin,Inconclusive,4,2021,8
38,Male,B-,Hypertension,2019-05-14,Kaitlyn Harris,Villegas-Pacheco,Cigna,25051.421384852736,Urgent,2019-05-18,Aspirin,Inconclusive,4,2019,5
24,Male,AB-,Cancer,2020-11-18,Morgan Greer,Group Cannon,UnitedHealthcare,34208.655857828024,Emergency,2020-11-21,Penicillin,Abnormal,3,2020,11
38,Male,AB+,Diabetes,2023-12-28,Anthony Higgins,Spence Ltd,Cigna,9155.895095123467,Emergency,2024-01-08,Lipitor,Inconclusive,11,2023,12
39,Male,B+,Arthritis,2021-05-23,Jennifer Cannon,LLC Bishop,Medicare,47614.93368632452,Urgent,2021-05-29,Paracetamol,Abnormal,6,2021,5
53,Female,A+,Arthritis,2023-01-20,Teresa Edwards,Brown-Johnson,Aetna,32449.06866458938,Urgent,2023-02-13,Lipitor,Abnormal,24,2023,1
39,Female,B-,Cancer,2022-11-21,Crystal Taylor,PLC Conrad,Blue Cross,9626.161391697882,Elective,2022-12-20,Paracetamol,Abnormal,29,2022,11
30,Female,B-,Asthma,2019-12-25,Melissa Hanson,"Paul and Morrison Patel,",Blue Cross,16891.37314448297,Elective,2020-01-15,Lipitor,Abnormal,21,2019,12
68,Male,B-,Obesity,2021-07-21,Alyssa Perez,Walker Ltd,UnitedHealthcare,3140.675315069173,Emergency,2021-07-23,Ibuprofen,Inconclusive,2,2021,7
65,Male,A+,Diabetes,2023-07-25,Ana Warren,"Smith and Santiago Daniels,",Medicare,3345.7002618451565,Urgent,2023-08-06,Lipitor,Abnormal,12,2023,7
62,Male,A-,Obesity,2020-04-30,Jose Howell,Mckinney-Vasquez,Cigna,4521.273227652485,Emergency,2020-05-07,Lipitor,Normal,7,2020,4
22,Female,O+,Cancer,2021-08-18,Andrew Brown,"Flynn Barnett Kelly, and",Cigna,35849.85834901921,Urgent,2021-08-19,Lipitor,Inconclusive,1,2021,8
84,Female,AB+,Diabetes,2019-08-23,Gerald Gutierrez,Allen-French,UnitedHealthcare,30351.123435172896,Emergency,2019-09-02,Penicillin,Inconclusive,10,2019,8
38,Female,AB-,Arthritis,2020-05-30,Sarah Morton,"Avery, and Mckenzie Kim",Aetna,29311.912816610708,Emergency,2020-06-06,Paracetamol,Normal,7,2020,5
78,Female,AB-,Cancer,2021-08-25,Tonya Bolton,"Lopez Macdonald Gutierrez, and",Cigna,16153.00862377708,Emergency,2021-09-05,Lipitor,Abnormal,11,2021,8
28,Male,AB-,Arthritis,2020-02-13,Marcus Webster,"Patterson, Diaz Hughes and",Cigna,38858.034621878,Urgent,2020-03-06,Aspirin,Abnormal,22,2020,2
36,Female,B+,Obesity,2020-10-07,Nicole Knox,Crawford-Harper,UnitedHealthcare,18353.81398258688,Emergency,2020-11-01,Ibuprofen,Normal,25,2020,10
33,Male,O+,Obesity,2020-02-01,Katherine Smith,Inc Thomas,Medicare,19941.040095715813,Elective,2020-02-12,Aspirin,Normal,11,2020,2
45,Female,A-,Arthritis,2020-03-20,Angel Williams,"and Johnson Turner Allen,",Blue Cross,27988.773640671767,Urgent,2020-04-05,Ibuprofen,Inconclusive,16,2020,3
57,Male,A+,Obesity,2022-01-06,Joann Marshall,LLC Anderson,Medicare,10408.8156002654,Elective,2022-01-31,Paracetamol,Normal,25,2022,1
69,Female,O+,Diabetes,2023-03-20,Ashley Hernandez,"Cox, Molina and Owen",Aetna,3969.186305428658,Emergency,2023-04-09,Paracetamol,Normal,20,2023,3
47,Female,B+,Hypertension,2019-12-12,William Perez,"Smith, and Collins Key",Medicare,37489.44894801208,Emergency,2019-12-14,Aspirin,Inconclusive,2,2019,12
30,Male,B-,Asthma,2021-10-05,Maria Edwards,Allison-Cameron,Aetna,38578.53614823904,Emergency,2021-10-10,Penicillin,Abnormal,5,2021,10
68,Male,AB-,Arthritis,2024-04-27,John Vaughan,"Barnett Bass, Pacheco and",Blue Cross,38455.99724188054,Urgent,2024-05-13,Lipitor,Normal,16,2024,4
33,Female,A+,Diabetes,2024-03-30,Anthony Sanchez,"Reid Osborne, Weeks and",Cigna,30137.762501212437,Urgent,2024-04-02,Paracetamol,Normal,3,2024,3
70,Male,O+,Hypertension,2021-02-07,Amy Robinson,"Sanchez, and Cline Hernandez",UnitedHealthcare,21715.540776301525,Emergency,2021-02-21,Aspirin,Inconclusive,14,2021,2
80,Female,B-,Hypertension,2020-12-28,Anthony Bass,Ltd Salinas,Blue Cross,28081.937282515268,Elective,2021-01-17,Lipitor,Normal,20,2020,12
76,Female,A-,Asthma,2024-02-06,Caitlin Brown,Griffin Group,Cigna,44600.85843491544,Elective,2024-02-11,Lipitor,Normal,5,2024,2
47,Female,B+,Hypertension,2021-06-11,Rebecca Thompson,and Rodriguez Sons,Medicare,29493.76845252337,Emergency,2021-07-08,Paracetamol,Inconclusive,27,2021,6
59,Female,B+,Arthritis,2021-05-13,Antonio Wheeler,and Sons Dawson,Blue Cross,49170.5759014464,Elective,2021-06-01,Ibuprofen,Inconclusive,19,2021,5
61,Male,B-,Cancer,2023-10-08,Timothy Young Jr.,"Fletcher Garcia and Howard,",UnitedHealthcare,8287.601753951274,Elective,2023-10-17,Aspirin,Abnormal,9,2023,10
62,Male,A-,Hypertension,2021-11-18,John Blanchard,LLC Reyes,Blue Cross,14977.898268921192,Emergency,2021-12-06,Ibuprofen,Inconclusive,18,2021,11
53,Male,B+,Diabetes,2021-04-13,David Strong,Griffin-Flores,Blue Cross,5803.091414675937,Emergency,2021-04-28,Penicillin,Normal,15,2021,4
46,Female,B+,Diabetes,2019-12-02,Julie Brown,PLC White,Medicare,20513.87004316191,Emergency,2019-12-06,Paracetamol,Inconclusive,4,2019,12
38,Female,O-,Asthma,2022-12-16,Samantha Wall,PLC Mccoy,Blue Cross,32507.280277912934,Urgent,2022-12-31,Lipitor,Abnormal,15,2022,12
53,Male,O+,Diabetes,2022-10-24,Alisha Flores,"and Morales Palmer Thompson,",Medicare,4672.047319354707,Elective,2022-10-25,Lipitor,Inconclusive,1,2022,10
67,Male,B+,Cancer,2023-04-16,Jennifer Doyle,Ibarra-Grant,Aetna,20194.99965000813,Emergency,2023-04-21,Aspirin,Abnormal,5,2023,4
54,Female,AB-,Cancer,2019-09-18,Rachel Aguirre,"Gregory, Mcgee and Sparks",Medicare,23645.538293483118,Emergency,2019-09-22,Lipitor,Abnormal,4,2019,9
30,Female,B-,Diabetes,2020-05-30,Tiffany Richmond,"Mcneil, Keller and King",UnitedHealthcare,32065.126680448266,Urgent,2020-06-18,Lipitor,Normal,19,2020,5
41,Male,B+,Obesity,2020-06-26,Nancy Fisher,Barron-Jarvis,Aetna,44605.63566345095,Emergency,2020-07-23,Paracetamol,Abnormal,27,2020,6
26,Male,B-,Asthma,2022-01-25,Marc Bright,"and Warren Hurst, Nelson",Cigna,28071.48411446184,Elective,2022-02-04,Lipitor,Normal,10,2022,1
24,Male,B+,Arthritis,2023-10-17,Alexandra Davis,LLC Montoya,Blue Cross,39191.56837948726,Elective,2023-11-11,Ibuprofen,Abnormal,25,2023,10
72,Female,B-,Diabetes,2022-01-28,Rebecca Mcintosh,Ltd Hansen,Cigna,1901.892699271035,Emergency,2022-02-19,Penicillin,Normal,22,2022,1
53,Male,A+,Hypertension,2021-05-12,Brenda Peterson,Ltd Jones,Blue Cross,10605.72795697759,Urgent,2021-05-19,Paracetamol,Normal,7,2021,5
42,Female,O+,Arthritis,2021-10-01,Walter Smith,"Shaw, and Diaz Jones",Blue Cross,24547.272362930933,Elective,2021-10-12,Penicillin,Normal,11,2021,10
19,Male,AB+,Hypertension,2020-04-08,Ms. Tonya Ochoa PhD,"Wright and Sharp Franklin,",UnitedHealthcare,25275.67059284739,Emergency,2020-05-06,Paracetamol,Abnormal,28,2020,4
85,Male,O+,Cancer,2021-09-07,Bridget Irwin,PLC White,Aetna,7628.951322258453,Elective,2021-09-24,Aspirin,Abnormal,17,2021,9
70,Female,AB+,Arthritis,2023-04-14,Bruce Young,Inc Jarvis,Medicare,27727.19747808712,Emergency,2023-05-14,Ibuprofen,Normal,30,2023,4
82,Female,A-,Arthritis,2023-10-03,Alexis Sandoval,"Bullock and Peck Morris,",Blue Cross,24954.09505334066,Urgent,2023-10-21,Lipitor,Normal,18,2023,10
35,Male,B+,Hypertension,2021-03-18,Christina Dyer,Reed Ltd,Aetna,6584.312697350952,Elective,2021-04-07,Penicillin,Inconclusive,20,2021,3
45,Male,O-,Asthma,2019-09-26,Noah Torres,LLC Crosby,Cigna,46428.95301270871,Urgent,2019-10-12,Lipitor,Abnormal,16,2019,9
51,Male,B-,Diabetes,2020-01-30,Michael Bullock,"Wagner Ware, and Davis",Aetna,31036.12936929821,Emergency,2020-02-13,Paracetamol,Normal,14,2020,1
62,Male,A-,Cancer,2019-05-26,Bryan Leonard,White-Levine,Cigna,45457.65179103557,Elective,2019-06-03,Paracetamol,Normal,8,2019,5
38,Male,O+,Arthritis,2021-10-20,Shannon Davidson,Martinez-Fischer,Cigna,49190.18196048123,Urgent,2021-11-18,Ibuprofen,Inconclusive,29,2021,10
75,Male,O-,Obesity,2023-08-21,Mrs. Hannah Riggs,Schmidt-Wilson,UnitedHealthcare,34036.0618345358,Elective,2023-09-06,Ibuprofen,Normal,16,2023,8
74,Female,A-,Cancer,2020-06-11,Tiffany Wallace,English Group,Cigna,42910.673897380286,Urgent,2020-06-22,Penicillin,Abnormal,11,2020,6
37,Female,A+,Cancer,2023-01-19,Patrick Greene,"Wells and Russell, May",Blue Cross,6478.566613807511,Elective,2023-01-24,Aspirin,Inconclusive,5,2023,1
47,Female,B-,Hypertension,2023-11-03,John Fernandez,"Rivera, and Webb Davis",Cigna,2259.40834765187,Emergency,2023-12-02,Lipitor,Abnormal,29,2023,11
21,Female,B-,Arthritis,2023-04-24,Adam Whitehead,Parker-Coleman,UnitedHealthcare,19017.64558070504,Elective,2023-04-29,Aspirin,Abnormal,5,2023,4
20,Male,B+,Arthritis,2020-01-16,Mark Davis,"Gonzales Garcia, and Smith",Blue Cross,24505.120500136232,Emergency,2020-01-29,Lipitor,Normal,13,2020,1
21,Male,A+,Hypertension,2020-07-05,Jose Maldonado,Haas-Garner,Aetna,10467.646842463502,Emergency,2020-07-21,Paracetamol,Inconclusive,16,2020,7
57,Male,AB+,Cancer,2021-09-20,Brandon Patton,Kelley-Yates,Blue Cross,13585.227361660727,Urgent,2021-10-05,Paracetamol,Inconclusive,15,2021,9
33,Female,O-,Diabetes,2022-08-23,Richard Guzman,Ramirez-Page,Aetna,12583.880821823588,Emergency,2022-09-09,Penicillin,Inconclusive,17,2022,8
27,Female,A-,Cancer,2020-04-05,Rebecca Dougherty,and Farrell Sons,Blue Cross,31350.034886240952,Urgent,2020-04-20,Penicillin,Normal,15,2020,4
35,Female,AB+,Diabetes,2022-03-29,Robert Lee,Pearson-Adams,UnitedHealthcare,23969.47484711167,Emergency,2022-04-24,Paracetamol,Abnormal,26,2022,3
39,Male,B-,Arthritis,2022-07-10,Diana Waters,Wallace-Lopez,Aetna,11648.241026555808,Urgent,2022-07-17,Penicillin,Normal,7,2022,7
65,Male,O-,Diabetes,2022-12-20,Gabriel Pineda,LLC Cannon,Medicare,3312.851821714561,Urgent,2023-01-07,Paracetamol,Inconclusive,18,2022,12
84,Male,AB-,Asthma,2021-01-20,Alicia Pierce,"Giles and Barnett Ortiz,",Aetna,14281.1916626242,Elective,2021-02-08,Lipitor,Abnormal,19,2021,1
46,Female,AB+,Hypertension,2022-10-07,Travis Whitaker,Group Underwood,Aetna,32885.077718321896,Urgent,2022-10-09,Ibuprofen,Abnormal,2,2022,10
20,Male,A+,Diabetes,2023-08-10,Stephen Robbins,King-Wilson,Cigna,26813.357390135254,Emergency,2023-08-13,Lipitor,Inconclusive,3,2023,8
69,Female,A+,Asthma,2021-06-25,Debra Ramos,Spencer-Watts,Blue Cross,43174.91309590801,Emergency,2021-07-14,Penicillin,Inconclusive,19,2021,6
19,Male,O+,Asthma,2023-09-04,Edward Ford,Carter Inc,UnitedHealthcare,28692.355775593784,Elective,2023-10-01,Ibuprofen,Inconclusive,27,2023,9
36,Male,O+,Asthma,2023-03-25,Joann Williams,"and Horton Giles Parker,",Cigna,7287.041593948005,Urgent,2023-04-10,Lipitor,Normal,16,2023,3
59,Male,B+,Cancer,2023-06-28,Kristina Reyes,Stewart PLC,Aetna,19565.792789115974,Urgent,2023-07-07,Ibuprofen,Normal,9,2023,6
59,Male,A-,Cancer,2023-07-02,Sheila Foster,Stewart-Pratt,Medicare,28201.586359127483,Emergency,2023-07-11,Lipitor,Abnormal,9,2023,7
24,Female,B-,Diabetes,2020-10-08,Marcus Schaefer,Hickman-Clark,Cigna,22175.51968802816,Emergency,2020-10-16,Ibuprofen,Normal,8,2020,10
29,Female,B-,Hypertension,2023-08-18,Johnny Miller,Santiago-Neal,Blue Cross,36927.55553232185,Urgent,2023-08-26,Aspirin,Normal,8,2023,8
54,Male,B-,Obesity,2023-10-15,Jody Pope,"Mueller and Campbell Hull,",Medicare,41719.40801361863,Emergency,2023-10-31,Aspirin,Abnormal,16,2023,10
58,Male,B+,Cancer,2021-07-25,David Miller,"Smith and Garcia Ross,",Cigna,7744.415837747581,Elective,2021-08-23,Aspirin,Abnormal,29,2021,7
70,Male,O+,Asthma,2023-04-11,Diamond Rodriguez,Irwin PLC,Blue Cross,46893.38628486737,Emergency,2023-04-18,Lipitor,Abnormal,7,2023,4
64,Male,B+,Cancer,2019-09-16,Daniel Morgan,"Lewis, Brown and Freeman",Blue Cross,2040.111940379966,Urgent,2019-09-20,Aspirin,Normal,4,2019,9
57,Male,A+,Obesity,2021-11-10,Julie Fisher,Schmitt-Barnes,Blue Cross,3117.9511312338595,Emergency,2021-11-17,Ibuprofen,Inconclusive,7,2021,11
45,Female,O-,Cancer,2021-02-24,Kerry Miller,"Walls Ramos, Cain and",Blue Cross,8456.978287467837,Emergency,2021-03-11,Ibuprofen,Inconclusive,15,2021,2
80,Female,O-,Asthma,2020-07-09,Brian Barnes,LLC Johnson,Cigna,50554.30543531894,Elective,2020-08-07,Paracetamol,Normal,29,2020,7
82,Male,O+,Diabetes,2021-07-09,John Price,"Bryan, and Cook Patrick",Aetna,38174.67940908466,Elective,2021-07-27,Lipitor,Abnormal,18,2021,7
62,Female,B+,Hypertension,2020-08-05,Shelby Alexander,Chavez PLC,Blue Cross,1309.358493621948,Emergency,2020-08-29,Penicillin,Inconclusive,24,2020,8
55,Female,B+,Arthritis,2021-08-24,Lynn Garcia DVM,Thomas-Miller,Blue Cross,6604.203030740269,Emergency,2021-09-10,Penicillin,Normal,17,2021,8
23,Male,A-,Arthritis,2021-04-22,Patricia Fernandez,and Aguilar Sons,Blue Cross,23550.15857612006,Urgent,2021-05-09,Ibuprofen,Inconclusive,17,2021,4
19,Female,AB+,Diabetes,2023-11-14,Daniel Roberts,Santos-Kelley,Medicare,12406.939179129044,Elective,2023-12-14,Penicillin,Inconclusive,30,2023,11
46,Female,O-,Asthma,2022-02-20,Kimberly Hoffman,"Brown Powell, Jimenez and",Medicare,22128.9585621771,Emergency,2022-03-03,Ibuprofen,Normal,11,2022,2
58,Female,O-,Obesity,2022-03-27,Marc Wilcox,"Hall Chang and Collins,",Blue Cross,12716.587805805231,Urgent,2022-04-14,Lipitor,Inconclusive,18,2022,3
48,Female,B-,Diabetes,2021-02-14,Tiffany Cortez,Carr-Johnston,Aetna,2380.660275352863,Elective,2021-03-12,Lipitor,Abnormal,26,2021,2
77,Female,AB+,Diabetes,2022-01-22,Joann Gilbert,Ray Ltd,UnitedHealthcare,2691.9496848123827,Emergency,2022-01-31,Ibuprofen,Abnormal,9,2022,1
32,Female,B+,Hypertension,2023-05-01,William Nelson,"Cisneros Short, and Taylor",Blue Cross,729.7540577086306,Elective,2023-05-07,Paracetamol,Abnormal,6,2023,5
73,Male,O-,Obesity,2023-10-03,Andrew Harper,PLC Alexander,Medicare,14173.226661669418,Urgent,2023-10-10,Ibuprofen,Normal,7,2023,10
66,Female,O-,Obesity,2022-11-22,Pamela Page,Bartlett-Huffman,UnitedHealthcare,48307.38420745285,Emergency,2022-11-26,Penicillin,Normal,4,2022,11
54,Male,B+,Arthritis,2023-01-25,Jason Bryant,"Richard, Garrett Gomez and",Aetna,22721.57452593435,Elective,2023-02-10,Lipitor,Inconclusive,16,2023,1
55,Female,A+,Arthritis,2021-11-06,Jennifer Spence,"Carroll, and Fields Smith",Blue Cross,26073.74361605416,Elective,2021-11-18,Penicillin,Normal,12,2021,11
53,Female,AB+,Arthritis,2022-08-26,David Mason,"Floyd Cline, Landry and",UnitedHealthcare,31769.137579723,Elective,2022-09-22,Aspirin,Inconclusive,27,2022,8
68,Male,O+,Hypertension,2022-06-27,Ms. Julie Jones,Sanchez-Sosa,Blue Cross,29295.30922666143,Urgent,2022-07-10,Ibuprofen,Inconclusive,13,2022,6
55,Male,A+,Hypertension,2023-12-08,Katelyn Hernandez,"and Cross Abbott Dixon,",Cigna,43060.388828372124,Elective,2024-01-03,Ibuprofen,Abnormal,26,2023,12
53,Male,AB-,Obesity,2022-05-13,Steven Stark,Norman-West,Medicare,5966.856975253722,Elective,2022-06-11,Penicillin,Abnormal,29,2022,5
80,Male,B+,Asthma,2019-09-26,Adam Harris,Hunt-Foster,Medicare,37594.01292299546,Emergency,2019-10-19,Paracetamol,Inconclusive,23,2019,9
79,Male,B+,Obesity,2022-01-10,Bethany Barton,"Harris and Owens Long,",Cigna,15697.37285104993,Urgent,2022-01-30,Paracetamol,Normal,20,2022,1
63,Female,A-,Obesity,2020-04-18,Natalie Savage,"Bailey Roberts, Nguyen and",Blue Cross,42048.45692825071,Emergency,2020-05-13,Paracetamol,Inconclusive,25,2020,4
28,Male,AB+,Asthma,2022-07-01,Adam Watson,Figueroa-Johnson,Cigna,10688.252792666295,Emergency,2022-07-28,Ibuprofen,Abnormal,27,2022,7
35,Male,B+,Diabetes,2019-09-17,Tony Lynch,Hunter-Bolton,Cigna,11089.035258559086,Elective,2019-10-08,Lipitor,Normal,21,2019,9
46,Male,B-,Obesity,2023-12-29,Cynthia Tanner,"and Ibarra Lang Porter,",Blue Cross,25167.754675805067,Urgent,2024-01-13,Paracetamol,Inconclusive,15,2023,12
63,Female,O+,Asthma,2020-04-30,Jessica Miller,Benitez-Hall,UnitedHealthcare,20129.773037270454,Elective,2020-05-25,Lipitor,Inconclusive,25,2020,4
40,Male,B+,Diabetes,2022-07-30,Larry Guzman,"Woodard, Todd and Hoffman",UnitedHealthcare,20390.07982879733,Emergency,2022-08-13,Lipitor,Abnormal,14,2022,7
39,Female,AB+,Cancer,2021-12-08,Nichole Gaines,"Riley Wood and Lewis,",Blue Cross,3432.2178398382284,Elective,2021-12-23,Penicillin,Normal,15,2021,12
49,Male,A-,Asthma,2020-10-27,Hannah Fisher,"Rodriguez Leonard and Webster,",Cigna,26779.789733355494,Elective,2020-10-29,Ibuprofen,Normal,2,2020,10
47,Male,A+,Obesity,2021-07-05,Mr. Kevin Chapman MD,Butler-Pope,UnitedHealthcare,30839.34763401574,Emergency,2021-07-06,Paracetamol,Abnormal,1,2021,7
81,Male,AB+,Obesity,2022-12-12,Amanda Gibson,Johns-Wyatt,Medicare,33035.80338816454,Elective,2022-12-19,Ibuprofen,Normal,7,2022,12
75,Male,O+,Cancer,2023-07-03,Lisa Nguyen,Sons and Taylor,UnitedHealthcare,33866.689250542164,Emergency,2023-07-26,Ibuprofen,Inconclusive,23,2023,7
84,Female,A-,Cancer,2020-05-17,Emily Reed,Carlson Group,Cigna,32700.100662488683,Emergency,2020-05-26,Ibuprofen,Inconclusive,9,2020,5
66,Male,B+,Hypertension,2023-11-27,James Hendrix,Morris and Sons,Cigna,12031.000479948154,Urgent,2023-12-23,Lipitor,Inconclusive,26,2023,11
52,Female,B-,Hypertension,2023-06-01,Justin Garrett,Ltd Smith,UnitedHealthcare,2388.767386149171,Urgent,2023-06-13,Ibuprofen,Inconclusive,12,2023,6
73,Female,O+,Asthma,2023-08-23,Todd Spears,Mejia Group,Cigna,36857.91263658225,Emergency,2023-09-13,Aspirin,Abnormal,21,2023,8
63,Male,A-,Diabetes,2024-01-22,Sarah Palmer,LLC Flores,Blue Cross,30876.625422150857,Urgent,2024-01-23,Penicillin,Normal,1,2024,1
41,Male,O-,Asthma,2020-06-21,April Jones,"and Barrera Anderson, Dunn",Medicare,5418.129157941447,Emergency,2020-07-14,Lipitor,Inconclusive,23,2020,6
61,Male,AB-,Diabetes,2023-05-07,Stephanie Hancock,Cunningham Sons and,Blue Cross,7196.851789436313,Emergency,2023-05-16,Penicillin,Inconclusive,9,2023,5
72,Male,B+,Arthritis,2022-04-24,Michael Ayala,Baker-Quinn,Medicare,35264.69896715316,Urgent,2022-05-07,Aspirin,Inconclusive,13,2022,4
69,Female,AB-,Cancer,2019-07-25,Janet Donovan,and Mcmahon Sons,Cigna,42825.37854182928,Urgent,2019-08-01,Ibuprofen,Normal,7,2019,7
39,Female,A-,Cancer,2021-12-18,Ashley Briggs,Morgan PLC,UnitedHealthcare,3006.8622826418973,Emergency,2021-12-20,Penicillin,Abnormal,2,2021,12
52,Male,B+,Cancer,2021-12-22,Misty Hunter,Perry-Martinez,UnitedHealthcare,37308.41517748503,Emergency,2022-01-16,Aspirin,Abnormal,25,2021,12
82,Female,O-,Asthma,2023-02-26,Patricia Shaw,"Holloway, Gonzales Wood and",Blue Cross,29142.328342424506,Emergency,2023-03-18,Lipitor,Inconclusive,20,2023,2
23,Male,O-,Asthma,2023-10-11,Adam Lucas,Haas Ltd,Medicare,28138.297056170846,Emergency,2023-11-05,Ibuprofen,Inconclusive,25,2023,10
54,Female,B+,Cancer,2020-01-28,Mr. Arthur Myers DDS,Allen Group,Blue Cross,47698.37177064769,Urgent,2020-02-06,Penicillin,Inconclusive,9,2020,1
29,Male,O+,Asthma,2021-07-09,Barry Williams,Miller-Delgado,Cigna,8369.360656719298,Urgent,2021-07-11,Paracetamol,Abnormal,2,2021,7
19,Male,AB+,Diabetes,2022-02-09,Theresa Montes,LLC Olsen,UnitedHealthcare,19343.471734249997,Urgent,2022-03-04,Paracetamol,Normal,23,2022,2
31,Female,A+,Hypertension,2022-02-19,Greg Williams,Beck-Calhoun,Medicare,29435.9913202235,Urgent,2022-02-25,Ibuprofen,Normal,6,2022,2
47,Male,AB-,Hypertension,2023-03-10,Molly Pierce,Ltd Goodman,Cigna,35814.01298574051,Urgent,2023-03-19,Ibuprofen,Inconclusive,9,2023,3
39,Female,A-,Diabetes,2020-01-07,Theodore Sloan,Jones Group,UnitedHealthcare,43898.517368586174,Elective,2020-01-22,Paracetamol,Normal,15,2020,1
75,Male,O-,Hypertension,2022-06-30,Nicole Jackson,Gonzales-Aguilar,Blue Cross,20855.19525403718,Emergency,2022-07-03,Penicillin,Inconclusive,3,2022,6
22,Male,B+,Diabetes,2023-03-20,Benjamin Carter,"Fisher, Barrett Peterson and",Aetna,38360.381281490176,Emergency,2023-04-03,Penicillin,Inconclusive,14,2023,3
72,Male,A-,Hypertension,2022-09-06,Joshua Wilson,Hunter-Wang,Blue Cross,31628.24073204772,Emergency,2022-09-07,Aspirin,Abnormal,1,2022,9
24,Female,AB+,Hypertension,2022-08-21,Robin Yates DDS,Bender Ltd,Medicare,36654.21502053399,Emergency,2022-09-02,Ibuprofen,Inconclusive,12,2022,8
85,Male,AB+,Arthritis,2022-05-31,Elizabeth Scott,"and Reeves Klein, Smith",Cigna,8688.571192149982,Emergency,2022-06-26,Ibuprofen,Abnormal,26,2022,5
55,Male,B-,Cancer,2022-07-26,Rachel Wilson,Burton-Gonzalez,Blue Cross,2271.976560056647,Elective,2022-08-08,Penicillin,Abnormal,13,2022,7
43,Female,AB-,Asthma,2022-12-19,Joseph Smith,"Gonzalez, Skinner and Gonzalez",Cigna,46599.598559226695,Elective,2022-12-21,Paracetamol,Inconclusive,2,2022,12
43,Female,AB-,Obesity,2023-11-17,Jared Soto,Group Parsons,Aetna,38788.31226762573,Urgent,2023-12-03,Ibuprofen,Normal,16,2023,11
56,Female,AB-,Cancer,2021-08-02,Richard Mejia,Smith-Duncan,Blue Cross,32835.23204757969,Urgent,2021-08-30,Paracetamol,Inconclusive,28,2021,8
19,Male,B+,Hypertension,2020-05-09,Cory Miller,Sons and Allen,Medicare,8343.331249325047,Elective,2020-05-18,Penicillin,Normal,9,2020,5
34,Male,B+,Diabetes,2022-11-16,Heather Lewis,Martin-Green,UnitedHealthcare,32077.417530275543,Elective,2022-12-09,Lipitor,Inconclusive,23,2022,11
48,Female,O+,Hypertension,2024-01-07,Ashley Garcia,"and May Lewis Cook,",Blue Cross,49370.083529175485,Emergency,2024-01-28,Paracetamol,Abnormal,21,2024,1
55,Female,AB-,Diabetes,2019-06-06,Yvonne Luna,Dickerson-Palmer,Medicare,30620.366836394827,Elective,2019-06-24,Penicillin,Inconclusive,18,2019,6
62,Male,A+,Asthma,2023-01-16,Henry Baxter,Harrison-Ortiz,UnitedHealthcare,9085.398488655192,Emergency,2023-01-20,Aspirin,Abnormal,4,2023,1
18,Male,B-,Cancer,2023-08-12,Michael Michael,Alvarez-Martin,UnitedHealthcare,19055.089949305788,Urgent,2023-08-23,Ibuprofen,Normal,11,2023,8
57,Male,B-,Hypertension,2021-10-19,Megan Walker,"Holder and Jackson Baker,",Cigna,27389.178231848666,Urgent,2021-11-12,Lipitor,Inconclusive,24,2021,10
75,Female,B+,Arthritis,2022-06-18,Deborah Cook,"Austin, Barron and Moore",Aetna,14548.391834472935,Urgent,2022-07-13,Paracetamol,Inconclusive,25,2022,6
31,Female,A-,Diabetes,2019-11-08,Jeffrey Richardson,Mitchell Ltd,Cigna,24473.68255941285,Emergency,2019-11-20,Aspirin,Inconclusive,12,2019,11
28,Male,O-,Asthma,2022-08-23,Julie Walton,English-Stout,Cigna,14917.64494770211,Emergency,2022-09-07,Aspirin,Inconclusive,15,2022,8
51,Female,AB+,Diabetes,2021-09-04,Douglas Moran,Palmer Inc,Blue Cross,2290.674290209172,Emergency,2021-09-06,Penicillin,Abnormal,2,2021,9
56,Male,AB+,Diabetes,2020-09-23,Brandon Smith,"Barnes Rodriguez, and Stephens",UnitedHealthcare,36329.06792069845,Emergency,2020-09-25,Lipitor,Abnormal,2,2020,9
38,Female,A+,Obesity,2022-03-03,Craig Jackson,Holland Inc,Cigna,39261.7182070858,Elective,2022-03-14,Penicillin,Inconclusive,11,2022,3
28,Female,AB-,Hypertension,2023-11-15,Gerald Smith MD,Burns Inc,Blue Cross,31297.873405529,Urgent,2023-12-05,Ibuprofen,Inconclusive,20,2023,11
23,Male,AB+,Obesity,2023-07-09,Stephanie Quinn,Clark-Griffin,Blue Cross,10715.16842664924,Urgent,2023-08-05,Ibuprofen,Abnormal,27,2023,7
68,Male,O-,Asthma,2021-07-08,Gwendolyn Reynolds,Johnson PLC,UnitedHealthcare,29787.53510892756,Urgent,2021-08-07,Ibuprofen,Inconclusive,30,2021,7
75,Female,B+,Arthritis,2022-10-06,David Henry,Adkins-Martin,Medicare,20283.371399483098,Urgent,2022-10-10,Aspirin,Abnormal,4,2022,10
18,Female,B+,Asthma,2022-05-12,Stacie King,"Peterson, King and Hopkins",Cigna,30213.30718299825,Urgent,2022-05-15,Penicillin,Normal,3,2022,5
49,Female,B+,Cancer,2023-02-07,Kelsey Cross,Swanson-Dorsey,UnitedHealthcare,22622.44591558612,Emergency,2023-02-15,Aspirin,Normal,8,2023,2
77,Male,A+,Arthritis,2020-07-27,Gloria Peterson,Duncan LLC,Cigna,22140.989635335696,Urgent,2020-08-17,Penicillin,Normal,21,2020,7
44,Male,AB+,Obesity,2023-08-01,Amanda Meza,Group Lynch,Cigna,45026.14820697541,Elective,2023-08-27,Lipitor,Inconclusive,26,2023,8
32,Male,AB+,Arthritis,2023-05-06,Melissa Gallegos,"Costa Delgado, Sanchez and",Cigna,46008.87021676567,Elective,2023-05-26,Paracetamol,Abnormal,20,2023,5
72,Female,O-,Obesity,2022-01-04,John Marquez,LLC Compton,Blue Cross,21354.82075638963,Elective,2022-01-20,Penicillin,Abnormal,16,2022,1
59,Female,O+,Diabetes,2024-04-15,Jeffrey Moyer,Williams-Jimenez,Cigna,15343.254324461186,Emergency,2024-04-17,Paracetamol,Inconclusive,2,2024,4
77,Female,A-,Hypertension,2023-05-28,Amanda Clark,Henry PLC,Aetna,15340.766672036496,Urgent,2023-06-19,Penicillin,Normal,22,2023,5
42,Female,O-,Arthritis,2024-02-25,Michelle Cruz,"Wallace Thompson Sanchez, and",Blue Cross,1241.888496065875,Emergency,2024-03-25,Lipitor,Inconclusive,29,2024,2
37,Female,O+,Diabetes,2020-04-24,David Jenkins,"Wood Phillips, Davis and",Cigna,45985.52234748728,Emergency,2020-05-01,Lipitor,Inconclusive,7,2020,4
81,Female,A+,Obesity,2020-02-25,Brandy Henderson,Jones-Garza,Aetna,45663.03727314826,Elective,2020-03-12,Aspirin,Inconclusive,16,2020,2
45,Female,B-,Diabetes,2019-10-04,William Leonard,Solomon Ltd,Cigna,7939.729992016586,Elective,2019-11-02,Penicillin,Abnormal,29,2019,10
82,Male,B-,Arthritis,2021-02-08,Kristie Knight,LLC Williams,Cigna,10551.277441968556,Emergency,2021-02-19,Lipitor,Normal,11,2021,2
27,Female,A-,Diabetes,2023-08-13,Brian Walker,Brown-Holmes,Medicare,21477.80508291815,Urgent,2023-09-07,Lipitor,Abnormal,25,2023,8
48,Male,O-,Cancer,2022-09-27,Alexander Cobb,"Keller Stewart, and Mcbride",UnitedHealthcare,4921.155591682835,Urgent,2022-10-03,Lipitor,Normal,6,2022,9
82,Male,B+,Diabetes,2021-01-02,Frank Combs,Harper-Garza,Cigna,44343.17815924159,Emergency,2021-01-23,Paracetamol,Inconclusive,21,2021,1
25,Male,A+,Arthritis,2019-08-18,Aaron Kim,"Carter, Roberson Coleman and",Medicare,21376.99473234101,Urgent,2019-09-11,Ibuprofen,Inconclusive,24,2019,8
74,Female,AB-,Cancer,2020-11-05,Mrs. Katherine Turner,Ltd Daniel,UnitedHealthcare,14639.718643045868,Elective,2020-11-20,Ibuprofen,Normal,15,2020,11
42,Male,O+,Obesity,2023-10-23,Tony Morgan,PLC Smith,Cigna,29620.69667365381,Elective,2023-11-03,Aspirin,Normal,11,2023,10
49,Male,AB-,Arthritis,2022-07-21,Rebecca Martinez,"Lee Durham Rose, and",UnitedHealthcare,33184.2505659272,Elective,2022-07-30,Penicillin,Abnormal,9,2022,7
79,Female,O-,Obesity,2022-01-10,Richard Miranda,Russell-Wallace,Medicare,38822.82101266199,Emergency,2022-01-26,Penicillin,Normal,16,2022,1
75,Female,B+,Diabetes,2023-09-05,John Chandler,Davidson-Peters,Medicare,42752.08493449512,Emergency,2023-09-26,Lipitor,Inconclusive,21,2023,9
53,Female,O+,Cancer,2022-09-20,Madison Olson DDS,"Lewis and Andrews, Tucker",Aetna,17247.92247154623,Emergency,2022-10-15,Penicillin,Abnormal,25,2022,9
47,Male,AB+,Arthritis,2021-04-22,Vanessa Lewis,"Spencer Hardy Williams, and",Blue Cross,39065.08697903156,Urgent,2021-05-03,Penicillin,Abnormal,11,2021,4
85,Male,B-,Diabetes,2023-08-02,Jeremy Jenkins,Case Ltd,Cigna,9906.73640451477,Emergency,2023-08-26,Penicillin,Normal,24,2023,8
61,Female,B-,Asthma,2020-12-31,Phillip Ortega,Russo Ltd,Aetna,25337.420178798693,Elective,2021-01-26,Penicillin,Abnormal,26,2020,12
38,Male,A-,Arthritis,2020-11-13,Sara Woods,Gardner-Brown,Aetna,37164.17150544078,Elective,2020-12-02,Paracetamol,Inconclusive,19,2020,11
81,Male,A-,Obesity,2021-06-03,Melissa Vaughn,Hawkins-Parker,Aetna,38008.47075307767,Urgent,2021-06-06,Paracetamol,Abnormal,3,2021,6
65,Female,O-,Asthma,2019-05-11,Casey Robinson,"Cordova Williams Nguyen, and",UnitedHealthcare,47383.50620974382,Urgent,2019-05-16,Aspirin,Abnormal,5,2019,5
53,Female,AB-,Arthritis,2019-05-22,George Owens,"Mason, and Henry Travis",Aetna,23167.20038191057,Urgent,2019-06-10,Paracetamol,Normal,19,2019,5
35,Female,AB+,Cancer,2021-10-02,Eric Meyers,Novak Inc,UnitedHealthcare,43423.78750047607,Elective,2021-10-23,Penicillin,Inconclusive,21,2021,10
83,Female,AB+,Asthma,2019-07-06,Daniel Wyatt,"Holt, Cox and Martin",Blue Cross,38381.27156103856,Urgent,2019-07-19,Paracetamol,Abnormal,13,2019,7
66,Female,AB-,Arthritis,2023-07-06,Jay Hobbs,Harris-Wallace,Medicare,29072.341870715696,Urgent,2023-07-07,Paracetamol,Abnormal,1,2023,7
43,Female,O-,Diabetes,2022-01-07,Jessica Conway,"Owens and Woods, Matthews",Cigna,12272.810107874917,Emergency,2022-02-03,Ibuprofen,Normal,27,2022,1
30,Female,O+,Cancer,2021-02-09,Joseph Harris,"Young Wilkerson Flores, and",Blue Cross,39180.520673451305,Elective,2021-02-26,Penicillin,Abnormal,17,2021,2
43,Male,AB-,Arthritis,2022-03-14,Lisa Hernandez,Pierce-Rosales,Aetna,25938.62367894794,Elective,2022-03-22,Penicillin,Inconclusive,8,2022,3
41,Male,O-,Arthritis,2019-05-22,Sarah Flynn,"Moore Green, Holland and",UnitedHealthcare,30669.29589418118,Emergency,2019-06-08,Lipitor,Normal,17,2019,5
43,Female,O+,Diabetes,2021-08-06,Dawn Wells,Singleton-Rogers,UnitedHealthcare,8577.359318007648,Urgent,2021-08-26,Ibuprofen,Abnormal,20,2021,8
26,Female,AB-,Arthritis,2023-08-03,Allen Willis,Fleming Inc,Cigna,48023.92217153309,Elective,2023-08-13,Penicillin,Abnormal,10,2023,8
62,Female,O-,Diabetes,2022-10-15,Brandon Solis,White and Sons,Cigna,23544.37024309863,Urgent,2022-10-27,Paracetamol,Abnormal,12,2022,10
24,Male,AB+,Obesity,2021-04-27,Melissa Fritz,"Bennett Grant and Anderson,",Medicare,5777.0768335793,Urgent,2021-05-04,Penicillin,Normal,7,2021,4
47,Female,O-,Arthritis,2022-12-31,Joshua Todd,Howard-Brown,Medicare,32166.97503800573,Urgent,2023-01-27,Lipitor,Normal,27,2022,12
57,Female,B+,Cancer,2023-05-09,William White,"Becker Smith Carlson, and",Blue Cross,50143.24769924458,Emergency,2023-06-03,Ibuprofen,Normal,25,2023,5
18,Female,A-,Cancer,2024-02-23,Melanie Johnson,LLC Williams,Blue Cross,42214.97163474584,Elective,2024-03-09,Penicillin,Normal,15,2024,2
51,Female,AB+,Obesity,2019-10-22,Melissa Smith,Garza-Yang,Aetna,23654.09549693253,Emergency,2019-11-07,Penicillin,Normal,16,2019,10
43,Female,O-,Cancer,2021-02-25,Katherine Hernandez,Ltd Johnson,UnitedHealthcare,48452.87838565629,Urgent,2021-03-01,Ibuprofen,Abnormal,4,2021,2
23,Male,A-,Asthma,2022-07-14,Daniel Sullivan,"Hill Dixon, Henry and",Medicare,25943.34736987578,Urgent,2022-07-15,Lipitor,Inconclusive,1,2022,7
77,Female,A+,Obesity,2022-08-11,Henry Dodson,LLC Martinez,Aetna,40959.959293257794,Urgent,2022-08-21,Penicillin,Inconclusive,10,2022,8
44,Female,AB-,Obesity,2021-10-18,Christopher Watkins,Romero PLC,Medicare,5672.050503564897,Emergency,2021-11-14,Ibuprofen,Normal,27,2021,10
36,Male,O-,Diabetes,2023-09-23,Donald White,Bender-Yang,Cigna,18794.330880412403,Urgent,2023-10-06,Paracetamol,Abnormal,13,2023,9
34,Male,B+,Hypertension,2022-09-25,John Duffy,Inc King,Blue Cross,6088.3534323268805,Elective,2022-09-28,Aspirin,Abnormal,3,2022,9
71,Male,A-,Obesity,2020-06-17,Ryan Garcia MD,"Kemp Gill and Griffin,",UnitedHealthcare,48614.00328314259,Elective,2020-07-07,Penicillin,Normal,20,2020,6
82,Female,A+,Obesity,2022-11-27,Bob Lewis,"Anderson Brown and Manning,",Medicare,39593.54211617781,Urgent,2022-12-21,Lipitor,Abnormal,24,2022,11
48,Male,O-,Obesity,2022-10-15,Ryan Wright,Sons Campbell and,Medicare,22189.107474731674,Urgent,2022-10-26,Penicillin,Abnormal,11,2022,10
42,Male,B+,Hypertension,2019-11-25,Jerry Lopez,Group Brown,Aetna,4683.372857833268,Urgent,2019-11-28,Aspirin,Abnormal,3,2019,11
37,Female,B+,Asthma,2020-09-11,Alex Wilson,"Garcia Moreno and Edwards,",Cigna,8019.0569855496915,Urgent,2020-10-03,Aspirin,Normal,22,2020,9
75,Female,B-,Obesity,2019-10-03,Jeremy Rhodes,"Williams Moore Bradshaw, and",Aetna,23171.98837949176,Elective,2019-10-17,Paracetamol,Abnormal,14,2019,10
53,Male,O-,Cancer,2019-11-15,Mrs. Angela Williams DVM,Hamilton-Weber,Blue Cross,29525.615616840707,Emergency,2019-12-15,Aspirin,Normal,30,2019,11
53,Female,A+,Arthritis,2020-09-29,Noah Jacobs,"Bennett, Nelson Robinson and",UnitedHealthcare,9064.719725710278,Urgent,2020-10-14,Lipitor,Abnormal,15,2020,9
22,Female,A-,Hypertension,2019-07-11,Kevin Mccormick,Brown-Smith,UnitedHealthcare,43843.81279168053,Elective,2019-07-12,Lipitor,Abnormal,1,2019,7
69,Female,B-,Hypertension,2023-04-20,Christopher Jones,and Mason Sons,Aetna,14727.98869503963,Elective,2023-05-06,Ibuprofen,Inconclusive,16,2023,4
64,Female,AB+,Obesity,2020-03-06,Megan Brown,"Fowler and Mcdonald Schaefer,",Medicare,7955.428002194437,Elective,2020-03-07,Lipitor,Normal,1,2020,3
39,Male,A+,Diabetes,2020-04-30,Christopher Henderson,"Stevens Turner, and Smith",Blue Cross,15597.603314675303,Elective,2020-05-01,Penicillin,Normal,1,2020,4
57,Female,B-,Diabetes,2022-10-10,Christina Griffith,Grimes-Pennington,Aetna,6704.68950935726,Emergency,2022-10-25,Penicillin,Normal,15,2022,10
33,Male,A+,Hypertension,2023-03-25,Tiffany Rivera,"Horne, Jones and Nguyen",Blue Cross,38241.53942713844,Urgent,2023-04-19,Paracetamol,Normal,25,2023,3
32,Female,A+,Asthma,2022-03-08,Amanda Lang,"Adkins Hale Mueller, and",Aetna,31562.07963957429,Elective,2022-03-23,Aspirin,Normal,15,2022,3
21,Female,O+,Arthritis,2022-05-03,Taylor Boyd,Reeves-Edwards,Cigna,21847.12682622056,Urgent,2022-05-30,Penicillin,Abnormal,27,2022,5
35,Female,B+,Asthma,2019-07-26,Roberto Reid,Group Mason,UnitedHealthcare,48397.14838163078,Elective,2019-08-02,Aspirin,Normal,7,2019,7
82,Male,A+,Arthritis,2021-07-21,Marcus Booker,Murphy-West,Cigna,9796.417212466917,Emergency,2021-08-17,Ibuprofen,Inconclusive,27,2021,7
69,Female,B+,Diabetes,2024-04-11,Alan Morris,Group Hill,Medicare,39822.52767034397,Elective,2024-05-06,Ibuprofen,Inconclusive,25,2024,4
60,Male,B+,Cancer,2023-04-14,Edwin Andrews,"Harrington Carney and Brown,",Blue Cross,31441.564609325804,Emergency,2023-05-11,Penicillin,Normal,27,2023,4
76,Female,B+,Diabetes,2020-03-20,Shawn Cain,"and Flores Thomas, Miller",UnitedHealthcare,49792.356573991325,Emergency,2020-03-30,Paracetamol,Normal,10,2020,3
85,Male,AB-,Diabetes,2021-06-27,Brandon Harrison,Group Sullivan,Blue Cross,16505.449674596923,Emergency,2021-07-05,Paracetamol,Inconclusive,8,2021,6
80,Female,A-,Cancer,2023-04-28,Theresa Lewis,Scott-Walker,Medicare,47793.29494632712,Emergency,2023-05-13,Lipitor,Inconclusive,15,2023,4
75,Female,B-,Obesity,2021-05-11,Paul Thomas,Price-Jackson,Blue Cross,35877.29030799016,Urgent,2021-05-31,Aspirin,Abnormal,20,2021,5
22,Female,O+,Hypertension,2021-07-07,Rebecca Walker,LLC Horton,Blue Cross,25726.621904631014,Emergency,2021-07-10,Lipitor,Normal,3,2021,7
73,Female,AB+,Cancer,2022-07-27,Allison Parks,Thompson Sons and,Aetna,36132.60045060595,Urgent,2022-07-29,Paracetamol,Abnormal,2,2022,7
67,Male,A+,Diabetes,2020-02-04,Heather Lin,"and Brown Lawson, Gardner",Aetna,9544.832739755995,Elective,2020-02-05,Ibuprofen,Abnormal,1,2020,2
85,Female,O+,Cancer,2020-03-21,Patricia Tucker,Robinson-Mcgrath,UnitedHealthcare,26687.23685181881,Urgent,2020-04-20,Ibuprofen,Inconclusive,30,2020,3
77,Female,AB-,Obesity,2020-10-15,Jennifer Hicks,Scott-Cabrera,Aetna,41660.41348743173,Elective,2020-10-31,Aspirin,Normal,16,2020,10
70,Female,B-,Arthritis,2021-12-10,Stephen Johnson,Alvarez-Griffith,UnitedHealthcare,8805.037843571035,Emergency,2021-12-27,Aspirin,Abnormal,17,2021,12
71,Male,A+,Cancer,2022-03-13,Jodi Contreras,Roberts-Morrison,Cigna,25040.0566258134,Emergency,2022-03-25,Paracetamol,Abnormal,12,2022,3
22,Male,O-,Cancer,2020-07-14,Kristen Baker,Terrell-Gonzalez,Cigna,2887.287940687451,Emergency,2020-07-18,Aspirin,Abnormal,4,2020,7
55,Male,A+,Obesity,2022-02-05,David Diaz,Glover PLC,Medicare,43048.74968229423,Emergency,2022-02-11,Paracetamol,Normal,6,2022,2
69,Male,A+,Hypertension,2020-12-20,Bryan Morgan,Group Oliver,UnitedHealthcare,44185.89305106915,Elective,2021-01-08,Ibuprofen,Inconclusive,19,2020,12
81,Male,A-,Asthma,2021-04-11,Erica Roberts,Holloway Ltd,Aetna,42378.65597819594,Urgent,2021-04-17,Penicillin,Inconclusive,6,2021,4
52,Male,A-,Asthma,2021-04-23,Sherry Ryan,and Melendez Sons,Blue Cross,33240.25497081226,Emergency,2021-05-13,Lipitor,Inconclusive,20,2021,4
29,Male,A+,Diabetes,2019-07-12,Martha Thompson,Bennett PLC,Aetna,26919.81981913115,Urgent,2019-07-13,Lipitor,Normal,1,2019,7
59,Female,O-,Hypertension,2022-09-21,Daniel Harris,"Acevedo, Jordan and Diaz",Blue Cross,23316.68634228724,Urgent,2022-10-13,Aspirin,Abnormal,22,2022,9
38,Male,O+,Obesity,2020-07-24,Keith Patton,"and Kim, Cox Pearson",Cigna,17160.524033152586,Emergency,2020-07-31,Lipitor,Normal,7,2020,7
64,Male,A+,Asthma,2022-11-20,Charles Ramirez,Pham-Evans,UnitedHealthcare,285.97372113685174,Urgent,2022-11-28,Lipitor,Normal,8,2022,11
52,Male,B+,Hypertension,2021-10-05,Teresa Colon,Meadows-Thornton,Aetna,4612.46322499695,Emergency,2021-10-11,Lipitor,Normal,6,2021,10
68,Female,B+,Asthma,2020-04-14,Michael Henry,"Thompson Eaton, Smith and",Medicare,19759.89650138179,Urgent,2020-04-15,Penicillin,Abnormal,1,2020,4
61,Female,A-,Arthritis,2022-12-29,Edwin Watkins,"Walters Phillips and Snow,",Cigna,13331.159759300095,Elective,2023-01-22,Paracetamol,Inconclusive,24,2022,12
76,Female,B+,Arthritis,2019-10-24,Kenneth Alexander,Garrett-Edwards,Cigna,12621.12199194285,Elective,2019-11-22,Lipitor,Normal,29,2019,10
80,Male,A-,Diabetes,2022-01-22,Jeffery Perez,"Sanchez Miller Wood, and",Aetna,22644.48264064268,Urgent,2022-01-27,Paracetamol,Normal,5,2022,1
24,Male,AB-,Asthma,2020-12-27,Sara Johnson,"Perkins, Harris and White",Aetna,46106.22748275092,Emergency,2021-01-24,Ibuprofen,Inconclusive,28,2020,12
57,Female,O+,Diabetes,2024-03-16,Joshua Matthews,Parker-Newton,Blue Cross,29793.30703446396,Urgent,2024-04-12,Aspirin,Inconclusive,27,2024,3
27,Male,A+,Arthritis,2021-11-21,Lawrence Huang,"Scott Smith Ross, and",UnitedHealthcare,15246.231296492584,Urgent,2021-12-15,Lipitor,Abnormal,24,2021,11
23,Female,AB+,Hypertension,2020-11-14,Daniel Gonzalez,"Lara Malone, Snow and",Cigna,11733.2126920723,Urgent,2020-11-19,Aspirin,Abnormal,5,2020,11
72,Male,B-,Hypertension,2021-11-19,James Mendoza,James Inc,Blue Cross,50575.31318754647,Elective,2021-11-26,Aspirin,Inconclusive,7,2021,11
22,Male,A+,Cancer,2020-11-23,Eric Soto,"Cherry, and Lawson Wells",Cigna,30660.305138661897,Urgent,2020-12-07,Penicillin,Abnormal,14,2020,11
43,Female,AB-,Hypertension,2019-12-28,Angela Payne,Cannon-Sanchez,UnitedHealthcare,30171.013922633727,Emergency,2020-01-05,Paracetamol,Inconclusive,8,2019,12
44,Male,O+,Diabetes,2020-06-25,Desiree Jenkins,"Smith, Lowe Valenzuela and",Medicare,19163.386669448024,Elective,2020-07-01,Paracetamol,Abnormal,6,2020,6
37,Male,O+,Cancer,2020-12-29,Cassidy Cooper,Higgins Group,Blue Cross,34184.04758177486,Elective,2021-01-03,Ibuprofen,Normal,5,2020,12
57,Male,B-,Cancer,2019-06-02,Richard Campos,Bryant-Ball,Aetna,49702.343028268624,Elective,2019-06-30,Paracetamol,Abnormal,28,2019,6
85,Male,A+,Arthritis,2024-03-07,Rebecca West,"Davis Wood Kemp, and",Aetna,16075.006822542222,Elective,2024-04-02,Penicillin,Inconclusive,26,2024,3
24,Female,O-,Obesity,2021-11-19,Robert Butler,Lewis-Brown,Medicare,4794.157834581239,Urgent,2021-12-13,Lipitor,Abnormal,24,2021,11
77,Male,A-,Hypertension,2023-11-09,Ashley Allen,Waters Group,UnitedHealthcare,13770.457794778673,Urgent,2023-11-21,Lipitor,Abnormal,12,2023,11
77,Female,B-,Cancer,2019-12-26,John Clark,Jones-Clay,Cigna,23088.507570405534,Emergency,2020-01-11,Penicillin,Abnormal,16,2019,12
59,Male,O-,Arthritis,2020-03-02,Travis Foster,"Johnson and Cruz Gentry,",Cigna,46404.82105704091,Elective,2020-03-11,Lipitor,Inconclusive,9,2020,3
28,Male,B-,Cancer,2021-03-29,Sylvia Richmond,Group Dodson,Medicare,39258.97963108465,Emergency,2021-04-20,Penicillin,Normal,22,2021,3
48,Male,B-,Diabetes,2020-03-25,Ashley Conley,Edwards-Skinner,Medicare,15854.216755140424,Urgent,2020-04-09,Penicillin,Abnormal,15,2020,3
53,Male,B-,Obesity,2019-09-20,Peter Singleton,PLC Brown,Blue Cross,31101.36372088024,Emergency,2019-09-28,Paracetamol,Abnormal,8,2019,9
75,Female,B-,Asthma,2019-10-10,Michael Barron,"Ramos Clark and Blair,",Blue Cross,13349.033441618672,Emergency,2019-10-28,Penicillin,Abnormal,18,2019,10
84,Female,A-,Obesity,2022-05-04,Mary Riley,Dillon Ltd,Blue Cross,21300.463036311583,Urgent,2022-05-23,Paracetamol,Inconclusive,19,2022,5
64,Female,A-,Diabetes,2020-05-09,Christie Gordon,"Carrillo Watkins and Carter,",Cigna,1611.4899885113473,Urgent,2020-05-22,Aspirin,Normal,13,2020,5
70,Male,O+,Asthma,2020-10-10,Zachary Miller,Curtis-Conway,Cigna,5135.019515251774,Elective,2020-10-14,Paracetamol,Inconclusive,4,2020,10
69,Male,A+,Asthma,2022-02-12,Michael Garcia,Inc Patterson,Cigna,21185.943903002808,Elective,2022-03-05,Paracetamol,Inconclusive,21,2022,2
36,Male,A+,Asthma,2021-01-17,Mrs. Julie Benton DDS,"and Stout, Berg Sampson",Cigna,27901.996538733776,Emergency,2021-01-22,Penicillin,Normal,5,2021,1
70,Female,B-,Asthma,2020-03-08,Patricia Benton,"Bowen Ortiz and Garrett,",Blue Cross,21810.81703719118,Elective,2020-03-14,Lipitor,Inconclusive,6,2020,3
57,Male,A+,Asthma,2024-01-17,Jonathan Mayer,Wheeler-Gonzalez,Blue Cross,13787.762218795351,Emergency,2024-01-27,Paracetamol,Inconclusive,10,2024,1
20,Male,A+,Obesity,2021-12-07,Tanya Reed,Meyers Inc,Blue Cross,9034.258941459942,Emergency,2021-12-13,Ibuprofen,Inconclusive,6,2021,12
63,Male,A-,Cancer,2022-05-25,Paige Roach,"Ho, and Hill Bates",Blue Cross,27420.62264250301,Urgent,2022-06-01,Penicillin,Abnormal,7,2022,5
43,Female,AB-,Cancer,2021-03-07,Stephanie Wolf,LLC Lucas,Blue Cross,45812.96224286953,Elective,2021-04-05,Paracetamol,Abnormal,29,2021,3
55,Male,O-,Arthritis,2023-06-21,Christopher Smith,Ltd Golden,Blue Cross,23268.58100214749,Urgent,2023-07-18,Lipitor,Normal,27,2023,6
74,Male,B+,Asthma,2022-07-01,Theresa Taylor,Oneill PLC,Aetna,15935.252896755896,Emergency,2022-07-24,Ibuprofen,Normal,23,2022,7
44,Female,A+,Obesity,2023-11-27,George Knight MD,Joyce Ltd,UnitedHealthcare,47121.93010535466,Urgent,2023-12-16,Aspirin,Normal,19,2023,11
52,Female,A+,Arthritis,2023-06-28,Kathy Smith,"Gutierrez and Williamson Schmitt,",Cigna,8401.678053390706,Urgent,2023-07-10,Lipitor,Inconclusive,12,2023,6
65,Female,B+,Asthma,2024-01-05,Amanda Leonard,Ltd Bullock,Cigna,7542.4733022207,Urgent,2024-01-30,Penicillin,Abnormal,25,2024,1
78,Male,B+,Hypertension,2019-12-25,Nicole White,"Vega Merritt, Jenkins and",Cigna,33548.93992204221,Elective,2020-01-14,Lipitor,Normal,20,2019,12
23,Male,B-,Arthritis,2020-07-04,Anthony Powell,Garrison Sons and,Medicare,38445.69527741313,Urgent,2020-08-03,Aspirin,Normal,30,2020,7
24,Male,O+,Diabetes,2023-02-28,Michael Bennett,"Anderson and Nichols, Arias",Aetna,42298.53029402928,Urgent,2023-03-22,Paracetamol,Inconclusive,22,2023,2
78,Female,O-,Diabetes,2019-05-23,David Murray,Sons and Bryan,UnitedHealthcare,43980.33585918075,Urgent,2019-06-06,Penicillin,Normal,14,2019,5
40,Male,O-,Diabetes,2019-11-26,Brittany Green,Smith-Cooke,Aetna,14032.665200074489,Urgent,2019-11-30,Aspirin,Inconclusive,4,2019,11
49,Female,B+,Cancer,2023-10-10,Rachel Garcia,Keith LLC,UnitedHealthcare,23914.733662190018,Urgent,2023-11-08,Aspirin,Inconclusive,29,2023,10
64,Male,O+,Cancer,2020-07-25,John Morris,Inc Meyer,Medicare,43010.45463198782,Elective,2020-08-02,Penicillin,Abnormal,8,2020,7
42,Female,A+,Diabetes,2022-01-24,Matthew Roach,Hartman-Erickson,Blue Cross,24927.52682400416,Emergency,2022-02-01,Paracetamol,Normal,8,2022,1
69,Male,A-,Arthritis,2020-06-03,Sean Carter,Parker-Ramsey,UnitedHealthcare,4868.956818046069,Elective,2020-06-11,Lipitor,Inconclusive,8,2020,6
81,Male,A-,Cancer,2022-06-23,Jeffrey Howard,"Martin Long, and Travis",UnitedHealthcare,32125.595803075423,Elective,2022-07-09,Aspirin,Abnormal,16,2022,6
44,Female,A-,Hypertension,2023-07-09,Megan Ward,PLC Floyd,UnitedHealthcare,30724.14687586023,Elective,2023-07-30,Ibuprofen,Inconclusive,21,2023,7
63,Male,AB+,Hypertension,2019-07-11,Earl Castillo,"Horton Orozco Kirby, and",Aetna,42257.57821595895,Elective,2019-07-16,Penicillin,Abnormal,5,2019,7
33,Male,O-,Diabetes,2023-11-27,Eric Jones,Jones-Hess,Medicare,17363.359270716715,Elective,2023-12-16,Ibuprofen,Inconclusive,19,2023,11
56,Male,A-,Arthritis,2021-04-02,Jason Miller,"and Brown, Johnson Miller",Aetna,7627.262378220141,Elective,2021-04-20,Penicillin,Normal,18,2021,4
51,Male,AB-,Hypertension,2020-05-24,Ms. Alexa Jones,"Moody, Johnson and Collins",UnitedHealthcare,6268.768844780515,Urgent,2020-06-20,Paracetamol,Inconclusive,27,2020,5
38,Male,A-,Obesity,2021-03-16,Jonathan Summers,PLC Larson,UnitedHealthcare,21808.82198499412,Elective,2021-04-09,Aspirin,Inconclusive,24,2021,3
22,Male,A-,Cancer,2022-12-09,Robin Wilson,Inc Chapman,UnitedHealthcare,11835.424562920629,Emergency,2022-12-27,Ibuprofen,Normal,18,2022,12
26,Female,A+,Hypertension,2023-12-27,Stephanie Sims,"and Mathews, Williams Mcdowell",Blue Cross,48004.48567738744,Emergency,2024-01-22,Penicillin,Abnormal,26,2023,12
31,Male,O-,Asthma,2022-06-19,Tara Carter,Warren Inc,Cigna,7413.581532955962,Elective,2022-07-06,Penicillin,Inconclusive,17,2022,6
41,Male,O+,Obesity,2020-10-08,Sonia Williams,LLC Williams,UnitedHealthcare,25213.999453847675,Emergency,2020-11-02,Ibuprofen,Inconclusive,25,2020,10
25,Male,A-,Obesity,2024-03-12,Daniel Cervantes,"Allen and Duncan Wright,",Cigna,32530.965624644094,Urgent,2024-03-13,Paracetamol,Normal,1,2024,3
65,Male,AB-,Asthma,2021-10-25,James Williams,"Baker, and Brown Carroll",UnitedHealthcare,23638.590343850028,Elective,2021-11-03,Aspirin,Normal,9,2021,10
78,Male,A-,Cancer,2022-04-22,Mallory Rogers,Inc Becker,Cigna,38379.831396388254,Emergency,2022-05-17,Paracetamol,Inconclusive,25,2022,4
52,Male,AB-,Hypertension,2020-02-10,Carla Harris,Dixon Sons and,UnitedHealthcare,22683.83665585025,Emergency,2020-03-11,Paracetamol,Abnormal,30,2020,2
49,Female,B+,Asthma,2019-12-21,Jessica Sparks,Serrano-Ramirez,Blue Cross,14149.980683556078,Emergency,2020-01-05,Aspirin,Inconclusive,15,2019,12
43,Female,A-,Diabetes,2021-10-18,Dr. Kyle Anderson MD,Ruiz-Fox,Medicare,37777.10531654793,Urgent,2021-11-12,Penicillin,Inconclusive,25,2021,10
79,Female,A-,Cancer,2022-06-16,Victoria Horton,"Bolton, and Gonzalez Turner",UnitedHealthcare,29232.99096571719,Emergency,2022-06-26,Penicillin,Abnormal,10,2022,6
52,Male,B+,Hypertension,2022-06-30,Robert Jensen,"Hernandez, Parks and Moore",UnitedHealthcare,32144.69930982993,Emergency,2022-07-05,Aspirin,Abnormal,5,2022,6
36,Female,AB+,Obesity,2021-11-04,Jeffrey Davis,"Gallegos Rodriguez, Bush and",Blue Cross,19566.880537670357,Urgent,2021-11-27,Aspirin,Inconclusive,23,2021,11
35,Female,O-,Hypertension,2019-12-06,Melissa Dixon,"Rodriguez, and Hernandez Villegas",UnitedHealthcare,29080.462190419086,Emergency,2019-12-09,Lipitor,Normal,3,2019,12
21,Female,O-,Asthma,2022-02-16,Christopher Davis,"and Fuller, Morrow Turner",Cigna,39208.75237417951,Emergency,2022-02-19,Penicillin,Inconclusive,3,2022,2
52,Male,AB+,Diabetes,2020-01-11,Patricia Foster,Hoover Group,Medicare,47941.92892122897,Urgent,2020-01-29,Penicillin,Inconclusive,18,2020,1
47,Female,AB-,Arthritis,2019-12-25,Julie Stevenson,Holloway-Hamilton,Cigna,29023.91385238543,Emergency,2019-12-27,Penicillin,Inconclusive,2,2019,12
39,Female,AB-,Cancer,2020-11-21,Mr. Jay Wright,"and Bennett White, Patterson",Aetna,25938.970688084013,Emergency,2020-12-13,Penicillin,Inconclusive,22,2020,11
20,Female,A-,Obesity,2021-10-08,Jeremy Kramer,Williams Ltd,UnitedHealthcare,15201.152200778728,Emergency,2021-10-22,Penicillin,Normal,14,2021,10
36,Male,A+,Hypertension,2022-12-01,Amy Castillo,Wilson-Bryant,Aetna,15265.377248814391,Elective,2022-12-03,Lipitor,Abnormal,2,2022,12
85,Male,AB-,Obesity,2019-07-16,Stephanie Gibson,Group Clarke,UnitedHealthcare,18527.05461654752,Emergency,2019-08-05,Paracetamol,Normal,20,2019,7
69,Male,B+,Arthritis,2024-02-17,Julie Hill,"Caldwell Snyder, Smith and",Medicare,21419.26679956405,Elective,2024-03-13,Penicillin,Inconclusive,25,2024,2
65,Male,B-,Obesity,2020-10-11,Evan Ferguson,Ltd Brown,Medicare,24525.748814623013,Urgent,2020-11-07,Penicillin,Abnormal,27,2020,10
58,Female,AB+,Hypertension,2019-05-27,Jennifer Dunn,Weaver Inc,Medicare,17575.931627743747,Urgent,2019-06-12,Penicillin,Normal,16,2019,5
61,Male,B+,Cancer,2023-04-06,Bethany Green,"Esparza Mitchell, and Gamble",Aetna,7671.832015963902,Emergency,2023-04-29,Lipitor,Abnormal,23,2023,4
72,Female,AB+,Arthritis,2020-02-10,Linda Jefferson,"Wilson, and Jones Barry",Medicare,34656.296455219,Emergency,2020-03-02,Aspirin,Abnormal,21,2020,2
44,Female,O+,Hypertension,2023-08-03,Amanda Spencer,Hood-Morgan,Cigna,18604.10651020749,Emergency,2023-08-14,Aspirin,Abnormal,11,2023,8
63,Female,O+,Cancer,2022-02-10,Isaac Ellison,Burgess-Hanna,Cigna,23159.88083830289,Urgent,2022-02-11,Ibuprofen,Inconclusive,1,2022,2
57,Male,B+,Obesity,2022-07-16,Sharon Nelson,"Callahan, and Horton Kramer",Cigna,41630.55238002305,Urgent,2022-08-12,Ibuprofen,Normal,27,2022,7
66,Male,AB-,Asthma,2019-05-28,Julie Duke,Bryant-Johns,UnitedHealthcare,47275.3977013842,Emergency,2019-06-27,Paracetamol,Normal,30,2019,5
28,Male,A-,Asthma,2022-01-05,Mary Lewis,Carter Group,UnitedHealthcare,15687.97361592896,Elective,2022-01-23,Paracetamol,Abnormal,18,2022,1
82,Male,A+,Cancer,2019-12-30,John Bailey,"Ryan Jones Wallace, and",Blue Cross,48012.02421302471,Emergency,2020-01-17,Lipitor,Abnormal,18,2019,12
68,Male,A-,Obesity,2021-08-09,Theresa Howard,Thomas Group,UnitedHealthcare,23443.412570849086,Elective,2021-08-21,Aspirin,Abnormal,12,2021,8
43,Female,B+,Asthma,2020-07-12,Dawn Olson,"and Duran Garza Cruz,",Cigna,911.9946483907892,Elective,2020-07-19,Penicillin,Normal,7,2020,7
61,Female,AB+,Asthma,2020-10-04,Justin Shah,Ellis-Noble,Medicare,30873.93132699114,Elective,2020-10-08,Paracetamol,Inconclusive,4,2020,10
78,Female,O-,Hypertension,2023-02-28,Donna Robinson,Scott-Davies,Aetna,33844.28890197142,Emergency,2023-03-07,Aspirin,Inconclusive,7,2023,2
41,Female,O+,Arthritis,2020-01-08,Jonathan Cabrera,LLC Brooks,Medicare,45239.20877024427,Elective,2020-01-23,Aspirin,Abnormal,15,2020,1
59,Female,AB+,Hypertension,2023-07-28,Mark Rosales,PLC Landry,Cigna,48181.582774688,Emergency,2023-08-23,Paracetamol,Abnormal,26,2023,7
75,Female,B+,Obesity,2020-02-18,Valerie Smith,Turner-Parker,Blue Cross,34212.39190923436,Elective,2020-02-25,Aspirin,Inconclusive,7,2020,2
18,Male,O+,Hypertension,2021-02-27,Monique Hays,Ruiz-Wilson,Aetna,25822.46925137841,Emergency,2021-03-26,Penicillin,Abnormal,27,2021,2
76,Male,AB+,Diabetes,2021-05-22,Austin Fisher,Stanley PLC,Blue Cross,25073.520420096727,Elective,2021-06-14,Lipitor,Abnormal,23,2021,5
42,Male,AB+,Arthritis,2022-11-12,William Lozano,Mathis-Scott,Medicare,4392.479969488751,Emergency,2022-12-09,Aspirin,Inconclusive,27,2022,11
24,Male,A+,Asthma,2021-12-05,Amy Williams,Rodriguez and Sons,Medicare,36959.64184022996,Elective,2021-12-22,Aspirin,Inconclusive,17,2021,12
84,Male,A+,Hypertension,2019-07-27,Alisha Williamson,"Mcfarland Lewis, and Price",UnitedHealthcare,24824.74335042821,Elective,2019-07-28,Paracetamol,Inconclusive,1,2019,7
27,Female,O+,Arthritis,2020-01-31,Lauren Montgomery,Winters-Simon,Cigna,46229.43490116175,Elective,2020-02-13,Lipitor,Normal,13,2020,1
20,Male,O-,Asthma,2024-01-31,John Lopez,Ltd Saunders,Medicare,11228.643374761135,Elective,2024-02-16,Lipitor,Inconclusive,16,2024,1
37,Female,B+,Asthma,2022-10-24,Leslie Wright,Smith-King,Cigna,44031.40360565475,Elective,2022-10-27,Paracetamol,Abnormal,3,2022,10
68,Female,A-,Arthritis,2021-05-19,Mr. Caleb Young,Mccormick-Barnes,Cigna,15413.6682518495,Emergency,2021-06-17,Paracetamol,Inconclusive,29,2021,5
37,Female,AB+,Diabetes,2021-03-05,Wendy Gill,Frost Inc,Aetna,36918.16456273931,Emergency,2021-03-30,Paracetamol,Normal,25,2021,3
81,Male,AB+,Hypertension,2019-06-01,Janet Ellis,Diaz Sons and,Cigna,47076.02405984203,Urgent,2019-06-27,Paracetamol,Inconclusive,26,2019,6
24,Male,O+,Obesity,2020-01-13,Denise Cain,"and Hall, Webb Meza",Cigna,33588.80781473213,Elective,2020-01-25,Paracetamol,Inconclusive,12,2020,1
36,Male,O-,Cancer,2019-08-23,Nicole Leach,Rhodes-Brown,Aetna,46776.49927576693,Elective,2019-09-11,Penicillin,Abnormal,19,2019,8
21,Male,B+,Obesity,2023-04-20,Melissa Stevenson,"Moore, Baker Thomas and",Medicare,37088.90134391288,Urgent,2023-04-27,Paracetamol,Normal,7,2023,4
30,Male,AB+,Asthma,2019-08-24,Douglas Edwards,Ltd Brown,Cigna,39420.13076947301,Emergency,2019-09-13,Ibuprofen,Inconclusive,20,2019,8
29,Female,A-,Cancer,2020-08-29,Stephen Atkinson,"Smith, Chavez Berg and",Medicare,32552.416469292337,Emergency,2020-09-14,Ibuprofen,Abnormal,16,2020,8
55,Female,B-,Cancer,2020-07-06,Ronald Mcmillan,"Wilson, and Delgado Nelson",Medicare,49921.84608676919,Urgent,2020-07-30,Ibuprofen,Abnormal,24,2020,7
54,Female,AB-,Cancer,2022-03-13,Samantha Arnold,King Ltd,Blue Cross,50651.76035428593,Urgent,2022-03-17,Aspirin,Normal,4,2022,3
82,Female,O-,Hypertension,2021-03-07,Jon Rivera,Group Bullock,Medicare,24896.6481397283,Elective,2021-03-26,Ibuprofen,Normal,19,2021,3
27,Female,O+,Obesity,2023-03-08,Angela Wallace,Johnson-Gonzalez,Cigna,39181.35917221964,Emergency,2023-03-30,Paracetamol,Abnormal,22,2023,3
23,Male,O-,Arthritis,2020-10-28,Holly Grimes,Inc Morgan,UnitedHealthcare,23999.78817160536,Elective,2020-11-06,Penicillin,Inconclusive,9,2020,10
65,Female,O-,Diabetes,2021-11-02,Matthew Gardner,"Lewis Smith, Hill and",Cigna,8447.495851829648,Elective,2021-11-07,Ibuprofen,Inconclusive,5,2021,11
61,Male,O+,Hypertension,2022-12-05,Trevor Huff,Archer-Powers,UnitedHealthcare,12786.96177561481,Elective,2022-12-11,Lipitor,Normal,6,2022,12
84,Male,A-,Obesity,2019-10-19,Richard Donaldson,"and Berg Molina Dennis,",Cigna,45637.28388379718,Urgent,2019-11-14,Aspirin,Abnormal,26,2019,10
34,Female,AB-,Cancer,2024-03-02,Jamie Duarte,"Schneider, Olson Rodriguez and",Cigna,7340.30611258776,Elective,2024-03-24,Aspirin,Normal,22,2024,3
24,Female,O-,Diabetes,2021-11-07,Joseph Goodwin,"Harper, and Hahn Williams",UnitedHealthcare,3595.941595360872,Elective,2021-11-14,Paracetamol,Abnormal,7,2021,11
44,Male,AB+,Obesity,2022-06-01,Taylor Black,"Cox Lang and Palmer,",Aetna,38907.14804306769,Urgent,2022-06-02,Penicillin,Normal,1,2022,6
44,Female,A+,Diabetes,2021-01-01,Danielle Myers,Barnes-Cardenas,UnitedHealthcare,19069.919218275525,Urgent,2021-01-27,Paracetamol,Normal,26,2021,1
27,Male,B+,Diabetes,2020-09-05,Jose Holloway,"Butler and Bowman Martin,",UnitedHealthcare,30173.324044603152,Elective,2020-09-23,Paracetamol,Normal,18,2020,9
73,Female,B-,Asthma,2021-02-25,Tamara Doyle,"Nelson and Davis, Sutton",Medicare,39587.57190436733,Urgent,2021-02-27,Aspirin,Inconclusive,2,2021,2
35,Female,A-,Hypertension,2021-01-12,Ricardo Martinez,Rowland-Barry,Medicare,41504.29743753595,Elective,2021-02-08,Paracetamol,Abnormal,27,2021,1
39,Female,B-,Cancer,2023-04-15,Frances Contreras,"Jordan, Robles and Montgomery",Aetna,3021.2985053110788,Emergency,2023-05-15,Lipitor,Abnormal,30,2023,4
76,Female,A+,Cancer,2020-09-14,Anthony Perez,Mays-Crawford,Blue Cross,4594.423864767388,Emergency,2020-09-25,Penicillin,Normal,11,2020,9
23,Male,O+,Hypertension,2021-02-20,Christina Newman,May-Morgan,UnitedHealthcare,48693.70331627983,Emergency,2021-02-26,Ibuprofen,Inconclusive,6,2021,2
24,Female,O-,Cancer,2019-10-08,Jacqueline Brock,Inc Freeman,Aetna,18980.218391322574,Urgent,2019-10-19,Aspirin,Abnormal,11,2019,10
45,Female,A+,Asthma,2022-11-13,Ryan Obrien,LLC Harvey,Cigna,28599.96899870983,Emergency,2022-11-17,Lipitor,Normal,4,2022,11
20,Male,A-,Cancer,2023-07-26,Holly Houston,Hill Inc,Cigna,8762.440537292508,Urgent,2023-08-24,Ibuprofen,Inconclusive,29,2023,7
38,Female,B+,Arthritis,2023-09-26,Justin Molina,Group King,UnitedHealthcare,20347.357200746832,Elective,2023-10-14,Paracetamol,Abnormal,18,2023,9
82,Male,B-,Cancer,2019-07-07,Heather Miller,Group Acosta,Aetna,9074.81326561909,Urgent,2019-07-24,Lipitor,Inconclusive,17,2019,7
69,Female,AB+,Hypertension,2021-11-18,John Fuller,Bowman-Jackson,Blue Cross,47391.618941284105,Elective,2021-12-01,Penicillin,Abnormal,13,2021,11
56,Male,B+,Obesity,2023-04-15,Debbie Lane,Smith-Weiss,Medicare,36332.9896775106,Urgent,2023-05-10,Paracetamol,Inconclusive,25,2023,4
38,Female,O+,Obesity,2021-07-16,Mitchell Lopez,"Jackson and Walker, Torres",Aetna,41456.71183618912,Elective,2021-07-29,Ibuprofen,Inconclusive,13,2021,7
80,Male,AB-,Cancer,2021-03-24,Kenneth Mitchell,"Collins and Farmer Zamora,",Medicare,49757.92224869667,Elective,2021-03-30,Lipitor,Abnormal,6,2021,3
68,Female,AB+,Arthritis,2023-04-05,Janet Hall,Ramirez-Taylor,Blue Cross,36322.769967217886,Urgent,2023-04-28,Lipitor,Inconclusive,23,2023,4
18,Male,O-,Hypertension,2020-04-08,Melanie Anderson,PLC Watkins,UnitedHealthcare,5938.375487348135,Emergency,2020-04-26,Lipitor,Normal,18,2020,4
66,Female,AB+,Cancer,2019-07-16,Kelly Oliver,"and Wright, Jones Sanders",Medicare,45637.12456860623,Elective,2019-08-08,Lipitor,Inconclusive,23,2019,7
66,Male,A+,Arthritis,2021-09-16,Angela Murphy,"Simmons and Beasley, Brennan",Cigna,47025.60173291639,Urgent,2021-10-14,Aspirin,Inconclusive,28,2021,9
49,Male,A+,Hypertension,2021-03-03,Carmen Huerta,Davis-Erickson,Medicare,12294.76612805721,Elective,2021-04-02,Aspirin,Normal,30,2021,3
32,Female,A-,Diabetes,2023-10-30,Vanessa Jones,"Rodgers and Johnson Shaw,",Blue Cross,11704.959990011366,Urgent,2023-11-15,Paracetamol,Abnormal,16,2023,10
66,Male,AB+,Hypertension,2019-07-16,Jill Holmes,PLC Miller,Medicare,34108.86412060134,Elective,2019-08-07,Ibuprofen,Abnormal,22,2019,7
43,Male,B+,Hypertension,2022-05-12,Paul Vang,"Martinez, Lewis Mack and",Aetna,44872.58706019364,Urgent,2022-06-06,Lipitor,Normal,25,2022,5
34,Male,AB+,Cancer,2023-08-16,Victoria Porter,"Cook and Miller, Dunlap",Medicare,34592.13933523015,Emergency,2023-09-08,Paracetamol,Normal,23,2023,8
37,Male,A-,Arthritis,2020-07-28,James Gill,Bailey-Leach,Cigna,11572.070528849295,Urgent,2020-08-01,Paracetamol,Inconclusive,4,2020,7
66,Female,O+,Obesity,2020-10-18,Mark English,Williams-Russell,Medicare,12447.792836846636,Urgent,2020-10-20,Lipitor,Inconclusive,2,2020,10
43,Male,B-,Obesity,2020-04-27,Christine Grant,"Wilson Lynch, Castro and",Cigna,5438.978397640596,Emergency,2020-05-18,Lipitor,Abnormal,21,2020,4
25,Male,AB+,Obesity,2022-03-30,Terri Klein,"Miller Taylor and Davis,",Medicare,47157.46115429864,Elective,2022-04-26,Aspirin,Abnormal,27,2022,3
61,Male,A-,Asthma,2022-12-02,Mr. Luke Haley,"Tran, Gibson Rodriguez and",Aetna,40701.9159252454,Elective,2023-01-01,Ibuprofen,Inconclusive,30,2022,12
35,Female,B+,Obesity,2020-03-24,Amy Rivers,"Larson, and Blankenship Nguyen",Cigna,10599.232691355206,Emergency,2020-04-10,Aspirin,Normal,17,2020,3
75,Male,O+,Arthritis,2021-08-22,Adam Wilson,Lambert-Lane,Blue Cross,11279.582988393346,Emergency,2021-09-01,Ibuprofen,Inconclusive,10,2021,8
45,Male,O-,Hypertension,2022-06-04,Amy Cruz,Mejia-Haney,Medicare,38122.78358519189,Emergency,2022-06-26,Ibuprofen,Inconclusive,22,2022,6
20,Male,AB+,Diabetes,2024-02-22,John Cox,"Morgan, Lewis Collins and",Aetna,49186.56996635825,Urgent,2024-03-20,Aspirin,Abnormal,27,2024,2
64,Male,B-,Hypertension,2020-04-14,Andrew Peters,Johnson-Ingram,UnitedHealthcare,42487.51362904291,Elective,2020-05-06,Penicillin,Inconclusive,22,2020,4
59,Male,B+,Hypertension,2020-01-21,Antonio Hamilton,Travis-Davis,Medicare,13411.576477216162,Emergency,2020-02-11,Aspirin,Normal,21,2020,1
40,Female,O-,Arthritis,2019-12-20,Elizabeth Bennett,"Schultz Gutierrez, Nunez and",Aetna,24605.20585914686,Urgent,2020-01-06,Paracetamol,Inconclusive,17,2019,12
69,Male,AB-,Asthma,2023-08-13,Todd Solomon,Garcia PLC,UnitedHealthcare,36239.86353133676,Emergency,2023-08-24,Ibuprofen,Inconclusive,11,2023,8
79,Male,O+,Obesity,2022-12-23,Chelsea Hampton,"King, and Mitchell Vega",Aetna,18506.402591143105,Elective,2022-12-28,Aspirin,Inconclusive,5,2022,12
18,Male,O+,Arthritis,2024-03-13,Jonathan Hernandez,Ltd Mccarthy,UnitedHealthcare,1786.8396780517685,Emergency,2024-03-29,Penicillin,Normal,16,2024,3
44,Male,A+,Asthma,2022-02-24,Anthony Wright,"and Hill Taylor Lee,",Cigna,24066.692126989543,Urgent,2022-03-13,Ibuprofen,Inconclusive,17,2022,2
40,Female,AB+,Arthritis,2023-09-13,Angela Foster,Roberts-Gomez,Medicare,12368.587706540571,Emergency,2023-09-15,Aspirin,Inconclusive,2,2023,9
71,Female,B+,Diabetes,2021-08-30,Michelle Bradley,Thomas-Reed,Cigna,49512.17063238831,Elective,2021-09-26,Paracetamol,Normal,27,2021,8
44,Female,O+,Hypertension,2020-11-22,Donna Simpson,Group Martin,UnitedHealthcare,17964.569542817517,Elective,2020-12-05,Aspirin,Abnormal,13,2020,11
39,Female,O+,Hypertension,2023-06-16,Jason Dixon,Castillo-Phillips,UnitedHealthcare,2474.9001045363743,Elective,2023-06-21,Lipitor,Normal,5,2023,6
41,Male,B-,Arthritis,2022-03-11,Timothy Long,"Mathis, Robertson and Davis",Blue Cross,10734.630629557289,Elective,2022-03-20,Aspirin,Abnormal,9,2022,3
55,Female,O-,Asthma,2020-12-03,Carolyn Mcgrath,Benson PLC,Medicare,18508.721261355127,Urgent,2021-01-01,Penicillin,Abnormal,29,2020,12
58,Male,A+,Asthma,2021-11-25,Dr. Gary Anderson,"Smith Coffey and Finley,",Aetna,20514.43645712957,Elective,2021-12-11,Aspirin,Inconclusive,16,2021,11
82,Female,B-,Cancer,2021-07-17,Susan Miller,Choi-Murphy,Cigna,38994.17012595561,Emergency,2021-08-12,Paracetamol,Inconclusive,26,2021,7
85,Male,AB+,Arthritis,2020-03-21,Richard Stevens,Watson-Cross,Medicare,42585.968425959145,Emergency,2020-04-16,Penicillin,Normal,26,2020,3
21,Female,B-,Diabetes,2022-04-23,Isaac Coleman,Weeks LLC,Aetna,34652.79731905584,Urgent,2022-05-14,Ibuprofen,Abnormal,21,2022,4
49,Male,B+,Arthritis,2022-03-04,Jacqueline Smith,Everett-Lawson,UnitedHealthcare,40350.18836003743,Elective,2022-03-24,Penicillin,Abnormal,20,2022,3
58,Female,O+,Diabetes,2023-12-26,Kyle Mueller,"and Bowman Ingram Oconnor,",Cigna,10467.187414484975,Elective,2023-12-29,Ibuprofen,Normal,3,2023,12
57,Female,AB+,Asthma,2020-05-13,Cynthia Kelly,Walsh-Ramos,Blue Cross,28683.60519062951,Emergency,2020-06-11,Aspirin,Abnormal,29,2020,5
42,Male,AB+,Cancer,2019-08-20,Cassidy Donaldson,Group Johnson,Medicare,27793.03682393909,Emergency,2019-09-10,Ibuprofen,Abnormal,21,2019,8
42,Female,AB-,Arthritis,2022-07-22,Samuel Walters,Jensen PLC,UnitedHealthcare,2949.9318516086933,Elective,2022-08-19,Ibuprofen,Abnormal,28,2022,7
69,Male,B-,Hypertension,2022-07-20,Ryan Murray,Martin Group,Medicare,41492.70041495457,Emergency,2022-07-28,Paracetamol,Abnormal,8,2022,7
40,Female,B-,Cancer,2021-03-17,Veronica Morris,Steele LLC,UnitedHealthcare,5340.288618052735,Urgent,2021-04-12,Penicillin,Normal,26,2021,3
51,Female,AB-,Cancer,2020-12-21,Kelly Aguirre,"Rodriguez Duarte Warren, and",UnitedHealthcare,46268.37332128192,Emergency,2021-01-01,Aspirin,Normal,11,2020,12
23,Female,B-,Cancer,2020-02-04,Kristen Mcpherson,Sanchez-Spencer,UnitedHealthcare,50204.73407935364,Emergency,2020-02-23,Paracetamol,Normal,19,2020,2
60,Female,O-,Cancer,2019-07-23,Adam Santiago,Inc Gonzales,Medicare,1573.261329657808,Elective,2019-08-22,Lipitor,Normal,30,2019,7
79,Male,A+,Arthritis,2019-07-09,Rebecca Cook,"Fernandez Hunter and Brooks,",UnitedHealthcare,49755.98275381081,Urgent,2019-07-23,Paracetamol,Normal,14,2019,7
41,Male,B-,Arthritis,2019-11-26,Megan Manning,"and Perkins, Bell Carrillo",Medicare,16083.5395385904,Emergency,2019-12-18,Paracetamol,Normal,22,2019,11
76,Female,A+,Arthritis,2022-03-02,Michael Butler,"Rasmussen Patrick and Newman,",Cigna,10584.185945449815,Elective,2022-03-15,Lipitor,Inconclusive,13,2022,3
57,Male,A-,Diabetes,2023-06-11,Alicia Howell,Morris-Oconnell,UnitedHealthcare,2306.022163255096,Urgent,2023-06-23,Penicillin,Normal,12,2023,6
82,Female,B+,Arthritis,2019-10-13,Daniel Smith,Baker-Krause,Blue Cross,41891.24866653091,Elective,2019-11-07,Lipitor,Inconclusive,25,2019,10
23,Female,O-,Hypertension,2022-05-02,Holly Waters,"Humphrey, and Chapman Jones",Aetna,24747.537956581888,Emergency,2022-05-05,Lipitor,Inconclusive,3,2022,5
36,Female,A-,Hypertension,2024-03-07,Amanda Lyons,Pierce-Navarro,UnitedHealthcare,40075.910864675694,Urgent,2024-03-29,Ibuprofen,Abnormal,22,2024,3
20,Male,O-,Cancer,2019-12-29,William Daugherty,Howard-Sanchez,Medicare,14784.6009624723,Urgent,2020-01-17,Paracetamol,Inconclusive,19,2019,12
61,Male,A+,Arthritis,2020-05-09,Felicia Miller,and Gross Sons,Aetna,3089.317703501273,Urgent,2020-06-01,Ibuprofen,Inconclusive,23,2020,5
56,Female,O-,Diabetes,2021-12-25,Jerry Thompson,"Jensen, Sanchez Foley and",Aetna,37864.19442753451,Elective,2022-01-08,Aspirin,Normal,14,2021,12
42,Male,B+,Cancer,2022-04-10,Julie Petersen,"and Hines Gibson, Fritz",Cigna,28906.811706769724,Elective,2022-04-25,Lipitor,Inconclusive,15,2022,4
64,Male,O-,Arthritis,2019-09-24,Mr. Bryan Rivera DVM,Gordon-Ward,Cigna,20193.80320374821,Emergency,2019-10-18,Penicillin,Normal,24,2019,9
67,Female,B-,Obesity,2022-04-07,Andrea Wood,"and Ramirez Robinson, Parsons",Aetna,33156.63211823076,Emergency,2022-04-17,Aspirin,Abnormal,10,2022,4
80,Male,AB-,Diabetes,2020-04-22,Barbara Perez,"Martin Oconnor, and Smith",Blue Cross,36776.01574559335,Elective,2020-04-23,Ibuprofen,Abnormal,1,2020,4
45,Female,A-,Asthma,2023-06-24,Michael Myers,"Foster and Hall, Melton",Aetna,45952.02147528182,Elective,2023-07-09,Penicillin,Abnormal,15,2023,6
64,Female,O+,Hypertension,2022-10-21,Lisa West,Lane LLC,Blue Cross,13883.250409169856,Urgent,2022-11-08,Paracetamol,Abnormal,18,2022,10
84,Female,A+,Diabetes,2020-02-21,Heather Johnson,Norman PLC,UnitedHealthcare,35318.76598075485,Emergency,2020-03-17,Aspirin,Abnormal,25,2020,2
31,Female,B-,Arthritis,2023-12-06,Pamela Morton,"Vance Powell Myers, and",Cigna,21803.09708790306,Urgent,2023-12-28,Penicillin,Normal,22,2023,12
63,Male,O+,Obesity,2020-03-08,Michael Singh,"Navarro Waters, and Humphrey",Medicare,45432.781616106346,Emergency,2020-03-28,Penicillin,Abnormal,20,2020,3
44,Male,O+,Arthritis,2021-07-02,David James,"Vasquez Hart, and Ruiz",Aetna,43159.41241015829,Emergency,2021-07-17,Lipitor,Normal,15,2021,7
80,Male,O+,Obesity,2019-07-29,Jenna Johnson,Schroeder-Hicks,Cigna,44630.20908616433,Urgent,2019-08-25,Paracetamol,Inconclusive,27,2019,7
47,Male,A-,Diabetes,2021-07-05,Robert Taylor,"Luna and Howard, Moore",Cigna,33411.16329545772,Urgent,2021-07-11,Penicillin,Abnormal,6,2021,7
28,Male,O-,Cancer,2021-02-14,Kathleen Jones,Reed-Nelson,Aetna,35313.30922645095,Emergency,2021-03-16,Paracetamol,Normal,30,2021,2
80,Female,O+,Obesity,2021-10-12,Maria Thomas,Nixon-Taylor,Medicare,39098.312282005885,Emergency,2021-11-04,Aspirin,Abnormal,23,2021,10
30,Female,B+,Arthritis,2020-10-28,Robert Parker,Pena-Golden,Cigna,37149.06652501387,Emergency,2020-10-31,Lipitor,Inconclusive,3,2020,10
73,Female,AB+,Diabetes,2020-08-08,Megan Spencer,Johnson-Cantrell,Aetna,35676.59765327727,Urgent,2020-08-30,Aspirin,Abnormal,22,2020,8
34,Female,B+,Asthma,2020-03-22,Tiffany Poole,Inc Vasquez,Aetna,33851.054104435505,Emergency,2020-03-30,Aspirin,Inconclusive,8,2020,3
79,Male,B+,Asthma,2021-09-17,Anthony Foster,"Miles Torres, Jefferson and",Cigna,29602.65760119827,Urgent,2021-10-10,Penicillin,Inconclusive,23,2021,9
40,Male,B-,Arthritis,2021-08-27,Veronica Lynch,"Parks Young, Simmons and",Cigna,2049.0498666441044,Urgent,2021-09-04,Ibuprofen,Inconclusive,8,2021,8
48,Female,AB+,Cancer,2020-11-21,Jeffrey Douglas,"Gardner and Brown, Johnson",Aetna,17966.87907845414,Urgent,2020-11-24,Penicillin,Inconclusive,3,2020,11
33,Female,A+,Cancer,2020-01-13,Sarah Kim,"Duncan Taylor Dean, and",Aetna,42998.20950887873,Urgent,2020-02-07,Aspirin,Abnormal,25,2020,1
81,Female,AB+,Hypertension,2021-06-11,Johnny Crawford,Price-Fischer,Medicare,35655.58647224598,Elective,2021-06-28,Ibuprofen,Inconclusive,17,2021,6
53,Male,A-,Arthritis,2022-05-01,Tony Clements,Peters-Warner,Aetna,8051.294083335075,Urgent,2022-05-11,Aspirin,Normal,10,2022,5
62,Female,B+,Asthma,2023-12-06,Wesley Whitaker,"Gomez Dillon Knight, and",Blue Cross,26653.7121717988,Emergency,2023-12-22,Paracetamol,Inconclusive,16,2023,12
24,Male,AB+,Obesity,2023-01-25,Frank Farley,"Weeks Bailey, Lester and",UnitedHealthcare,28181.04212386171,Urgent,2023-02-05,Penicillin,Normal,11,2023,1
65,Female,O-,Asthma,2022-03-13,Mr. Corey Byrd,Barnes LLC,Medicare,1136.3161793079216,Elective,2022-04-01,Lipitor,Abnormal,19,2022,3
68,Female,AB+,Asthma,2022-12-21,Audrey Zimmerman DDS,"and Gordon Patterson, Swanson",Blue Cross,13444.10927450115,Elective,2023-01-02,Aspirin,Inconclusive,12,2022,12
67,Male,B+,Cancer,2019-10-20,Kelly Grimes,Andrews-Woods,Medicare,33694.07793522015,Elective,2019-11-08,Lipitor,Normal,19,2019,10
60,Male,B-,Arthritis,2023-06-12,Kerri Freeman,"and Greer Hall Harrison,",Medicare,16985.491665997775,Elective,2023-06-27,Aspirin,Inconclusive,15,2023,6
53,Male,A+,Cancer,2022-11-08,Cody Gibbs,Group Ford,Cigna,39624.966519039175,Elective,2022-11-12,Paracetamol,Inconclusive,4,2022,11
55,Female,B+,Asthma,2021-11-14,Todd Faulkner,"Davis and Livingston, Allen",Blue Cross,44421.34624400449,Emergency,2021-12-06,Ibuprofen,Abnormal,22,2021,11
68,Female,O-,Obesity,2022-11-09,Deborah Mann,Reyes-Murphy,Medicare,9451.76000411826,Elective,2022-11-20,Penicillin,Abnormal,11,2022,11
29,Male,AB-,Hypertension,2023-03-14,Emily Simmons,"Nunez, Hicks and Gibbs",Cigna,24105.363687604397,Elective,2023-03-29,Ibuprofen,Normal,15,2023,3
19,Female,O+,Asthma,2021-03-22,Jenna York,Jackson-Phelps,Cigna,26365.076735264443,Emergency,2021-04-20,Penicillin,Inconclusive,29,2021,3
69,Male,AB-,Arthritis,2020-06-11,Brandon Wright,Heath-Krause,UnitedHealthcare,34061.77724550627,Emergency,2020-07-04,Aspirin,Normal,23,2020,6
36,Female,A+,Cancer,2019-07-21,Justin Freeman,LLC Wolfe,Cigna,40866.767162914,Elective,2019-07-24,Aspirin,Normal,3,2019,7
48,Female,A-,Cancer,2022-07-01,Tina Aguirre,Lee-Wallace,Aetna,44624.79925212564,Urgent,2022-07-22,Aspirin,Inconclusive,21,2022,7
72,Male,O+,Obesity,2024-02-25,Robert Stanton,Henry Inc,Cigna,13343.644704495744,Emergency,2024-03-03,Paracetamol,Abnormal,7,2024,2
45,Female,B+,Hypertension,2023-06-24,Samantha Dominguez,Group Lewis,UnitedHealthcare,9765.495412213562,Elective,2023-07-02,Ibuprofen,Normal,8,2023,6
85,Male,B+,Arthritis,2021-01-15,Lee Castro,Coffey Group,Aetna,33833.54659041168,Urgent,2021-01-27,Aspirin,Inconclusive,12,2021,1
67,Female,B+,Hypertension,2020-05-08,Jason Hall,"Lane Kennedy, and Mccoy",Blue Cross,36119.9285219578,Elective,2020-05-27,Lipitor,Abnormal,19,2020,5
71,Female,B+,Cancer,2020-08-09,Angela Sosa,"Turner Fernandez, and Herman",Blue Cross,41187.62714767534,Emergency,2020-09-03,Ibuprofen,Abnormal,25,2020,8
24,Male,O+,Diabetes,2021-12-13,Joshua Flynn,PLC Phillips,Blue Cross,2325.791434525032,Emergency,2021-12-20,Ibuprofen,Abnormal,7,2021,12
51,Female,O-,Arthritis,2020-06-24,Victoria Knapp,Johnson-Knight,UnitedHealthcare,3889.248391913864,Urgent,2020-07-21,Aspirin,Normal,27,2020,6
48,Female,B+,Cancer,2021-02-12,Christopher Humphrey,"Mendez and Rodriguez Thomas,",Cigna,15173.240880585385,Urgent,2021-02-13,Paracetamol,Normal,1,2021,2
61,Male,O+,Arthritis,2022-02-16,Lance Snyder,White-Graves,UnitedHealthcare,2591.169900932648,Elective,2022-02-19,Lipitor,Abnormal,3,2022,2
55,Female,AB-,Diabetes,2022-10-09,April Oliver,"Murphy Richards, Larson and",UnitedHealthcare,36078.99730166172,Elective,2022-10-19,Paracetamol,Abnormal,10,2022,10
18,Male,AB-,Cancer,2022-08-07,Teresa Sexton,Group Keller,UnitedHealthcare,37812.710669139386,Emergency,2022-08-21,Penicillin,Inconclusive,14,2022,8
56,Female,O-,Asthma,2020-09-23,Patricia Hoffman,"Kramer Bean, and Lopez",Aetna,36677.88162035708,Urgent,2020-10-08,Aspirin,Normal,15,2020,9
61,Female,AB+,Arthritis,2024-04-05,Jennifer Schmitt,Peters-Fischer,UnitedHealthcare,42570.2162507258,Elective,2024-04-21,Aspirin,Inconclusive,16,2024,4
21,Female,A+,Cancer,2022-10-13,Lisa Hansen,Kelly-Mitchell,Cigna,45641.50921882436,Elective,2022-10-16,Lipitor,Abnormal,3,2022,10
34,Female,AB-,Asthma,2019-07-12,Tammy West,Perry-Clark,Cigna,43485.83787680575,Emergency,2019-07-22,Aspirin,Normal,10,2019,7
35,Male,B-,Diabetes,2020-08-08,Jessica Gates,Vasquez-Hendricks,Cigna,43695.85514365707,Elective,2020-08-26,Lipitor,Normal,18,2020,8
47,Male,AB+,Asthma,2024-02-14,John Wright,"Mitchell, Williams Nguyen and",Medicare,26668.10123944948,Elective,2024-03-02,Aspirin,Inconclusive,17,2024,2
26,Male,AB+,Diabetes,2023-01-10,Ashley Hayes,Mcdaniel-Horton,Medicare,7724.243352905691,Emergency,2023-01-14,Penicillin,Inconclusive,4,2023,1
26,Female,A-,Obesity,2020-01-19,David Shaw,Jackson Inc,Medicare,41311.53200368887,Emergency,2020-01-28,Paracetamol,Normal,9,2020,1
82,Male,A+,Arthritis,2023-09-01,Jonathan Figueroa,PLC Miller,Medicare,28452.74774449904,Urgent,2023-09-23,Lipitor,Inconclusive,22,2023,9
35,Male,AB+,Obesity,2024-01-06,Brittney Gardner,"Wilson and Morales Mccormick,",Aetna,4437.825177179415,Elective,2024-01-31,Penicillin,Inconclusive,25,2024,1
59,Male,AB-,Hypertension,2022-08-08,Stanley Sanford,Johnson-Morales,Cigna,26798.337663587867,Elective,2022-09-06,Paracetamol,Inconclusive,29,2022,8
62,Male,B+,Diabetes,2022-10-15,Anthony Hogan,Welch Ltd,Blue Cross,23605.62659182379,Emergency,2022-11-11,Lipitor,Normal,27,2022,10
70,Female,O+,Arthritis,2020-12-22,Sarah Williams,Velasquez-Hall,UnitedHealthcare,48762.10371944165,Emergency,2021-01-13,Paracetamol,Normal,22,2020,12
56,Female,AB-,Asthma,2023-08-28,Krista Sanchez,"Townsend Ramos Hughes, and",Medicare,10366.87219932954,Elective,2023-09-02,Paracetamol,Abnormal,5,2023,8
30,Male,O+,Cancer,2022-09-28,Shawn Morrison DVM,Fox Ltd,UnitedHealthcare,24850.45542579145,Urgent,2022-10-07,Lipitor,Inconclusive,9,2022,9
53,Female,B-,Cancer,2020-09-16,Kyle Mcclain,Perez Sons and,Aetna,10339.581088820818,Urgent,2020-09-25,Paracetamol,Inconclusive,9,2020,9
56,Male,AB+,Diabetes,2020-10-31,Brady Wright,Sanders Inc,UnitedHealthcare,24177.409605819492,Emergency,2020-11-06,Aspirin,Normal,6,2020,10
24,Male,B-,Obesity,2019-05-12,Blake Baldwin,Ltd Clark,Aetna,23924.951098146736,Emergency,2019-06-05,Ibuprofen,Abnormal,24,2019,5
69,Male,A+,Cancer,2019-08-31,Rodney Kirby,Sutton-Reid,Medicare,22748.343752536923,Elective,2019-09-11,Penicillin,Inconclusive,11,2019,8
41,Female,O-,Arthritis,2021-06-28,Julie Cameron,"Parrish Landry and Chandler,",Blue Cross,11950.283072140426,Emergency,2021-07-26,Ibuprofen,Inconclusive,28,2021,6
77,Male,A-,Hypertension,2020-07-16,Mariah Cook,Chan-Brown,Aetna,3299.4751756203486,Urgent,2020-08-05,Penicillin,Abnormal,20,2020,7
19,Male,A-,Arthritis,2020-08-10,Kelly Johnson,"Brown, Wood Nelson and",Medicare,13299.442556436015,Emergency,2020-09-06,Ibuprofen,Inconclusive,27,2020,8
69,Male,O-,Hypertension,2022-03-29,Edward Chen,Campbell-Hodges,Aetna,1890.8136856251328,Emergency,2022-04-12,Penicillin,Normal,14,2022,3
42,Female,B+,Arthritis,2021-09-16,Tammy Farmer DDS,"Hall and Faulkner Harris,",Medicare,44114.19077640648,Urgent,2021-10-04,Ibuprofen,Inconclusive,18,2021,9
80,Female,B-,Diabetes,2020-10-21,Anthony Thompson,Gardner-Walsh,UnitedHealthcare,39232.800524449856,Elective,2020-10-31,Penicillin,Inconclusive,10,2020,10
61,Female,A+,Arthritis,2019-06-15,Jean Hogan,"Gibbs, and Rodriguez Koch",Blue Cross,50057.82937807548,Urgent,2019-07-10,Aspirin,Inconclusive,25,2019,6
56,Male,O-,Diabetes,2022-08-25,Ryan Campbell,"Bowman, Lee and Avila",UnitedHealthcare,46244.60346036471,Urgent,2022-09-04,Lipitor,Inconclusive,10,2022,8
77,Female,AB-,Diabetes,2023-06-16,Kimberly Matthews,Strickland-Jackson,Cigna,28683.30463397818,Urgent,2023-07-16,Penicillin,Inconclusive,30,2023,6
26,Male,B-,Asthma,2022-11-17,Melissa Cunningham,PLC Beck,Blue Cross,29591.64247092178,Urgent,2022-12-03,Lipitor,Normal,16,2022,11
43,Female,O+,Arthritis,2024-01-01,Derrick Cooper,Vega and Sons,Aetna,29873.979747269448,Elective,2024-01-27,Penicillin,Inconclusive,26,2024,1
55,Female,A+,Hypertension,2020-12-11,Fred Ewing,"Jackson, and Mitchell Moyer",Cigna,21850.04761335427,Urgent,2021-01-01,Aspirin,Abnormal,21,2020,12
31,Female,AB-,Diabetes,2021-01-18,Mr. Cole Cooley DDS,"Silva Grant Wagner, and",Aetna,32765.496424484365,Emergency,2021-01-20,Lipitor,Inconclusive,2,2021,1
28,Male,B+,Obesity,2022-11-20,Ashley Miranda,French-Ramsey,Aetna,17736.29901130111,Urgent,2022-12-11,Ibuprofen,Abnormal,21,2022,11
19,Female,A-,Obesity,2022-02-15,Denise Hamilton,"and Stephens Sawyer, Collins",UnitedHealthcare,11024.479090759269,Urgent,2022-03-08,Lipitor,Inconclusive,21,2022,2
33,Female,A-,Asthma,2020-08-06,Roy Richmond,PLC Gray,Aetna,41954.67174788463,Emergency,2020-09-05,Aspirin,Normal,30,2020,8
65,Male,AB-,Arthritis,2021-05-14,Eric Jones,Hayes-Hart,Blue Cross,28781.34224339204,Emergency,2021-05-19,Penicillin,Inconclusive,5,2021,5
46,Female,AB+,Hypertension,2020-06-25,Kayla Aguilar,"Weaver Wong and Miller,",Aetna,33130.25227344483,Urgent,2020-07-06,Paracetamol,Normal,11,2020,6
51,Male,A-,Asthma,2023-03-07,Megan Bennett,and Salazar Sons,Aetna,3220.7837734459645,Elective,2023-03-17,Paracetamol,Normal,10,2023,3
38,Male,O-,Asthma,2021-06-28,Jeffrey Ryan,Woods-Macdonald,Blue Cross,46852.83050410347,Emergency,2021-07-09,Lipitor,Abnormal,11,2021,6
42,Male,A-,Arthritis,2019-11-22,Zachary Young,"Perry Michael, Hanna and",UnitedHealthcare,16773.137583664462,Urgent,2019-11-25,Penicillin,Abnormal,3,2019,11
37,Male,AB-,Diabetes,2021-01-05,Rebekah Howard,PLC Brown,Aetna,50633.07322906576,Urgent,2021-01-21,Paracetamol,Inconclusive,16,2021,1
40,Male,A-,Arthritis,2020-12-03,Michael Mejia,"Nunez Taylor Nguyen, and",UnitedHealthcare,27683.982823968287,Urgent,2020-12-12,Aspirin,Inconclusive,9,2020,12
57,Female,O-,Hypertension,2020-10-17,Victoria Allen,Inc Taylor,Aetna,36751.81117398123,Elective,2020-11-02,Aspirin,Abnormal,16,2020,10
27,Male,A+,Diabetes,2023-04-06,Andrew Grant,Ramos-Brown,Blue Cross,37806.96965626052,Emergency,2023-04-19,Paracetamol,Normal,13,2023,4
63,Female,B+,Hypertension,2021-10-05,Christy Wang,"Maxwell Adams Williams, and",Aetna,24751.868399570107,Elective,2021-10-10,Paracetamol,Normal,5,2021,10
20,Male,A-,Asthma,2021-04-16,Paul Escobar,Koch-Smith,Aetna,15531.811268387792,Emergency,2021-05-02,Ibuprofen,Normal,16,2021,4
81,Female,B-,Cancer,2020-01-07,Beverly Burns,"Brown, and Barnett Osborn",Medicare,38220.21474833536,Emergency,2020-02-04,Ibuprofen,Abnormal,28,2020,1
53,Female,B-,Obesity,2020-11-04,Amanda Yang,Inc Chen,UnitedHealthcare,29862.173483041915,Elective,2020-12-04,Penicillin,Normal,30,2020,11
27,Female,A+,Diabetes,2020-07-01,Alyssa Bishop,Mitchell-Johnson,UnitedHealthcare,49284.01988340672,Emergency,2020-07-07,Aspirin,Normal,6,2020,7
44,Male,A-,Obesity,2019-12-02,Cassandra Lewis,Ltd Beard,Cigna,25907.412675469564,Emergency,2020-01-01,Lipitor,Inconclusive,30,2019,12
18,Female,B-,Arthritis,2023-12-17,Adam Chapman,"Thomas and Baker Smith,",Medicare,4459.294750726323,Emergency,2023-12-21,Ibuprofen,Inconclusive,4,2023,12
80,Female,B-,Diabetes,2022-03-20,Cheryl Randall,Ltd Hutchinson,Blue Cross,26517.116679396684,Emergency,2022-03-29,Paracetamol,Inconclusive,9,2022,3
27,Female,O-,Obesity,2021-07-21,Patrick Gallagher,Chang-Myers,Blue Cross,17811.546552854994,Elective,2021-08-19,Paracetamol,Abnormal,29,2021,7
40,Male,B+,Cancer,2021-04-13,David Johnson,Marks LLC,Medicare,17755.74310218368,Elective,2021-04-22,Lipitor,Inconclusive,9,2021,4
60,Female,AB-,Asthma,2019-08-02,Michaela Vargas,Gillespie-Edwards,Cigna,43535.0903798821,Emergency,2019-08-23,Ibuprofen,Inconclusive,21,2019,8
29,Female,AB-,Obesity,2020-05-11,Richard Watts,"and Eaton, Haynes Taylor",Medicare,14249.292397959422,Urgent,2020-05-13,Ibuprofen,Inconclusive,2,2020,5
54,Female,B-,Asthma,2022-07-14,Patricia Becker,Simmons PLC,Medicare,31439.87777331479,Urgent,2022-08-10,Ibuprofen,Abnormal,27,2022,7
77,Female,O-,Diabetes,2019-05-19,Melissa Anderson,Group Obrien,Cigna,41792.51668483768,Emergency,2019-05-26,Ibuprofen,Normal,7,2019,5
45,Female,O+,Obesity,2020-02-12,Alison Humphrey,"Jackson, Hansen and Greene",Aetna,1633.2587028522707,Elective,2020-03-01,Lipitor,Abnormal,18,2020,2
55,Male,A-,Cancer,2023-06-03,Elizabeth Owen,White-Marshall,Medicare,22407.95521474744,Elective,2023-06-26,Ibuprofen,Abnormal,23,2023,6
43,Female,B+,Hypertension,2020-01-23,Monica Thomas,Lawrence Sons and,Medicare,47891.03555565048,Elective,2020-02-06,Ibuprofen,Inconclusive,14,2020,1
84,Male,A+,Obesity,2022-05-10,Kelly Blevins,Smith-Lewis,Cigna,27276.04822957843,Elective,2022-05-13,Paracetamol,Inconclusive,3,2022,5
33,Female,A+,Obesity,2022-07-05,Jessica Mercer,"and Gonzalez Ford Potter,",Blue Cross,45980.19421220323,Emergency,2022-07-10,Lipitor,Normal,5,2022,7
78,Male,B-,Hypertension,2023-08-22,Stephen Bailey,Green-Shannon,Blue Cross,38586.80744811347,Urgent,2023-09-12,Lipitor,Abnormal,21,2023,8
21,Male,AB+,Obesity,2020-09-04,Katherine Mcfarland,Evans-Douglas,UnitedHealthcare,45070.047511656936,Urgent,2020-09-30,Aspirin,Normal,26,2020,9
59,Female,AB+,Diabetes,2019-12-22,Courtney Anderson,Sons Thomas and,Cigna,30185.662214586613,Emergency,2019-12-31,Penicillin,Inconclusive,9,2019,12
63,Male,B-,Hypertension,2020-11-22,Colin Jensen,"Lowe, Booker Holt and",Aetna,3866.1251589401545,Urgent,2020-12-10,Aspirin,Abnormal,18,2020,11
81,Female,A-,Arthritis,2020-03-24,Beverly Whitney,Byrd Ltd,UnitedHealthcare,14896.336628008256,Emergency,2020-04-13,Penicillin,Inconclusive,20,2020,3
24,Male,A+,Asthma,2021-12-24,Keith Gonzalez,Parker-Campbell,Medicare,13535.316310129168,Elective,2022-01-15,Penicillin,Inconclusive,22,2021,12
66,Male,B+,Arthritis,2021-01-19,Kathleen Sanders,Coleman Inc,Medicare,48492.87806917779,Urgent,2021-02-05,Aspirin,Abnormal,17,2021,1
39,Female,B+,Cancer,2022-02-26,Rhonda Dennis,Wilson-Harmon,Blue Cross,23726.097562341027,Emergency,2022-03-20,Penicillin,Abnormal,22,2022,2
34,Female,AB+,Diabetes,2019-09-24,Allen Smith,Black LLC,Cigna,19941.901933491168,Urgent,2019-09-25,Penicillin,Inconclusive,1,2019,9
61,Female,A-,Hypertension,2020-05-08,Katie Prince,Diaz-Huff,Aetna,14092.509106576115,Elective,2020-05-15,Paracetamol,Normal,7,2020,5
46,Female,B+,Obesity,2023-09-07,Lauren Hayes,PLC Watkins,UnitedHealthcare,17210.420245044905,Emergency,2023-09-24,Paracetamol,Normal,17,2023,9
64,Female,AB-,Hypertension,2023-10-31,Nicole Chambers,Mason-Taylor,UnitedHealthcare,15947.157507542624,Urgent,2023-11-24,Penicillin,Inconclusive,24,2023,10
35,Male,B+,Obesity,2022-06-14,Patrick Arias,Walker PLC,Aetna,31948.02484228318,Elective,2022-06-22,Paracetamol,Normal,8,2022,6
32,Male,A-,Cancer,2023-07-19,Jennifer Carpenter,Miller-Wagner,Medicare,46066.21542732903,Emergency,2023-07-23,Paracetamol,Normal,4,2023,7
36,Female,AB-,Asthma,2020-06-07,Christopher Russo,Sosa-Buck,UnitedHealthcare,2287.79540693862,Urgent,2020-06-09,Paracetamol,Normal,2,2020,6
52,Female,A+,Cancer,2022-09-03,Michael Harris,"Montgomery Cantu, Larson and",Blue Cross,9013.830414227032,Emergency,2022-09-22,Penicillin,Inconclusive,19,2022,9
62,Female,A+,Asthma,2019-10-19,Thomas Kelly,Ltd Roach,Aetna,21851.37787471369,Emergency,2019-11-14,Lipitor,Abnormal,26,2019,10
44,Female,B-,Diabetes,2021-04-11,Allison Davidson,Greene-Parsons,Medicare,40728.79679332896,Urgent,2021-05-10,Lipitor,Abnormal,29,2021,4
63,Female,A-,Asthma,2020-11-02,Evelyn Boyd,"Estes, Logan and Smith",Aetna,7526.90594717944,Elective,2020-11-04,Ibuprofen,Abnormal,2,2020,11
36,Male,AB-,Arthritis,2023-03-06,Douglas Hanna,Smith-Hill,UnitedHealthcare,21158.745009124526,Urgent,2023-03-12,Paracetamol,Normal,6,2023,3
28,Male,A-,Asthma,2022-06-08,Anna Graham,"and Singleton Thomas, Wilson",Cigna,25116.241991859664,Emergency,2022-07-01,Ibuprofen,Abnormal,23,2022,6
37,Female,O-,Obesity,2023-05-13,Elizabeth Rice MD,"Weber, Barrett and Weiss",Medicare,25566.649147475608,Elective,2023-05-20,Lipitor,Inconclusive,7,2023,5
24,Male,A+,Cancer,2020-09-30,Kenneth Castillo,Keller-Thomas,Medicare,41435.15622310493,Elective,2020-10-13,Aspirin,Abnormal,13,2020,9
22,Female,B-,Obesity,2023-12-04,Alexander Stewart,"and Lewis, Edwards Harvey",Aetna,33458.0091233637,Urgent,2023-12-26,Lipitor,Abnormal,22,2023,12
73,Male,A+,Asthma,2021-07-15,Leslie Moore,Fuller Group,UnitedHealthcare,8377.34887067167,Elective,2021-07-30,Penicillin,Abnormal,15,2021,7
47,Female,O+,Arthritis,2023-08-08,Mary Smith,"Hunter and Kelly, Silva",UnitedHealthcare,44534.34527697964,Emergency,2023-09-04,Ibuprofen,Inconclusive,27,2023,8
46,Male,A+,Cancer,2021-11-03,Sonya Kent,Deleon PLC,Cigna,14785.753134780018,Elective,2021-12-01,Ibuprofen,Abnormal,28,2021,11
61,Female,A-,Asthma,2023-08-02,Edward Lyons,Coleman-Rose,Blue Cross,17321.723118504684,Elective,2023-08-11,Lipitor,Normal,9,2023,8
57,Female,A+,Diabetes,2021-09-29,Alan Fletcher,Huffman-Flowers,UnitedHealthcare,7782.744779669921,Elective,2021-10-14,Lipitor,Inconclusive,15,2021,9
40,Male,O+,Obesity,2022-04-09,Karen Ramirez,"Jones, Wilson and Bradshaw",Cigna,15265.76234202801,Emergency,2022-05-09,Ibuprofen,Abnormal,30,2022,4
63,Male,AB-,Obesity,2021-05-12,Rebecca Frazier,"Butler Morales, Brown and",Blue Cross,2555.62303611194,Elective,2021-06-11,Paracetamol,Normal,30,2021,5
74,Female,A+,Cancer,2019-09-07,Michael Evans,"Davis Bishop, Thomas and",Aetna,34058.67031730649,Elective,2019-10-03,Aspirin,Abnormal,26,2019,9
47,Female,A-,Diabetes,2020-03-23,Jennifer Petersen,Graves-Parker,UnitedHealthcare,8872.235226917057,Urgent,2020-04-11,Ibuprofen,Abnormal,19,2020,3
54,Female,AB+,Arthritis,2022-12-23,Amy Kelly,"Brennan Scott, and Gonzalez",Medicare,27572.78681502402,Elective,2023-01-08,Ibuprofen,Inconclusive,16,2022,12
28,Female,A+,Diabetes,2022-02-12,Ryan Lee,Luna Sons and,Blue Cross,5540.29189115963,Elective,2022-02-21,Penicillin,Inconclusive,9,2022,2
54,Female,O-,Arthritis,2019-07-24,Shannon Huang,and Mcneil Sons,Blue Cross,19256.064587206267,Urgent,2019-08-05,Paracetamol,Abnormal,12,2019,7
47,Female,O-,Cancer,2024-01-07,Christopher Gordon,Hernandez-Mendoza,Aetna,48718.85305423601,Elective,2024-01-29,Penicillin,Abnormal,22,2024,1
62,Male,O+,Asthma,2021-06-28,Rebecca Young,Lewis-Foster,UnitedHealthcare,34302.08761765578,Elective,2021-07-08,Aspirin,Inconclusive,10,2021,6
42,Male,AB+,Cancer,2022-09-10,Kevin Calhoun,Baker-Austin,Medicare,9439.90585906019,Urgent,2022-09-25,Aspirin,Inconclusive,15,2022,9
28,Male,B-,Cancer,2019-09-14,Allison Arnold,"Mills and Mejia Williams,",Medicare,25419.72649750144,Emergency,2019-09-17,Paracetamol,Abnormal,3,2019,9
25,Male,O+,Cancer,2020-06-03,William Carter,Sons and Price,UnitedHealthcare,19636.472104149885,Urgent,2020-06-10,Lipitor,Abnormal,7,2020,6
48,Female,B+,Diabetes,2019-06-13,Timothy Edwards,Austin-Perez,Cigna,47748.689535177095,Elective,2019-06-21,Lipitor,Normal,8,2019,6
31,Male,O-,Arthritis,2021-07-07,Denise Jackson,Walton Ltd,Aetna,45149.92186386382,Urgent,2021-07-25,Paracetamol,Abnormal,18,2021,7
39,Male,A+,Hypertension,2024-01-24,David Walker,PLC Ball,Cigna,41963.43102523446,Elective,2024-02-22,Paracetamol,Inconclusive,29,2024,1
33,Male,AB-,Arthritis,2021-10-07,Mr. John Coleman,"Beck Dennis Summers, and",Blue Cross,37517.76145009742,Elective,2021-10-23,Aspirin,Abnormal,16,2021,10
40,Female,A-,Cancer,2021-05-28,Susan White,"and Newton, Cook Moreno",Blue Cross,40002.88483238835,Elective,2021-06-27,Penicillin,Abnormal,30,2021,5
19,Female,A+,Obesity,2023-08-26,Christopher Brown DDS,Garcia-Coleman,Aetna,32275.419108232058,Emergency,2023-09-08,Paracetamol,Abnormal,13,2023,8
54,Female,O-,Arthritis,2022-06-12,Paul Moore,Carroll PLC,Medicare,15049.947620985113,Elective,2022-06-28,Penicillin,Abnormal,16,2022,6
78,Female,AB-,Diabetes,2022-08-26,Elizabeth Johnson,PLC Jackson,UnitedHealthcare,20675.841516484797,Elective,2022-09-01,Lipitor,Inconclusive,6,2022,8
33,Female,B+,Obesity,2022-09-11,Andrea West,"Hartman, Page Terry and",Medicare,50438.0939895152,Elective,2022-10-05,Aspirin,Abnormal,24,2022,9
63,Male,A+,Diabetes,2023-06-10,Kaitlyn Rogers,"and Hood, Davis Mann",Cigna,30343.231326333567,Elective,2023-06-18,Penicillin,Inconclusive,8,2023,6
55,Male,AB-,Obesity,2020-02-14,Douglas Norton,Peters-Randolph,Cigna,18635.357186347646,Urgent,2020-02-26,Paracetamol,Normal,12,2020,2
24,Male,AB-,Asthma,2020-03-12,James Warren,and Sons Jones,UnitedHealthcare,14184.742986507064,Urgent,2020-03-15,Lipitor,Normal,3,2020,3
39,Female,O-,Cancer,2023-02-15,James Whitney,"and Richards Paul, Fitzpatrick",Medicare,7822.839912283564,Urgent,2023-03-09,Ibuprofen,Inconclusive,22,2023,2
73,Male,B-,Hypertension,2022-09-07,Nichole Salas,Vaughn-Williamson,Cigna,38676.1902138975,Urgent,2022-09-22,Lipitor,Inconclusive,15,2022,9
67,Male,O+,Obesity,2020-07-06,Jennifer Smith,LLC Jarvis,UnitedHealthcare,42490.02643573273,Urgent,2020-07-10,Ibuprofen,Inconclusive,4,2020,7
81,Female,O+,Arthritis,2020-06-14,Kayla Simpson,Shaw LLC,UnitedHealthcare,27645.30424144789,Emergency,2020-07-02,Lipitor,Normal,18,2020,6
75,Female,A+,Arthritis,2023-05-10,Jimmy Smith,Cooper Group,Blue Cross,4550.241212592862,Urgent,2023-05-29,Paracetamol,Abnormal,19,2023,5
50,Male,B-,Hypertension,2023-04-17,Sean White,"and Ball Aguilar, Norton",Blue Cross,27375.24762675887,Elective,2023-04-26,Paracetamol,Normal,9,2023,4
64,Female,O+,Asthma,2019-08-15,Michael Davis,"Cantrell and Armstrong Marshall,",Medicare,28350.037942913485,Urgent,2019-08-31,Lipitor,Inconclusive,16,2019,8
62,Female,A-,Obesity,2021-04-30,Jason Ortega,Young-Johnson,Aetna,20259.470657894344,Elective,2021-05-11,Lipitor,Inconclusive,11,2021,4
33,Female,A+,Obesity,2020-04-28,Tracy Martin,Williams LLC,Cigna,39863.04029816468,Urgent,2020-05-12,Ibuprofen,Inconclusive,14,2020,4
26,Male,B-,Diabetes,2020-08-02,Alexandria Cruz,"and James, Buck Alvarez",Medicare,11847.11049754654,Urgent,2020-08-08,Penicillin,Abnormal,6,2020,8
27,Male,B+,Arthritis,2023-08-14,Alexander Johnson,Mills Sons and,Cigna,21626.60381856908,Elective,2023-09-12,Paracetamol,Inconclusive,29,2023,8
68,Male,B-,Asthma,2019-07-01,Erica Cross,Lamb-Matthews,UnitedHealthcare,13669.189905801091,Emergency,2019-07-21,Ibuprofen,Abnormal,20,2019,7
84,Female,A-,Diabetes,2019-08-28,Edward Hudson,Sons Hawkins and,UnitedHealthcare,47831.41232710701,Emergency,2019-08-30,Ibuprofen,Inconclusive,2,2019,8
70,Male,A+,Hypertension,2024-02-11,Amber Scott,"Anderson, Freeman and Whitney",Medicare,31690.67975702797,Emergency,2024-02-19,Lipitor,Inconclusive,8,2024,2
74,Male,A+,Hypertension,2019-07-06,Linda Barr,Atkinson-Patrick,Aetna,32062.1613484317,Urgent,2019-07-15,Paracetamol,Normal,9,2019,7
69,Male,O+,Arthritis,2021-07-15,Jonathan Mclaughlin,"and Lang Frye Bradford,",UnitedHealthcare,49744.985799130816,Urgent,2021-08-11,Aspirin,Inconclusive,27,2021,7
79,Female,B+,Diabetes,2021-01-02,Annette Hall,Macias LLC,Medicare,22591.544221747685,Elective,2021-01-13,Penicillin,Abnormal,11,2021,1
23,Female,AB+,Arthritis,2020-10-18,Vernon Villarreal,Smith PLC,Medicare,26054.684932479617,Elective,2020-11-13,Paracetamol,Normal,26,2020,10
58,Female,AB+,Asthma,2019-11-21,Cindy Smith,Nelson-Collins,Cigna,3091.7313232837228,Elective,2019-12-15,Aspirin,Abnormal,24,2019,11
34,Female,AB-,Cancer,2024-04-26,Natalie Williams,"Wagner, Graham and Russell",UnitedHealthcare,47989.89820045119,Emergency,2024-05-09,Penicillin,Normal,13,2024,4
81,Male,B+,Arthritis,2021-02-14,Angela Collins,Mason Group,Cigna,7702.622671398538,Emergency,2021-02-23,Aspirin,Inconclusive,9,2021,2
65,Female,A-,Obesity,2021-12-01,Kyle Lamb,"Brooks and Wilkinson Anderson,",Blue Cross,22544.404133930853,Urgent,2021-12-17,Lipitor,Inconclusive,16,2021,12
32,Female,AB-,Asthma,2020-01-07,Adrian Smith,"King and Lee, Hester",Medicare,40242.89476682559,Emergency,2020-01-17,Lipitor,Inconclusive,10,2020,1
83,Male,A+,Asthma,2022-03-18,Frank Palmer,LLC Ortiz,Medicare,44525.92827372441,Emergency,2022-03-20,Paracetamol,Normal,2,2022,3
74,Female,O+,Arthritis,2023-06-09,Kristen Arnold,Gonzales Ltd,Aetna,13604.216711541943,Emergency,2023-07-03,Ibuprofen,Abnormal,24,2023,6
78,Female,A+,Arthritis,2023-02-21,Sheila Rodgers,Carpenter Ltd,Blue Cross,50089.29367994723,Urgent,2023-03-06,Penicillin,Inconclusive,13,2023,2
55,Female,AB+,Obesity,2020-12-29,Erin Thompson,Hansen-Lindsey,Medicare,46865.63254677897,Urgent,2021-01-12,Ibuprofen,Normal,14,2020,12
30,Female,B-,Arthritis,2023-05-13,Olivia Schaefer,PLC Cook,Cigna,13657.141177568596,Urgent,2023-05-15,Ibuprofen,Abnormal,2,2023,5
40,Female,O+,Asthma,2021-11-01,Tyler Jacobson,"Heath, Smith Kennedy and",Blue Cross,24116.81984306086,Elective,2021-11-27,Paracetamol,Abnormal,26,2021,11
43,Male,O+,Arthritis,2019-08-28,Julie Smith,"and Gardner Frye, Brown",UnitedHealthcare,34825.47006434727,Emergency,2019-09-25,Paracetamol,Abnormal,28,2019,8
38,Female,O-,Asthma,2019-12-15,Kristen Carroll,Bernard-Taylor,Medicare,39082.100029295965,Urgent,2019-12-22,Lipitor,Abnormal,7,2019,12
54,Male,AB+,Asthma,2019-11-18,Eugene Baker,"Farmer Khan, Bennett and",Aetna,23333.34161897729,Emergency,2019-12-05,Penicillin,Normal,17,2019,11
36,Female,A-,Arthritis,2021-02-12,Michael Sexton,Terrell Inc,Cigna,38808.07504405527,Urgent,2021-02-16,Penicillin,Inconclusive,4,2021,2
29,Female,A+,Diabetes,2021-07-09,Daniel Weber,Ross-Terrell,Blue Cross,5806.713930589205,Elective,2021-07-22,Aspirin,Inconclusive,13,2021,7
36,Male,AB-,Hypertension,2019-10-19,Tamara Ford,LLC Middleton,UnitedHealthcare,19837.554955434505,Urgent,2019-11-09,Penicillin,Normal,21,2019,10
48,Female,AB-,Diabetes,2022-12-12,Mr. Joshua Brown,"Mason Ferguson, Walton and",UnitedHealthcare,48521.2373620343,Emergency,2022-12-17,Ibuprofen,Inconclusive,5,2022,12
48,Male,O+,Obesity,2020-03-05,Mr. Michael Jordan,LLC Johnson,Blue Cross,6545.157340054371,Elective,2020-03-13,Aspirin,Inconclusive,8,2020,3
46,Female,O-,Arthritis,2020-04-15,David Harrington,"Harrison Wilson and James,",Aetna,44282.98960205106,Urgent,2020-04-20,Paracetamol,Normal,5,2020,4
56,Female,O+,Diabetes,2023-10-26,Tyler Fox,Rodriguez Group,Aetna,28813.187617716405,Urgent,2023-11-09,Lipitor,Normal,14,2023,10
57,Female,O+,Arthritis,2021-04-15,Chad Kim,Ramirez PLC,UnitedHealthcare,34892.80584942664,Elective,2021-05-04,Aspirin,Abnormal,19,2021,4
52,Male,B+,Asthma,2020-08-29,Lisa Morris,"Thompson and Price Park,",Cigna,23518.22165500674,Emergency,2020-09-11,Penicillin,Abnormal,13,2020,8
54,Female,B+,Arthritis,2024-03-19,Taylor Jackson DVM,Griffin-Thomas,Aetna,17464.083105916758,Emergency,2024-04-11,Paracetamol,Inconclusive,23,2024,3
19,Male,A-,Obesity,2022-04-18,Joshua Brown,Young-Brown,UnitedHealthcare,19376.454806800077,Elective,2022-05-03,Penicillin,Normal,15,2022,4
54,Male,A-,Asthma,2020-03-18,Gregory Shannon,Waller-Miller,UnitedHealthcare,46234.64532594127,Urgent,2020-04-08,Ibuprofen,Normal,21,2020,3
64,Female,AB+,Hypertension,2021-02-07,Stephanie Pacheco,"Rodriguez Henderson, and White",UnitedHealthcare,18204.849487405227,Elective,2021-02-25,Lipitor,Abnormal,18,2021,2
62,Male,O-,Diabetes,2024-01-01,Jessica Smith,Davis Group,Aetna,47061.14131726678,Emergency,2024-01-08,Penicillin,Inconclusive,7,2024,1
48,Female,A+,Asthma,2020-08-11,Shaun Stafford,Torres-Garrison,Blue Cross,38506.73871826047,Urgent,2020-08-28,Lipitor,Abnormal,17,2020,8
42,Male,B-,Diabetes,2022-01-16,Todd Scott,"and Carter, Copeland Santos",UnitedHealthcare,38537.28501305953,Elective,2022-02-05,Penicillin,Abnormal,20,2022,1
32,Male,A-,Diabetes,2022-04-20,Robert Esparza,LLC Hanson,Cigna,18644.17206527765,Emergency,2022-04-30,Aspirin,Abnormal,10,2022,4
70,Female,B-,Diabetes,2019-05-17,Jared Freeman,Morse-Johnson,UnitedHealthcare,48001.62318214661,Emergency,2019-06-09,Ibuprofen,Normal,23,2019,5
75,Male,AB-,Asthma,2023-06-08,Debra Bowen,Baird-West,Blue Cross,23401.0254498903,Urgent,2023-07-03,Penicillin,Normal,25,2023,6
53,Female,AB+,Asthma,2024-02-22,John Williams,Cook Ltd,Aetna,36397.27122523277,Elective,2024-02-28,Ibuprofen,Normal,6,2024,2
18,Male,A+,Obesity,2020-05-20,Arthur Cook,"Thomas and Day, Walker",Aetna,2600.155033585313,Emergency,2020-06-06,Ibuprofen,Inconclusive,17,2020,5
78,Female,AB+,Cancer,2023-03-10,Rhonda Marquez,Hall Sons and,UnitedHealthcare,16915.42786047377,Urgent,2023-03-27,Paracetamol,Normal,17,2023,3
34,Male,B+,Asthma,2023-08-11,Victoria Page,Wagner LLC,Aetna,50443.89275228626,Urgent,2023-09-08,Penicillin,Inconclusive,28,2023,8
52,Female,A-,Hypertension,2021-03-19,William Molina,Wu-Winters,Medicare,5158.3344565335,Emergency,2021-04-14,Lipitor,Abnormal,26,2021,3
80,Male,AB-,Cancer,2023-03-15,Denise Ward,"Monroe, Hernandez and Martinez",UnitedHealthcare,21734.30391350233,Urgent,2023-04-04,Aspirin,Normal,20,2023,3
34,Male,AB+,Obesity,2021-07-16,Shelly Phillips,Hill-Wong,Blue Cross,9665.98219074618,Urgent,2021-08-07,Lipitor,Normal,22,2021,7
70,Male,A+,Arthritis,2021-07-10,Wendy Welch,Todd-Williams,UnitedHealthcare,39993.14212759468,Elective,2021-07-17,Ibuprofen,Abnormal,7,2021,7
36,Female,B-,Arthritis,2024-04-17,Amanda Ortega,Benson PLC,Aetna,20582.111567709624,Urgent,2024-05-07,Lipitor,Normal,20,2024,4
84,Male,O+,Diabetes,2023-11-12,Jane Johnson,"and King Hicks, Mullins",Blue Cross,24491.456319536053,Urgent,2023-12-04,Aspirin,Inconclusive,22,2023,11
40,Male,O+,Asthma,2020-03-25,Jamie Hardy,"Schmidt, Lynch Martin and",Blue Cross,22770.71356999039,Elective,2020-03-31,Lipitor,Abnormal,6,2020,3
80,Female,A-,Hypertension,2020-01-09,David Cox,"Henderson Ramirez, and Smith",Blue Cross,37581.9812226549,Emergency,2020-01-12,Penicillin,Normal,3,2020,1
33,Female,B-,Arthritis,2022-07-31,Bobby Morrison,Martinez and Sons,Blue Cross,23139.26589172767,Emergency,2022-08-15,Ibuprofen,Inconclusive,15,2022,7
69,Female,B+,Diabetes,2022-12-08,Aaron Greer,Lee-Hernandez,Blue Cross,46201.929764280765,Elective,2023-01-07,Aspirin,Normal,30,2022,12
18,Male,A-,Diabetes,2022-06-27,Erik Jones,PLC Hill,Blue Cross,12239.838237220958,Elective,2022-07-05,Lipitor,Abnormal,8,2022,6
51,Female,O-,Diabetes,2023-02-26,Erin Cole,Duncan Group,UnitedHealthcare,18306.84981014345,Elective,2023-03-11,Paracetamol,Abnormal,13,2023,2
22,Female,O-,Obesity,2020-09-08,Alexander Johnson,"Wells, Schroeder Ramirez and",UnitedHealthcare,32605.52948939175,Emergency,2020-09-10,Aspirin,Abnormal,2,2020,9
79,Male,A+,Hypertension,2020-05-25,Dawn Campos,Wiggins-Dawson,Cigna,7510.965592246153,Elective,2020-06-04,Ibuprofen,Abnormal,10,2020,5
69,Female,O-,Obesity,2021-12-17,Gary Lambert,"and Thomas Butler, Crawford",Blue Cross,35444.9967968351,Elective,2021-12-23,Penicillin,Normal,6,2021,12
36,Female,O-,Hypertension,2021-11-02,Carol Mcdowell,Thomas-Bartlett,Blue Cross,15066.49748828188,Urgent,2021-11-06,Ibuprofen,Inconclusive,4,2021,11
35,Male,O-,Cancer,2022-12-12,Kevin Hall,"Harris and Smith Austin,",Aetna,16053.246172990634,Urgent,2022-12-31,Paracetamol,Normal,19,2022,12
32,Male,O+,Cancer,2022-05-21,Brenda Sullivan,Pierce-King,Cigna,13486.013185972342,Urgent,2022-06-02,Aspirin,Inconclusive,12,2022,5
40,Male,B-,Cancer,2021-04-28,Eric Marshall,Gonzalez-Price,Aetna,40262.01199179516,Urgent,2021-05-09,Paracetamol,Normal,11,2021,4
36,Female,A-,Obesity,2021-10-11,Jesse Escobar,Stephens-Williams,Blue Cross,35259.23966639792,Urgent,2021-10-23,Aspirin,Abnormal,12,2021,10
39,Female,A+,Obesity,2019-11-18,Kevin Ward,Sons and Taylor,Cigna,8142.803621643798,Urgent,2019-12-16,Lipitor,Normal,28,2019,11
19,Female,O-,Diabetes,2019-05-09,Patricia Bell,Hall-Thompson,Cigna,33027.893765786604,Urgent,2019-05-18,Penicillin,Inconclusive,9,2019,5
63,Female,A-,Diabetes,2019-05-15,Nicole George,"Hale Meyer, Smith and",Medicare,18798.86781561232,Urgent,2019-05-17,Ibuprofen,Abnormal,2,2019,5
38,Female,O+,Hypertension,2022-03-22,Paul Johnson,Barnes-Sanchez,Cigna,23105.9683321763,Urgent,2022-04-12,Aspirin,Abnormal,21,2022,3
35,Male,B+,Diabetes,2020-07-28,Becky Torres,Johnson-Levine,Cigna,42713.91597227877,Emergency,2020-08-27,Lipitor,Inconclusive,30,2020,7
66,Female,B-,Arthritis,2022-05-24,David Hernandez,Ltd Stevenson,Aetna,32498.29881144863,Urgent,2022-05-25,Paracetamol,Inconclusive,1,2022,5
43,Female,O-,Hypertension,2020-11-04,John Bishop,Group Bryant,Medicare,50011.4899929552,Urgent,2020-11-29,Lipitor,Abnormal,25,2020,11
54,Female,O-,Diabetes,2023-03-17,Renee Guzman,Gomez-Baldwin,Aetna,49343.19134306452,Urgent,2023-04-15,Lipitor,Normal,29,2023,3
23,Male,B+,Obesity,2022-12-11,Melanie Dunn,Kennedy-Brown,Cigna,870.6192875998602,Urgent,2022-12-19,Aspirin,Inconclusive,8,2022,12
69,Male,B-,Asthma,2021-11-10,Michael Garner,"Scott and Davis, Gibbs",Cigna,27592.88581297872,Emergency,2021-11-14,Aspirin,Abnormal,4,2021,11
73,Male,AB+,Diabetes,2022-08-07,Ryan Warner,Gonzalez-Espinoza,Cigna,30290.43915098724,Urgent,2022-09-06,Paracetamol,Normal,30,2022,8
61,Female,O+,Cancer,2019-11-22,William Hebert,Jones-Washington,Medicare,40536.91450411599,Elective,2019-11-24,Aspirin,Inconclusive,2,2019,11
27,Male,AB-,Cancer,2021-12-05,Carrie Day,Jimenez Inc,Cigna,34122.53703068372,Urgent,2021-12-27,Paracetamol,Inconclusive,22,2021,12
84,Female,AB+,Asthma,2021-03-08,Carly Flynn,and Gibson Sons,Aetna,43413.98618195885,Urgent,2021-03-25,Lipitor,Abnormal,17,2021,3
34,Female,A+,Obesity,2019-09-02,Daniel Crawford,Parrish-Cooper,Aetna,30430.15347948839,Emergency,2019-09-17,Lipitor,Inconclusive,15,2019,9
67,Male,A+,Obesity,2023-08-17,Kelli Williamson,"Mcdaniel Dodson Shelton, and",Blue Cross,12865.02518656898,Elective,2023-08-30,Lipitor,Abnormal,13,2023,8
73,Female,AB+,Arthritis,2021-08-11,Christopher Morgan,Beck-Bell,UnitedHealthcare,31594.45766204741,Emergency,2021-08-18,Paracetamol,Normal,7,2021,8
62,Male,A-,Obesity,2020-04-16,Jose Buckley,Hernandez-Wagner,Cigna,18330.73862759944,Urgent,2020-04-18,Penicillin,Inconclusive,2,2020,4
20,Male,A+,Diabetes,2021-06-28,Amy Spencer,Mitchell Group,UnitedHealthcare,25136.464525974858,Elective,2021-07-10,Paracetamol,Normal,12,2021,6
38,Male,A-,Cancer,2022-04-01,Tara Martinez,Ltd Wheeler,UnitedHealthcare,14088.073596070531,Emergency,2022-04-09,Paracetamol,Abnormal,8,2022,4
26,Male,B-,Arthritis,2021-02-25,Ann Gilbert,"Jones, and Roberts Singh",Medicare,42606.4621495334,Urgent,2021-03-06,Ibuprofen,Normal,9,2021,2
23,Male,A-,Hypertension,2021-12-09,Frank Caldwell,"Johnson, and Snyder Roberts",Aetna,17329.054851722278,Elective,2021-12-12,Paracetamol,Abnormal,3,2021,12
44,Male,O+,Asthma,2021-05-26,David Hernandez,Spence-Keller,Cigna,3790.04371877775,Elective,2021-06-05,Penicillin,Normal,10,2021,5
47,Female,A-,Cancer,2020-05-13,Paula Matthews,Sons Hunt and,Aetna,20171.182396940712,Emergency,2020-05-21,Aspirin,Normal,8,2020,5
57,Female,A+,Asthma,2019-07-13,Samantha Gray,"Brady and Payne Diaz,",UnitedHealthcare,26955.120016586618,Urgent,2019-07-25,Paracetamol,Abnormal,12,2019,7
24,Male,A+,Diabetes,2021-04-25,Victoria James,Pope-Cooper,UnitedHealthcare,9271.474437868335,Urgent,2021-05-17,Ibuprofen,Abnormal,22,2021,4
35,Female,O+,Cancer,2023-09-29,Natasha Black,Wyatt PLC,Aetna,5045.9512159462965,Elective,2023-10-02,Lipitor,Abnormal,3,2023,9
38,Female,AB-,Asthma,2023-04-14,Kristie Evans DVM,"Watkins, and Campbell Keller",Cigna,34780.036447697144,Elective,2023-04-22,Penicillin,Normal,8,2023,4
34,Male,O-,Diabetes,2021-11-16,Joseph Walters,"Parker and Powers Morton,",Medicare,25874.74456726796,Urgent,2021-11-24,Aspirin,Inconclusive,8,2021,11
24,Male,A-,Hypertension,2020-01-30,Barbara Houston,"Cooper and Burgess, Clay",Blue Cross,30815.114692402407,Urgent,2020-02-19,Paracetamol,Normal,20,2020,1
48,Female,B-,Diabetes,2021-03-16,Samantha Branch,Hurst-Lewis,UnitedHealthcare,12392.526565483497,Emergency,2021-03-31,Lipitor,Normal,15,2021,3
82,Male,O-,Arthritis,2021-04-13,Kenneth Blackwell,"Moran and King, Smith",Aetna,9832.497786274642,Emergency,2021-04-30,Ibuprofen,Abnormal,17,2021,4
47,Female,A+,Obesity,2019-07-30,David Michael,Snow LLC,UnitedHealthcare,21267.52182118071,Emergency,2019-08-11,Lipitor,Normal,12,2019,7
52,Female,B+,Asthma,2020-07-30,Karen Perez,"Lopez, and Wheeler Friedman",Medicare,12495.742555205934,Emergency,2020-08-09,Lipitor,Inconclusive,10,2020,7
61,Male,A+,Cancer,2022-04-26,James Walters,LLC Baker,Blue Cross,28256.23537414294,Urgent,2022-05-10,Lipitor,Abnormal,14,2022,4
74,Male,B+,Asthma,2021-02-24,Albert Powell,"Fernandez Christensen, and Rivera",Medicare,29033.61425214664,Elective,2021-03-20,Ibuprofen,Inconclusive,24,2021,2
45,Male,O-,Obesity,2024-03-18,Darren Wilson,LLC Green,Blue Cross,15461.091352900585,Urgent,2024-04-14,Aspirin,Normal,27,2024,3
68,Female,A-,Cancer,2022-02-02,Lauren Garza,"Acevedo and Lewis Barker,",Aetna,4867.313341198163,Urgent,2022-02-22,Ibuprofen,Normal,20,2022,2
20,Female,AB-,Hypertension,2022-01-21,Harold Evans Jr.,LLC Gardner,Blue Cross,42841.7212175424,Emergency,2022-01-31,Aspirin,Normal,10,2022,1
20,Male,A-,Hypertension,2022-02-26,Kevin Bullock,Walton-Reynolds,Aetna,14066.706359764885,Emergency,2022-03-21,Paracetamol,Inconclusive,23,2022,2
55,Male,O+,Cancer,2023-05-19,Michael Johnson,"Morton Haas Schwartz, and",UnitedHealthcare,17218.913134291503,Emergency,2023-06-09,Lipitor,Normal,21,2023,5
52,Male,A-,Obesity,2020-02-23,Melvin May,Ford-Morrison,UnitedHealthcare,51271.52009826324,Urgent,2020-03-13,Aspirin,Inconclusive,19,2020,2
37,Female,A-,Arthritis,2020-03-28,Lauren Parker,Johnson-Wong,Medicare,24558.344905449736,Urgent,2020-04-22,Ibuprofen,Inconclusive,25,2020,3
47,Male,A-,Obesity,2022-02-01,Haley Gray,"Green and Gaines Thompson,",UnitedHealthcare,17366.797666840223,Elective,2022-02-18,Aspirin,Inconclusive,17,2022,2
41,Male,O-,Obesity,2024-04-13,Veronica Owens,"Smith and Wallace, Garcia",Medicare,43398.555655938486,Elective,2024-05-11,Paracetamol,Normal,28,2024,4
53,Female,B+,Asthma,2023-05-23,Bryan Wilcox,Willis Ltd,UnitedHealthcare,17578.285489664042,Elective,2023-05-26,Lipitor,Normal,3,2023,5
60,Female,A+,Asthma,2024-02-03,Larry Ortiz,"Cook and Tapia Hughes,",Cigna,24108.39710498487,Emergency,2024-02-06,Lipitor,Normal,3,2024,2
43,Male,AB+,Cancer,2021-03-09,Kerri Santiago,Roberts-Gonzalez,Cigna,14198.831474502913,Elective,2021-04-04,Paracetamol,Inconclusive,26,2021,3
80,Female,O-,Asthma,2021-05-14,Deanna Shepherd,Mitchell PLC,Aetna,1428.3059769306694,Elective,2021-05-16,Lipitor,Inconclusive,2,2021,5
43,Female,O-,Arthritis,2021-07-26,James Weaver,Mcneil-Deleon,Blue Cross,31507.38028731298,Elective,2021-08-10,Lipitor,Abnormal,15,2021,7
82,Female,A+,Hypertension,2021-01-04,William Lara,"Hicks Moreno Stein, and",Blue Cross,33347.26739241089,Elective,2021-01-11,Paracetamol,Inconclusive,7,2021,1
21,Male,A+,Hypertension,2020-05-28,Lisa Foster,Morris-Dixon,Blue Cross,36267.91305029607,Emergency,2020-06-18,Lipitor,Inconclusive,21,2020,5
26,Male,B-,Obesity,2024-05-06,Tonya Hughes,Inc Hamilton,UnitedHealthcare,45260.10802947419,Urgent,2024-05-09,Aspirin,Inconclusive,3,2024,5
47,Male,B-,Cancer,2023-02-16,Alexander Stewart,Anderson-Jones,UnitedHealthcare,14503.758034008824,Emergency,2023-02-27,Penicillin,Normal,11,2023,2
72,Female,A+,Hypertension,2021-08-27,Willie Hancock,"Hill, Mann Stevens and",Medicare,26060.283470209077,Urgent,2021-08-30,Aspirin,Abnormal,3,2021,8
28,Female,A-,Hypertension,2020-09-26,Renee Rogers,Group Wright,Aetna,33145.6667012049,Emergency,2020-10-22,Aspirin,Inconclusive,26,2020,9
81,Male,AB-,Arthritis,2021-07-12,Tara Martin,Maynard LLC,Blue Cross,16118.427302767805,Elective,2021-07-16,Lipitor,Normal,4,2021,7
18,Female,AB-,Obesity,2021-04-19,Nicholas Olson,"Crawford, Robertson and Vance",Cigna,50663.1290612258,Elective,2021-05-13,Aspirin,Normal,24,2021,4
62,Female,O-,Obesity,2021-12-17,Emily Miller,Mills PLC,Cigna,26294.03131675576,Emergency,2022-01-08,Aspirin,Normal,22,2021,12
69,Female,A-,Asthma,2023-10-25,Lori Ellis,Martinez-Horton,Aetna,14306.79228412724,Urgent,2023-11-09,Ibuprofen,Inconclusive,15,2023,10
55,Male,AB-,Asthma,2020-11-01,Raymond Peck,PLC Kramer,UnitedHealthcare,39482.72398404648,Urgent,2020-11-25,Penicillin,Abnormal,24,2020,11
45,Female,B+,Arthritis,2020-08-16,Heather Manning,PLC Fleming,Blue Cross,13427.68008841618,Elective,2020-08-24,Aspirin,Normal,8,2020,8
35,Male,AB-,Obesity,2021-08-02,Jessica Guerrero,Owen LLC,Aetna,27418.27810129424,Urgent,2021-08-24,Aspirin,Abnormal,22,2021,8
66,Female,AB-,Arthritis,2019-11-28,Ryan Howard,Carlson-Hart,Cigna,19872.570287102248,Elective,2019-12-27,Ibuprofen,Abnormal,29,2019,11
84,Male,O-,Hypertension,2022-08-13,Jasmine King,Lee Inc,Cigna,38797.72639987674,Elective,2022-09-08,Ibuprofen,Inconclusive,26,2022,8
81,Male,B-,Asthma,2021-05-30,Brandon Perry,Hall Group,UnitedHealthcare,30053.641335658107,Elective,2021-06-04,Penicillin,Inconclusive,5,2021,5
72,Female,A-,Obesity,2022-08-30,Dr. Mark Rodriguez,"Williams and Gonzalez, Mitchell",Blue Cross,8500.164816742956,Elective,2022-09-27,Aspirin,Inconclusive,28,2022,8
39,Female,O-,Diabetes,2022-03-08,Amanda Stanton,Durham-Reilly,Blue Cross,48276.44663901325,Emergency,2022-03-25,Ibuprofen,Abnormal,17,2022,3
84,Male,A+,Obesity,2019-06-16,Catherine Soto,Tran LLC,UnitedHealthcare,3182.155547056273,Urgent,2019-07-02,Aspirin,Abnormal,16,2019,6
39,Female,B-,Cancer,2022-03-18,Donna Escobar,Hansen PLC,UnitedHealthcare,36329.881255536406,Urgent,2022-03-20,Paracetamol,Inconclusive,2,2022,3
39,Male,B+,Arthritis,2022-08-14,James Brown,Brown-Perkins,Cigna,8640.097120473838,Emergency,2022-08-25,Ibuprofen,Normal,11,2022,8
54,Female,A-,Arthritis,2023-05-17,Heidi Johnson,Inc Brown,Aetna,24308.250870419968,Elective,2023-05-20,Ibuprofen,Abnormal,3,2023,5
19,Male,A+,Hypertension,2023-05-23,Joseph Daugherty,Williams-Reed,Cigna,38487.71703721671,Emergency,2023-06-07,Aspirin,Inconclusive,15,2023,5
38,Male,O+,Cancer,2019-12-08,Michael Vance PhD,"Harris, Roberts and Carter",Blue Cross,10670.993348402671,Emergency,2019-12-20,Penicillin,Abnormal,12,2019,12
40,Male,O-,Asthma,2020-04-22,Diana Leonard,Freeman-Weiss,Blue Cross,30623.944940485995,Urgent,2020-05-18,Lipitor,Normal,26,2020,4
75,Female,B+,Cancer,2022-08-15,Bryce Figueroa,Ramirez Group,Cigna,33940.20652450928,Elective,2022-08-24,Paracetamol,Inconclusive,9,2022,8
65,Male,AB-,Obesity,2021-03-17,William Houston,"Moore Park and Brown,",Aetna,29567.68142216368,Emergency,2021-03-27,Ibuprofen,Inconclusive,10,2021,3
22,Male,B+,Arthritis,2023-11-27,Olivia Pierce,Moore LLC,UnitedHealthcare,27262.995083868387,Emergency,2023-12-22,Ibuprofen,Inconclusive,25,2023,11
50,Female,O+,Obesity,2024-02-11,Jennifer Scott,Stone-Clark,Aetna,47476.74823848643,Emergency,2024-02-26,Aspirin,Abnormal,15,2024,2
68,Female,AB-,Asthma,2023-05-22,John Huffman,Mckinney-Johnson,Aetna,45503.88372486567,Elective,2023-05-24,Aspirin,Inconclusive,2,2023,5
29,Female,O-,Hypertension,2024-04-30,Chad Wolf,"and Riley Calderon, Hill",Aetna,5103.109820323635,Emergency,2024-05-13,Penicillin,Normal,13,2024,4
51,Male,AB-,Asthma,2020-09-24,Stacey Martin,"and Pruitt Pineda Sanchez,",Aetna,6584.6648819531565,Elective,2020-10-13,Lipitor,Normal,19,2020,9
76,Female,AB-,Hypertension,2021-02-15,Adriana Colon,Wood Group,Cigna,8140.82292055529,Elective,2021-03-07,Penicillin,Inconclusive,20,2021,2
74,Male,AB+,Asthma,2021-12-18,Spencer Obrien,"Moreno Barrera, Hicks and",UnitedHealthcare,40674.65200791696,Urgent,2022-01-01,Penicillin,Normal,14,2021,12
20,Female,A-,Cancer,2022-10-08,Ernest Mathis,Carrillo-Donaldson,Blue Cross,47978.858611011216,Emergency,2022-10-20,Aspirin,Inconclusive,12,2022,10
40,Female,B+,Hypertension,2020-02-17,Matthew Martin,Burns-Townsend,Medicare,43545.039825230415,Urgent,2020-03-05,Penicillin,Normal,17,2020,2
62,Male,O-,Arthritis,2022-02-17,Charles Ellis,Evans-Bowers,Blue Cross,33512.19341090268,Urgent,2022-03-01,Lipitor,Abnormal,12,2022,2
33,Female,B+,Cancer,2020-02-08,Mckenzie Simmons,Adams-Dean,Medicare,20445.47021145058,Urgent,2020-03-05,Lipitor,Abnormal,26,2020,2
75,Male,AB+,Diabetes,2022-12-05,John Jones,Brown-Graham,Blue Cross,42014.42604007082,Elective,2022-12-16,Aspirin,Normal,11,2022,12
50,Female,B+,Asthma,2023-01-24,Dr. Mary Hancock,"Cooke Houston Villanueva, and",Medicare,14787.89384792705,Elective,2023-02-12,Lipitor,Abnormal,19,2023,1
18,Female,O+,Asthma,2021-10-29,Jennifer Williams DVM,PLC Daniel,UnitedHealthcare,5424.552861587797,Emergency,2021-11-02,Ibuprofen,Normal,4,2021,10
73,Male,AB-,Arthritis,2024-01-09,Justin Shields,Schwartz-Mccarty,Medicare,23693.437213806665,Urgent,2024-02-06,Penicillin,Abnormal,28,2024,1
73,Male,A-,Hypertension,2023-05-04,Thomas Sandoval,White-Alvarez,Medicare,15335.843258840789,Emergency,2023-05-22,Ibuprofen,Inconclusive,18,2023,5
55,Male,A+,Obesity,2020-04-20,Bradley Rodriguez,"Clay, Walker Jones and",Medicare,26959.71860553616,Elective,2020-05-15,Lipitor,Inconclusive,25,2020,4
82,Female,O+,Obesity,2022-06-19,Joan Steele,Clark Group,UnitedHealthcare,18783.330834062715,Urgent,2022-07-02,Paracetamol,Inconclusive,13,2022,6
34,Male,AB+,Hypertension,2023-04-19,Rhonda Moore,Waters-Chapman,Medicare,15046.740223640638,Urgent,2023-04-21,Penicillin,Normal,2,2023,4
74,Male,A-,Cancer,2021-10-08,Lisa Fowler,Group Howell,Blue Cross,31702.83227427693,Urgent,2021-10-20,Penicillin,Inconclusive,12,2021,10
54,Female,A-,Hypertension,2023-01-16,Mark Pierce,Hill-Holden,Cigna,48424.58259894736,Emergency,2023-02-15,Paracetamol,Abnormal,30,2023,1
34,Female,B+,Arthritis,2020-06-03,Kevin Murray,Henry Sons and,Medicare,46590.59972405638,Urgent,2020-06-22,Penicillin,Inconclusive,19,2020,6
74,Male,A+,Hypertension,2021-11-11,Donna Woods,Mueller-Lamb,Medicare,8016.637674720265,Emergency,2021-11-16,Aspirin,Normal,5,2021,11
80,Female,O-,Diabetes,2023-07-17,Garrett Atkinson,"White Roberts and Simpson,",UnitedHealthcare,21640.5090203568,Urgent,2023-08-07,Penicillin,Abnormal,21,2023,7
28,Male,AB-,Obesity,2019-10-23,Vanessa Hayes,"Wilson and Brown Arnold,",Cigna,13877.419002947585,Emergency,2019-11-05,Aspirin,Abnormal,13,2019,10
50,Female,AB-,Hypertension,2021-08-18,Brian Anderson,Bryant-Perez,UnitedHealthcare,28596.394487104903,Emergency,2021-09-06,Paracetamol,Inconclusive,19,2021,8
20,Female,O-,Hypertension,2024-02-10,Matthew Lopez,Bryant PLC,UnitedHealthcare,18983.79024937316,Elective,2024-02-19,Penicillin,Normal,9,2024,2
18,Female,O-,Arthritis,2020-06-07,Melissa Howard,Perkins-Austin,UnitedHealthcare,4395.506310983052,Elective,2020-06-10,Ibuprofen,Inconclusive,3,2020,6
85,Male,AB-,Asthma,2020-12-12,Ronald Thomas,Fernandez-Gonzalez,Blue Cross,17455.151251564886,Elective,2020-12-24,Paracetamol,Inconclusive,12,2020,12
20,Female,A-,Asthma,2020-10-16,Thomas Ramos,Sons Ruiz and,Cigna,13250.234263176872,Emergency,2020-10-24,Lipitor,Normal,8,2020,10
36,Male,A+,Obesity,2022-03-20,Eric Brooks,Inc Mullen,UnitedHealthcare,42928.698397364045,Elective,2022-04-12,Paracetamol,Inconclusive,23,2022,3
82,Male,O+,Asthma,2020-12-24,Donna Paul,Diaz LLC,UnitedHealthcare,21788.05256871715,Urgent,2021-01-01,Penicillin,Normal,8,2020,12
82,Female,B-,Hypertension,2022-06-20,Luke Wilkins DDS,Stanley-Bryant,Medicare,10696.431174655994,Emergency,2022-07-17,Ibuprofen,Abnormal,27,2022,6
78,Female,A-,Arthritis,2021-01-25,Jasmine Meyer,"French Hull, Cunningham and",Cigna,15538.68314117853,Urgent,2021-02-01,Ibuprofen,Abnormal,7,2021,1
18,Female,A+,Hypertension,2021-11-27,David Robbins,Sons and Allen,Aetna,4778.258997795169,Emergency,2021-12-13,Penicillin,Normal,16,2021,11
82,Female,A+,Asthma,2022-03-19,Zachary Hinton,"Hobbs Skinner Watkins, and",Blue Cross,30771.123234612383,Urgent,2022-04-07,Ibuprofen,Inconclusive,19,2022,3
44,Male,A-,Arthritis,2021-04-25,Scott Krause,Shelton-Yang,UnitedHealthcare,15739.883171467249,Emergency,2021-05-24,Paracetamol,Abnormal,29,2021,4
62,Female,A-,Arthritis,2019-06-10,Derek Valencia,Diaz PLC,Blue Cross,40169.5500536079,Elective,2019-06-17,Paracetamol,Normal,7,2019,6
84,Female,O-,Arthritis,2023-06-24,Todd Walsh,Lane-Martinez,Aetna,38679.88435697799,Emergency,2023-07-20,Lipitor,Abnormal,26,2023,6
43,Male,AB-,Obesity,2020-11-21,Ryan Turner,Gonzalez Group,Cigna,7604.793839960723,Emergency,2020-11-25,Penicillin,Inconclusive,4,2020,11
62,Female,AB+,Diabetes,2024-04-24,Elizabeth Fisher,"Brooks and Ramirez, Jones",Blue Cross,11152.67428205904,Elective,2024-05-06,Paracetamol,Abnormal,12,2024,4
49,Female,B+,Diabetes,2020-06-09,Carrie Padilla,"Sherman Scott Arellano, and",Cigna,1422.4346727279026,Emergency,2020-06-29,Ibuprofen,Abnormal,20,2020,6
33,Male,AB-,Hypertension,2021-06-03,Michael Harper,"Hicks Hancock, and Williams",Medicare,6726.456025847291,Urgent,2021-06-10,Paracetamol,Normal,7,2021,6
37,Female,AB-,Diabetes,2020-01-05,Mary Moreno,"Boone Anderson, Williams and",Aetna,25334.427966853527,Emergency,2020-01-23,Lipitor,Abnormal,18,2020,1
46,Male,B+,Obesity,2019-10-13,Dawn Avila,"Lawrence, and Bryant Pollard",Blue Cross,17328.462023791963,Emergency,2019-10-23,Ibuprofen,Abnormal,10,2019,10
25,Female,A+,Arthritis,2023-01-29,James Hughes,"Perkins and Nelson Ellis,",UnitedHealthcare,31582.16718750555,Elective,2023-02-16,Aspirin,Normal,18,2023,1
49,Male,AB+,Diabetes,2023-07-15,Deborah Li,"Pacheco and Medina, Aguilar",Blue Cross,7306.740505147392,Urgent,2023-08-02,Ibuprofen,Normal,18,2023,7
18,Male,O+,Obesity,2023-01-18,Justin Clark,Gutierrez-Macias,Medicare,47745.39891148853,Emergency,2023-02-17,Paracetamol,Inconclusive,30,2023,1
47,Female,O-,Obesity,2024-03-21,Cynthia Mcdowell,Sons and Conley,Blue Cross,37394.48937787728,Elective,2024-04-10,Lipitor,Normal,20,2024,3
59,Female,B-,Hypertension,2020-07-22,Ashley Wells,Ltd Smith,Blue Cross,22378.00045867973,Urgent,2020-08-05,Ibuprofen,Inconclusive,14,2020,7
46,Female,B-,Diabetes,2023-05-14,Rebecca Peck,Kline-Bonilla,UnitedHealthcare,3386.708862071704,Elective,2023-06-02,Lipitor,Abnormal,19,2023,5
53,Male,AB+,Cancer,2023-09-28,Emma West,Wang-Flores,Blue Cross,47234.76386328174,Urgent,2023-10-16,Aspirin,Inconclusive,18,2023,9
56,Male,A-,Hypertension,2022-01-27,David Donovan,Taylor-Villegas,UnitedHealthcare,23421.013069162003,Emergency,2022-02-17,Paracetamol,Inconclusive,21,2022,1
32,Female,A+,Asthma,2023-05-27,Anna Miller,Gonzales-Ramirez,UnitedHealthcare,44275.20136270517,Emergency,2023-06-26,Paracetamol,Inconclusive,30,2023,5
40,Female,A-,Cancer,2023-01-13,Stuart Lowe,Brown-Sanders,Blue Cross,49756.44827840537,Emergency,2023-01-26,Aspirin,Abnormal,13,2023,1
29,Female,AB+,Diabetes,2020-09-04,David Scott,Tucker Ltd,Cigna,50213.71434770239,Elective,2020-09-14,Lipitor,Abnormal,10,2020,9
57,Male,B-,Arthritis,2024-02-03,Kathryn Little,"and Goodwin Cruz, Johnson",UnitedHealthcare,12770.282041626378,Elective,2024-02-10,Ibuprofen,Inconclusive,7,2024,2
45,Female,O-,Obesity,2020-11-21,Katelyn Aguilar,Kelly-Daniel,Medicare,42080.16578829745,Urgent,2020-11-22,Penicillin,Normal,1,2020,11
51,Male,B+,Cancer,2023-11-11,Edward Jordan,"Byrd, Jones James and",Medicare,39591.159009674826,Elective,2023-12-09,Lipitor,Inconclusive,28,2023,11
22,Male,AB-,Hypertension,2020-01-11,Stephanie Taylor,"Rosario Martinez Cisneros, and",Aetna,21764.217504100256,Emergency,2020-02-08,Penicillin,Normal,28,2020,1
39,Male,O-,Hypertension,2020-12-20,Trevor Murillo,White PLC,Medicare,49666.67559248821,Elective,2021-01-01,Ibuprofen,Inconclusive,12,2020,12
60,Female,B+,Hypertension,2023-01-24,Brooke Benton,"and Lewis Terrell Baker,",Cigna,7056.528544352575,Emergency,2023-01-28,Lipitor,Normal,4,2023,1
42,Female,B+,Arthritis,2021-06-02,Isaac Smith,Bernard-Jones,Cigna,29950.33548518954,Emergency,2021-06-21,Paracetamol,Abnormal,19,2021,6
23,Male,B+,Obesity,2024-02-22,Seth Ball,Rodriguez-Roberts,UnitedHealthcare,12564.456309334984,Elective,2024-03-22,Penicillin,Inconclusive,29,2024,2
79,Female,O-,Cancer,2019-10-29,Jessica Roberson,Powell-Hull,UnitedHealthcare,27843.311033826696,Urgent,2019-11-23,Ibuprofen,Inconclusive,25,2019,10
61,Female,AB-,Hypertension,2022-09-21,Steven Smith,Walker Ltd,Blue Cross,32386.70498235448,Emergency,2022-10-11,Aspirin,Normal,20,2022,9
32,Female,O-,Cancer,2020-08-14,Steven Jackson,Nelson-Wilkinson,UnitedHealthcare,17194.735204066466,Elective,2020-08-29,Paracetamol,Normal,15,2020,8
24,Female,O+,Cancer,2024-03-10,Jessica Taylor,"and Wilson Wright, Ryan",UnitedHealthcare,42758.22610995282,Elective,2024-03-16,Penicillin,Abnormal,6,2024,3
38,Male,B-,Hypertension,2022-01-17,Mary Archer,Ltd Gonzalez,Aetna,43963.14612765521,Urgent,2022-01-21,Aspirin,Inconclusive,4,2022,1
19,Female,O+,Cancer,2020-01-19,Mr. Justin Mcdowell,Perry Inc,Aetna,34047.29249019679,Emergency,2020-02-04,Penicillin,Normal,16,2020,1
25,Male,B+,Obesity,2023-02-10,Anthony Kennedy,Butler LLC,Blue Cross,33207.69036992433,Emergency,2023-03-11,Aspirin,Abnormal,29,2023,2
48,Female,B-,Cancer,2023-10-17,Michele Houston,Harris-Cooke,Aetna,24086.78501768643,Elective,2023-10-20,Ibuprofen,Inconclusive,3,2023,10
79,Female,O+,Diabetes,2022-01-21,Jessica Pollard,Armstrong PLC,Medicare,18610.288441535075,Emergency,2022-01-29,Penicillin,Inconclusive,8,2022,1
69,Female,AB-,Diabetes,2020-12-15,Steven Obrien,Johnson PLC,Medicare,44979.72357278671,Urgent,2020-12-30,Lipitor,Abnormal,15,2020,12
19,Female,B-,Obesity,2020-07-29,Dakota Donovan,Bradford-Mitchell,Aetna,5543.075930175869,Elective,2020-08-28,Paracetamol,Inconclusive,30,2020,7
23,Male,O+,Hypertension,2019-09-23,Samantha Lewis,Inc Campbell,Aetna,48695.39317113613,Elective,2019-09-24,Ibuprofen,Abnormal,1,2019,9
65,Male,O+,Diabetes,2020-09-27,Robert Miller,Group Cook,Blue Cross,34867.79022692474,Emergency,2020-09-29,Ibuprofen,Abnormal,2,2020,9
67,Male,AB+,Diabetes,2019-08-24,Tracy Rogers,Burton-Gregory,Blue Cross,16147.815393162084,Elective,2019-09-18,Ibuprofen,Inconclusive,25,2019,8
77,Female,B-,Obesity,2021-11-28,Stephen Rogers,Brown-Dennis,Cigna,43813.59988071942,Urgent,2021-12-22,Aspirin,Abnormal,24,2021,11
72,Female,O-,Diabetes,2022-10-24,Karen Hill,Smith Ltd,Aetna,36913.54354379256,Urgent,2022-10-29,Paracetamol,Normal,5,2022,10
77,Male,O-,Arthritis,2020-12-20,Timothy Edwards,"and Roberts Maldonado, Taylor",Aetna,16955.73338951829,Urgent,2021-01-15,Ibuprofen,Inconclusive,26,2020,12
74,Female,O-,Hypertension,2020-07-21,Natalie Murray,LLC Blair,Cigna,18210.4928278225,Emergency,2020-08-07,Lipitor,Abnormal,17,2020,7
46,Female,O-,Cancer,2020-05-23,Brooke Vincent,Sons and Thomas,UnitedHealthcare,27631.181226575845,Elective,2020-06-06,Lipitor,Abnormal,14,2020,5
29,Male,B+,Hypertension,2021-04-05,William Arnold,Group Mann,Aetna,8552.24117749803,Emergency,2021-04-13,Lipitor,Abnormal,8,2021,4
81,Male,B-,Obesity,2023-05-31,Danielle Bell,Cooper-Jones,Aetna,31128.431114081057,Elective,2023-06-18,Penicillin,Inconclusive,18,2023,5
21,Female,AB-,Cancer,2020-02-11,Sarah Hart,"and Webster, Martinez Wolfe",Medicare,13574.442648678529,Urgent,2020-02-20,Penicillin,Inconclusive,9,2020,2
81,Female,AB+,Diabetes,2022-03-13,Chelsea Weeks,Shaw-Anderson,Blue Cross,45511.83834738255,Urgent,2022-04-06,Lipitor,Normal,24,2022,3
58,Female,B+,Cancer,2023-06-11,David Joyce,Inc Kline,Cigna,44240.50741674608,Emergency,2023-06-21,Lipitor,Normal,10,2023,6
58,Female,O+,Diabetes,2023-10-03,Ronald Brown,Landry-Mendoza,Cigna,17716.913676281576,Urgent,2023-10-25,Lipitor,Normal,22,2023,10
62,Male,B+,Hypertension,2020-11-25,Sarah Wood,Sons Hunt and,Aetna,38524.64883278542,Elective,2020-12-14,Paracetamol,Inconclusive,19,2020,11
23,Male,AB-,Asthma,2019-12-29,Joseph Phillips,Goodman-Smith,Medicare,4853.940715806377,Emergency,2020-01-21,Penicillin,Normal,23,2019,12
79,Female,AB-,Asthma,2022-09-26,Paul House,Wagner-Petersen,UnitedHealthcare,27459.95190335972,Urgent,2022-10-04,Penicillin,Abnormal,8,2022,9
68,Male,B+,Obesity,2021-12-29,Whitney Oconnor,Anderson and Sons,Medicare,37487.3213954727,Elective,2022-01-02,Paracetamol,Inconclusive,4,2021,12
34,Male,A+,Asthma,2021-12-31,Jordan Willis,Lucas PLC,Cigna,28097.30255028908,Urgent,2022-01-19,Penicillin,Normal,19,2021,12
39,Female,AB+,Obesity,2019-06-04,Taylor Williams,"Merritt Frazier, and Mullins",Blue Cross,23101.53616467253,Emergency,2019-06-24,Paracetamol,Normal,20,2019,6
83,Female,AB+,Arthritis,2019-06-20,Felicia Carlson,Anthony-Nelson,Cigna,45625.881988894704,Emergency,2019-07-12,Penicillin,Normal,22,2019,6
79,Male,B-,Cancer,2024-04-10,Charlotte Jones,Chan Ltd,UnitedHealthcare,16422.830323826383,Urgent,2024-04-17,Paracetamol,Inconclusive,7,2024,4
73,Female,B+,Obesity,2022-06-01,Beth Murray,Moore-Vasquez,Medicare,45342.004069775896,Urgent,2022-06-11,Aspirin,Inconclusive,10,2022,6
56,Female,O+,Asthma,2023-01-29,Rhonda Nichols,"and Riley Compton, Morris",Aetna,37596.30460413305,Emergency,2023-02-01,Ibuprofen,Inconclusive,3,2023,1
19,Female,B-,Cancer,2022-01-30,Barbara Lopez,"and Chang Rollins Perry,",Aetna,23275.577496481837,Urgent,2022-02-01,Paracetamol,Abnormal,2,2022,1
61,Male,AB-,Obesity,2020-09-24,Derek Reyes,"Barrera, Lynch and Austin",Blue Cross,41453.86726220532,Emergency,2020-10-11,Ibuprofen,Inconclusive,17,2020,9
41,Female,AB+,Hypertension,2023-02-12,Melissa Duncan,"and Mosley, Williams Russell",Aetna,10769.289594527403,Urgent,2023-03-02,Penicillin,Inconclusive,18,2023,2
77,Male,AB+,Arthritis,2020-01-18,Mr. Oscar Carter,Rodriguez Inc,UnitedHealthcare,5500.283823495727,Elective,2020-02-08,Paracetamol,Inconclusive,21,2020,1
85,Female,O+,Arthritis,2019-09-05,Cathy Swanson,Calderon and Sons,UnitedHealthcare,5153.9402508147305,Urgent,2019-09-21,Paracetamol,Inconclusive,16,2019,9
28,Male,O+,Cancer,2022-11-03,Kathryn Davis,LLC Jensen,UnitedHealthcare,5260.553923129593,Elective,2022-11-20,Ibuprofen,Inconclusive,17,2022,11
41,Male,A-,Cancer,2020-10-13,Michael Harris,Russell-Knight,Blue Cross,6850.20389958319,Emergency,2020-10-30,Aspirin,Inconclusive,17,2020,10
22,Female,A+,Arthritis,2024-03-07,Donna Miller,"and Jimenez Copeland Franklin,",UnitedHealthcare,28652.45518318776,Emergency,2024-03-22,Paracetamol,Inconclusive,15,2024,3
58,Female,AB+,Obesity,2020-06-03,Tracy Flores,Choi-Brown,UnitedHealthcare,15304.848440394206,Emergency,2020-06-24,Lipitor,Inconclusive,21,2020,6
43,Male,A+,Asthma,2020-08-31,Lori Perez,"and Cardenas George Gonzalez,",Cigna,37413.848345828206,Emergency,2020-09-11,Lipitor,Abnormal,11,2020,8
42,Male,A+,Asthma,2019-11-06,Abigail White,"and Burgess Bell, Walker",Medicare,27504.996025804907,Urgent,2019-11-26,Aspirin,Abnormal,20,2019,11
45,Male,O+,Diabetes,2020-08-10,Marcus Gonzales,Nunez Group,Blue Cross,4340.501677749488,Elective,2020-08-28,Aspirin,Abnormal,18,2020,8
21,Male,A-,Cancer,2022-02-26,Lindsay Hood,"Lewis, and Cole Vasquez",Medicare,2465.9670327881768,Urgent,2022-03-14,Penicillin,Abnormal,16,2022,2
48,Male,A+,Diabetes,2021-01-18,Denise Wright,Wheeler-Walker,Medicare,21276.46757302058,Elective,2021-01-25,Penicillin,Abnormal,7,2021,1
45,Male,B-,Diabetes,2022-10-03,Katherine Olson,Reese-Hernandez,Blue Cross,29674.5331320991,Urgent,2022-10-04,Paracetamol,Normal,1,2022,10
23,Male,AB+,Arthritis,2019-08-16,Thomas Jones,Thomas-Williams,UnitedHealthcare,46887.88093488656,Urgent,2019-09-14,Paracetamol,Normal,29,2019,8
53,Male,AB-,Diabetes,2020-10-20,James Montes,Mendoza LLC,Medicare,29760.761856585657,Emergency,2020-11-10,Paracetamol,Abnormal,21,2020,10
31,Male,AB-,Arthritis,2023-04-07,Jaime Martinez,Esparza-Bennett,Medicare,33670.60073829204,Emergency,2023-05-04,Lipitor,Inconclusive,27,2023,4
58,Male,A+,Obesity,2022-05-13,Pam Malone,Walsh-Williams,UnitedHealthcare,29907.37755811864,Elective,2022-06-07,Penicillin,Inconclusive,25,2022,5
79,Male,O+,Asthma,2023-12-30,Sharon Stanley,"and Perkins Johnson, Bryant",Aetna,48418.74704548678,Emergency,2024-01-16,Penicillin,Abnormal,17,2023,12
21,Female,O+,Arthritis,2023-09-19,Amy Espinoza,Ltd Ward,Aetna,21169.83433850374,Emergency,2023-10-01,Aspirin,Normal,12,2023,9
70,Male,O+,Cancer,2022-05-25,Rita Melendez,Reese-Finley,Blue Cross,8896.851508365231,Elective,2022-06-15,Ibuprofen,Inconclusive,21,2022,5
38,Male,B-,Cancer,2021-12-09,Robin Cochran,Sweeney-Robertson,Cigna,3254.3944346275644,Elective,2021-12-30,Paracetamol,Abnormal,21,2021,12
42,Female,AB+,Asthma,2020-12-17,Michele Walsh,Harding-Hatfield,UnitedHealthcare,11658.974028133292,Emergency,2021-01-04,Ibuprofen,Abnormal,18,2020,12
20,Female,A+,Asthma,2023-02-19,Howard Sutton,"Murphy and Rodriguez, Brown",Blue Cross,6374.484080771855,Urgent,2023-03-07,Aspirin,Abnormal,16,2023,2
19,Female,B+,Hypertension,2019-11-07,Karen Baker,Martin Sons and,Cigna,49630.67477990622,Urgent,2019-12-03,Paracetamol,Abnormal,26,2019,11
74,Female,B+,Obesity,2022-01-28,Cynthia Wolfe,"and Campbell Kelly, Cooley",Medicare,15619.941891171997,Emergency,2022-02-23,Paracetamol,Inconclusive,26,2022,1
24,Male,O+,Hypertension,2020-12-05,Sarah Cooper,Inc Peterson,UnitedHealthcare,37141.39826822693,Elective,2021-01-04,Penicillin,Normal,30,2020,12
81,Female,B+,Arthritis,2022-11-21,Brian Frank,Morris-Calderon,Medicare,24904.055218469028,Emergency,2022-12-11,Ibuprofen,Inconclusive,20,2022,11
20,Female,O+,Obesity,2021-09-13,Anna Jackson,and Perkins Sons,Cigna,32316.06196724664,Urgent,2021-09-19,Ibuprofen,Normal,6,2021,9
21,Male,AB-,Arthritis,2021-06-30,Sonya Wallace,"Stokes, Porter Peck and",Cigna,43064.49138393867,Urgent,2021-07-13,Lipitor,Abnormal,13,2021,6
25,Female,A+,Arthritis,2023-04-05,Amy Hopkins,Howe LLC,Aetna,38311.68677445637,Emergency,2023-04-25,Ibuprofen,Inconclusive,20,2023,4
61,Female,B+,Cancer,2024-05-03,Sandra Soto,"Jones Waters and Ortiz,",Aetna,46993.1353394519,Emergency,2024-05-20,Lipitor,Normal,17,2024,5
22,Female,AB+,Arthritis,2023-03-14,Leslie Long,Walters-Lopez,Medicare,2764.543289925833,Elective,2023-03-15,Ibuprofen,Inconclusive,1,2023,3
85,Female,O+,Hypertension,2022-03-15,Matthew Smith,Stark-Rodgers,Cigna,3713.926269836264,Elective,2022-03-25,Aspirin,Normal,10,2022,3
22,Male,O+,Diabetes,2021-01-06,Ricky Williams,Group Harris,Aetna,6084.452741764946,Emergency,2021-01-27,Penicillin,Inconclusive,21,2021,1
32,Female,AB+,Arthritis,2020-02-07,Derrick Wolfe,Watts-Cortez,Medicare,8536.726004653627,Emergency,2020-02-14,Lipitor,Normal,7,2020,2
40,Male,B+,Obesity,2022-07-01,John Burgess,"Jones Baldwin Brown, and",Aetna,41119.04200753349,Emergency,2022-07-12,Ibuprofen,Inconclusive,11,2022,7
63,Male,AB+,Hypertension,2020-03-14,Mr. Tommy Underwood,"Lee Brewer and Walters,",Aetna,13772.7344193037,Elective,2020-03-30,Paracetamol,Abnormal,16,2020,3
30,Female,O+,Cancer,2020-04-16,Alan Murphy,and Keith Sons,Cigna,22218.645534574527,Urgent,2020-05-06,Paracetamol,Inconclusive,20,2020,4
71,Female,O+,Obesity,2020-04-07,Valerie Chapman,Carr-Whitehead,Aetna,8306.18847107184,Emergency,2020-04-29,Lipitor,Normal,22,2020,4
68,Female,B-,Obesity,2024-02-22,Kurt Thompson,Roberts-Thompson,Cigna,30030.68811605282,Elective,2024-03-01,Paracetamol,Abnormal,8,2024,2
82,Female,B+,Obesity,2020-10-19,Brian Rodriguez,Bush LLC,UnitedHealthcare,37426.44879836315,Emergency,2020-11-04,Aspirin,Inconclusive,16,2020,10
39,Male,O+,Obesity,2021-08-28,Hannah Lindsey,Proctor LLC,UnitedHealthcare,4640.047738194174,Emergency,2021-09-27,Aspirin,Inconclusive,30,2021,8
37,Female,O+,Asthma,2020-02-26,Jason Prince,Price-Williams,Medicare,30978.5165864112,Emergency,2020-03-13,Aspirin,Abnormal,16,2020,2
64,Female,B-,Arthritis,2020-08-28,Kerri Willis DVM,Inc Ortega,Aetna,30266.89374155138,Elective,2020-09-01,Aspirin,Inconclusive,4,2020,8
20,Male,B-,Diabetes,2023-06-26,Terry Schneider,Inc Mckee,UnitedHealthcare,29137.69017673449,Elective,2023-06-30,Penicillin,Normal,4,2023,6
59,Male,B-,Diabetes,2020-01-01,James Williamson,Ray-Michael,Medicare,11568.799712032958,Urgent,2020-01-05,Penicillin,Abnormal,4,2020,1
50,Male,B+,Obesity,2023-08-01,Krystal Perkins,LLC Logan,Blue Cross,16115.64791167925,Elective,2023-08-16,Lipitor,Inconclusive,15,2023,8
77,Female,AB-,Cancer,2023-10-27,Tony Clark,"Thomas Walters and Blake,",Blue Cross,34158.10558654285,Elective,2023-11-18,Lipitor,Normal,22,2023,10
53,Male,B-,Arthritis,2021-02-26,Tony Ruiz,"Cunningham, Woods Ruiz and",Cigna,17214.52466875716,Urgent,2021-03-13,Ibuprofen,Inconclusive,15,2021,2
33,Male,O-,Obesity,2022-05-24,Andrea Powell,Group Chandler,Cigna,20091.203070836684,Elective,2022-05-26,Lipitor,Normal,2,2022,5
35,Female,A+,Hypertension,2022-03-06,Vickie Thompson,Johnston Inc,Medicare,31347.73658876384,Urgent,2022-04-04,Aspirin,Abnormal,29,2022,3
78,Female,AB-,Obesity,2020-05-21,Michelle Erickson,Smith PLC,UnitedHealthcare,7463.852922551131,Elective,2020-06-13,Paracetamol,Abnormal,23,2020,5
67,Male,O+,Cancer,2023-06-09,Jeffrey Miller,Adams-Gates,Blue Cross,41706.37916833271,Elective,2023-06-17,Aspirin,Inconclusive,8,2023,6
22,Male,A+,Obesity,2021-06-01,Julie Murray,"and Phillips, Pugh Bradford",Medicare,48224.46329271368,Emergency,2021-06-30,Aspirin,Normal,29,2021,6
59,Male,A-,Cancer,2019-11-07,Julia Shelton,Ltd Salazar,Aetna,2036.3777124688984,Elective,2019-11-08,Aspirin,Normal,1,2019,11
30,Female,O-,Arthritis,2019-12-11,Daniel Sexton,Nichols-Williams,Medicare,29999.388140563176,Urgent,2019-12-17,Ibuprofen,Abnormal,6,2019,12
76,Female,O+,Cancer,2022-03-05,Martha Cardenas,Humphrey-Sanchez,Medicare,48963.543655083406,Elective,2022-03-06,Ibuprofen,Normal,1,2022,3
79,Male,AB-,Arthritis,2021-04-08,Sherry Acosta,LLC Garcia,Medicare,19466.39732138945,Urgent,2021-04-10,Paracetamol,Normal,2,2021,4
54,Female,AB+,Cancer,2023-09-22,Andrea Hawkins,Shaw Group,UnitedHealthcare,5831.324108937182,Emergency,2023-10-02,Ibuprofen,Abnormal,10,2023,9
45,Female,O-,Cancer,2024-02-28,John Miller,"Clark, and Doyle Jimenez",Aetna,32445.104554873174,Elective,2024-03-26,Lipitor,Inconclusive,27,2024,2
44,Female,A+,Obesity,2020-06-22,Kent Krause,"Carter Stanley Palmer, and",UnitedHealthcare,32320.32725107979,Elective,2020-06-25,Ibuprofen,Inconclusive,3,2020,6
74,Male,AB-,Obesity,2021-03-16,Jordan Moreno,Mendez Ltd,Aetna,17709.334755916432,Elective,2021-04-08,Lipitor,Abnormal,23,2021,3
26,Female,A+,Hypertension,2023-04-05,William Carter,Neal-Brown,Aetna,38186.13594767067,Emergency,2023-04-29,Paracetamol,Inconclusive,24,2023,4
79,Female,A+,Obesity,2021-07-23,Stephanie Valentine,Sons Ford and,Blue Cross,27077.57015112569,Elective,2021-08-01,Paracetamol,Abnormal,9,2021,7
64,Female,B+,Asthma,2023-11-15,Sara Thomas,Garcia-Robinson,Aetna,8671.40901257709,Emergency,2023-12-03,Aspirin,Abnormal,18,2023,11
47,Female,AB-,Hypertension,2023-09-25,Martin Conway,King-Schultz,Cigna,29836.721152748418,Elective,2023-10-05,Aspirin,Inconclusive,10,2023,9
50,Male,B+,Obesity,2022-03-31,Beth Brown,Sanders-Galloway,Aetna,33180.33511549981,Elective,2022-04-07,Paracetamol,Normal,7,2022,3
46,Female,AB-,Obesity,2019-06-01,Richard Harris,Burton-Peterson,Aetna,16810.466663099833,Elective,2019-06-12,Penicillin,Abnormal,11,2019,6
52,Male,A-,Hypertension,2023-07-07,Katherine Mckee,and Barton Sons,Aetna,29850.653197020634,Elective,2023-08-01,Penicillin,Abnormal,25,2023,7
68,Female,B-,Hypertension,2023-05-21,Shannon Ramsey,Inc Henry,Blue Cross,14786.041300304048,Emergency,2023-06-03,Lipitor,Normal,13,2023,5
56,Male,B+,Diabetes,2022-02-19,Morgan Vazquez,Garcia-Olson,UnitedHealthcare,23078.884047076062,Elective,2022-03-10,Ibuprofen,Normal,19,2022,2
58,Female,O+,Arthritis,2022-10-05,Jennifer Brown,Fry-Mitchell,Cigna,1026.9243212394963,Elective,2022-10-16,Lipitor,Inconclusive,11,2022,10
45,Female,AB-,Arthritis,2023-04-22,Richard Austin,"and Owens Tran Trujillo,",Aetna,11857.902408935392,Emergency,2023-04-24,Lipitor,Inconclusive,2,2023,4
70,Female,B-,Asthma,2019-08-23,Candace Roberts,"and Lewis Wilson Wright,",Blue Cross,32066.66226944203,Elective,2019-09-20,Paracetamol,Abnormal,28,2019,8
44,Female,AB-,Arthritis,2021-11-13,Deborah Long,"Hahn Gonzalez, Smith and",UnitedHealthcare,38098.39696221474,Elective,2021-11-21,Aspirin,Normal,8,2021,11
47,Female,O-,Obesity,2021-10-31,Douglas Parsons,Nielsen-Romero,Aetna,27960.065327265365,Urgent,2021-11-04,Ibuprofen,Inconclusive,4,2021,10
57,Female,AB-,Obesity,2024-03-16,Kayla Schneider,Jones-Rodriguez,UnitedHealthcare,33734.149234610515,Emergency,2024-04-07,Aspirin,Inconclusive,22,2024,3
63,Male,A-,Arthritis,2023-09-07,Tanya Gregory,Reynolds LLC,Blue Cross,38502.50841027961,Emergency,2023-09-22,Ibuprofen,Inconclusive,15,2023,9
40,Female,AB+,Arthritis,2024-03-12,Brandon Miller,Burke-Johnston,Cigna,7987.502383778308,Elective,2024-04-02,Aspirin,Abnormal,21,2024,3
76,Female,A-,Asthma,2020-05-01,Wesley Hendricks,"Moore and Lara Jones,",UnitedHealthcare,11503.300993363911,Urgent,2020-05-05,Paracetamol,Inconclusive,4,2020,5
68,Female,O-,Cancer,2021-11-25,Shannon Haynes,Inc Freeman,Cigna,17920.511205058378,Urgent,2021-12-21,Ibuprofen,Inconclusive,26,2021,11
21,Male,A-,Obesity,2019-07-06,Douglas Galvan,Wood LLC,Cigna,26862.364158874894,Emergency,2019-07-19,Aspirin,Inconclusive,13,2019,7
85,Male,A+,Asthma,2021-06-11,John Greene,LLC Nelson,UnitedHealthcare,14987.26149282704,Emergency,2021-06-20,Lipitor,Abnormal,9,2021,6
35,Male,A-,Hypertension,2021-11-16,Gary Smith,"and Campos, White Reed",Medicare,17416.87837477006,Elective,2021-11-21,Lipitor,Normal,5,2021,11
37,Male,AB-,Diabetes,2024-02-16,Steven Dominguez,"Burke, and Kelley Thompson",Medicare,11185.302470434595,Emergency,2024-02-21,Penicillin,Normal,5,2024,2
76,Female,B+,Asthma,2024-05-06,Rhonda Jennings,Barnett-Brown,Blue Cross,3697.14711619357,Urgent,2024-05-27,Aspirin,Inconclusive,21,2024,5
26,Male,AB+,Cancer,2022-12-07,Sarah Brown,"Weaver and Burch, Sanders",Cigna,39089.86555234056,Urgent,2022-12-22,Paracetamol,Abnormal,15,2022,12
78,Female,AB-,Asthma,2024-01-11,David Cardenas,PLC Richardson,Cigna,41999.91098857612,Elective,2024-02-06,Penicillin,Inconclusive,26,2024,1
76,Male,A-,Diabetes,2022-08-14,Katherine Davis,Armstrong PLC,UnitedHealthcare,37420.27290537956,Emergency,2022-08-26,Ibuprofen,Normal,12,2022,8
66,Female,AB+,Asthma,2021-02-07,Joshua Blackwell,"Baker Tucker Webster, and",UnitedHealthcare,12962.599539497944,Emergency,2021-02-13,Paracetamol,Abnormal,6,2021,2
25,Female,AB+,Asthma,2024-04-21,Ruth Robinson,"and Williams Sanchez, Obrien",UnitedHealthcare,24890.81100070096,Elective,2024-04-24,Paracetamol,Abnormal,3,2024,4
21,Female,A-,Obesity,2020-12-07,Nicholas Garza,Navarro-Lewis,Medicare,6717.717162320889,Elective,2021-01-05,Aspirin,Abnormal,29,2020,12
23,Male,B-,Hypertension,2023-04-09,Sara Rivera,Evans Inc,Aetna,15714.018975350333,Emergency,2023-05-01,Lipitor,Normal,22,2023,4
72,Female,A-,Hypertension,2019-08-30,Teresa Carson,Reynolds-Boyd,Aetna,37168.83757842398,Urgent,2019-09-07,Aspirin,Inconclusive,8,2019,8
63,Male,AB+,Hypertension,2020-07-22,Shane Wong,"Myers and Edwards Oconnor,",Blue Cross,48761.41156402522,Emergency,2020-08-12,Penicillin,Normal,21,2020,7
21,Male,B-,Obesity,2023-01-31,Brian Lopez,LLC Murphy,Blue Cross,26272.77209783999,Emergency,2023-02-28,Lipitor,Abnormal,28,2023,1
23,Male,B+,Arthritis,2019-05-09,Nicholas Reed,"Jordan, Hogan and Roberts",Aetna,24064.509686580088,Urgent,2019-05-30,Lipitor,Inconclusive,21,2019,5
35,Male,AB-,Obesity,2024-04-26,Ellen Johnson,PLC Jacobs,Blue Cross,36918.07989050583,Elective,2024-05-07,Aspirin,Inconclusive,11,2024,4
46,Male,AB+,Arthritis,2024-01-30,Michael Roberts,"Kim and Williams Richards,",Blue Cross,19944.395856243827,Urgent,2024-02-23,Paracetamol,Normal,24,2024,1
51,Male,B-,Diabetes,2024-02-26,Robert Colon,Fisher-Madden,Aetna,22925.81019606757,Urgent,2024-03-14,Ibuprofen,Normal,17,2024,2
68,Male,B+,Arthritis,2022-11-05,Robert Oliver,Turner-Horne,Cigna,44695.35690870938,Urgent,2022-11-25,Aspirin,Abnormal,20,2022,11
43,Male,O+,Hypertension,2020-05-11,Vincent Newman DDS,"and Velasquez, Oneal Kennedy",UnitedHealthcare,43605.35173923654,Elective,2020-05-18,Ibuprofen,Abnormal,7,2020,5
65,Female,AB+,Asthma,2022-08-20,Mary Garza,"Smith, Lee and Ibarra",Blue Cross,46840.91189110143,Urgent,2022-08-28,Aspirin,Normal,8,2022,8
81,Female,B-,Arthritis,2019-06-20,Matthew Allen,"and Johnson Coleman Jackson,",Cigna,14071.246608242183,Urgent,2019-07-01,Aspirin,Inconclusive,11,2019,6
49,Male,AB-,Asthma,2020-11-03,Daniel Avery,Ware Ltd,Aetna,10011.347971058414,Emergency,2020-11-29,Aspirin,Inconclusive,26,2020,11
75,Male,O+,Obesity,2019-09-17,Kristine Campbell,PLC Lopez,Medicare,2353.572841717172,Emergency,2019-10-15,Ibuprofen,Inconclusive,28,2019,9
30,Female,O-,Diabetes,2023-03-22,Teresa Campbell,"Craig, Brown and Brooks",Blue Cross,18306.813993800628,Urgent,2023-03-31,Lipitor,Abnormal,9,2023,3
60,Male,B-,Diabetes,2020-04-06,Emily Humphrey,"Moody Richards Randall, and",Blue Cross,26819.260725505123,Emergency,2020-04-12,Penicillin,Abnormal,6,2020,4
65,Female,AB-,Cancer,2019-08-05,Kristi Forbes,"Berg, Perkins and Chan",Aetna,39257.03346113062,Elective,2019-08-24,Lipitor,Inconclusive,19,2019,8
74,Female,O-,Hypertension,2023-01-03,Alexander Sanchez,Reid-Lara,UnitedHealthcare,11987.193646042062,Elective,2023-01-29,Aspirin,Abnormal,26,2023,1
28,Female,B-,Diabetes,2019-07-02,Evan Montgomery,Cole Ltd,Medicare,21405.61071692435,Elective,2019-07-21,Lipitor,Normal,19,2019,7
31,Male,A-,Hypertension,2019-11-20,Michael Olson,"Silva Nguyen, and Hayes",Cigna,46633.92085950772,Elective,2019-12-02,Paracetamol,Normal,12,2019,11
51,Male,A-,Obesity,2023-05-13,Donald Cantu,"Fox, Bennett and Turner",Aetna,18192.208816077225,Urgent,2023-06-07,Penicillin,Normal,25,2023,5
19,Female,A+,Cancer,2024-02-06,Charles Cruz,"Rodriguez Johnson, and Brown",Blue Cross,16077.28878937764,Urgent,2024-02-23,Ibuprofen,Normal,17,2024,2
77,Female,B-,Arthritis,2023-10-03,Melissa Gill,PLC Dominguez,Medicare,38363.22093268217,Emergency,2023-11-01,Paracetamol,Normal,29,2023,10
22,Female,A+,Diabetes,2020-06-06,Sergio White,Graham-Barnett,Aetna,25747.81168454299,Urgent,2020-06-12,Paracetamol,Inconclusive,6,2020,6
83,Female,O+,Asthma,2021-05-07,Mr. Carl Brown Jr.,Garrett Ltd,Medicare,38392.98917083615,Elective,2021-05-31,Paracetamol,Abnormal,24,2021,5
20,Male,AB-,Diabetes,2021-11-01,Ryan Mcpherson,Welch-Keller,Cigna,27173.74662323381,Emergency,2021-11-21,Penicillin,Inconclusive,20,2021,11
56,Male,AB-,Obesity,2021-03-04,Michael Peters,Sparks-Spencer,Blue Cross,26452.403801290795,Emergency,2021-03-21,Paracetamol,Inconclusive,17,2021,3
25,Male,A+,Arthritis,2023-06-01,Jose Bryant,"and Johnson Cross, Mitchell",Aetna,38303.32245750288,Emergency,2023-06-27,Aspirin,Abnormal,26,2023,6
24,Female,AB-,Asthma,2020-07-22,Daniel Johnson,Ellis-Wilkinson,Cigna,10605.905618623834,Urgent,2020-08-06,Penicillin,Normal,15,2020,7
32,Female,A-,Diabetes,2021-02-26,Ashley Osborn,"Powers Webb Blackwell, and",UnitedHealthcare,32444.314997172944,Elective,2021-03-11,Aspirin,Abnormal,13,2021,2
58,Female,O-,Obesity,2022-04-18,Laurie Lawson,Sawyer-Palmer,Cigna,30110.45574566849,Emergency,2022-04-23,Penicillin,Inconclusive,5,2022,4
65,Male,O+,Arthritis,2019-10-11,Tammy Nicholson,Zimmerman Group,Aetna,44599.16043026063,Emergency,2019-11-07,Penicillin,Inconclusive,27,2019,10
73,Male,AB-,Obesity,2024-02-28,Natasha Weaver,Lee PLC,Medicare,15360.30663284882,Emergency,2024-03-17,Paracetamol,Abnormal,18,2024,2
61,Female,A-,Cancer,2022-11-20,Brandon Stevens,LLC Cox,Aetna,42854.37937902578,Urgent,2022-11-24,Penicillin,Abnormal,4,2022,11
23,Female,B-,Cancer,2021-07-11,George Huynh,"and Mckinney, Ruiz Evans",Aetna,10803.209677081084,Emergency,2021-08-06,Ibuprofen,Abnormal,26,2021,7
57,Male,O+,Diabetes,2024-01-30,Tina Shields,"Melton and Parker, Stewart",UnitedHealthcare,49225.66109486578,Urgent,2024-02-08,Aspirin,Inconclusive,9,2024,1
81,Female,AB+,Arthritis,2023-10-24,Kelly Russell,Grimes-Smith,Blue Cross,23005.36475946905,Urgent,2023-11-02,Aspirin,Abnormal,9,2023,10
71,Male,B+,Hypertension,2023-08-29,Brent Baker,Ltd Sweeney,Blue Cross,37909.5482015156,Emergency,2023-09-17,Paracetamol,Inconclusive,19,2023,8
59,Male,B+,Asthma,2023-07-25,Daryl Salazar,"Frye and Clarke Bush,",Blue Cross,8307.602773461485,Urgent,2023-08-20,Aspirin,Inconclusive,26,2023,7
30,Male,A-,Arthritis,2021-03-19,Sarah Fry,"Gordon and Hopkins Harrington,",Aetna,28854.536319588675,Emergency,2021-04-18,Aspirin,Inconclusive,30,2021,3
35,Male,B-,Asthma,2020-10-02,Brian Robinson,Wilson PLC,Cigna,11434.567168621645,Emergency,2020-10-27,Lipitor,Inconclusive,25,2020,10
83,Female,A+,Cancer,2020-10-12,Marissa Owen,"and Vincent, Taylor Stewart",UnitedHealthcare,5767.354273552395,Elective,2020-10-14,Lipitor,Normal,2,2020,10
73,Male,AB-,Asthma,2024-01-31,Cody Moore,"Wilkinson Jackson and Sweeney,",Aetna,33333.88627200828,Urgent,2024-02-05,Ibuprofen,Inconclusive,5,2024,1
66,Female,B-,Hypertension,2022-01-14,Amanda White DVM,Stewart LLC,Aetna,2879.65166289358,Elective,2022-02-06,Aspirin,Normal,23,2022,1
76,Male,O+,Obesity,2024-01-10,Dr. Clifford Oliver,Kelly Inc,Medicare,26318.235117552245,Emergency,2024-01-21,Penicillin,Normal,11,2024,1
73,Male,B+,Diabetes,2021-10-05,Cynthia Lewis,Hurst-Ross,Medicare,25202.80974396062,Urgent,2021-10-27,Penicillin,Abnormal,22,2021,10
72,Female,AB-,Hypertension,2023-09-23,Karen Bowers,"Brooks Gregory Garrett, and",Blue Cross,25104.512461832048,Elective,2023-09-29,Penicillin,Inconclusive,6,2023,9
48,Female,B+,Cancer,2022-12-11,Gina Oliver,Brown-Hahn,Aetna,5379.38039852987,Elective,2023-01-05,Paracetamol,Inconclusive,25,2022,12
22,Male,O-,Cancer,2020-02-11,Carmen Cline,Harrison Group,Aetna,9803.166138601402,Emergency,2020-02-25,Aspirin,Normal,14,2020,2
60,Male,B+,Obesity,2020-08-25,Andrew Richards,Deleon PLC,Cigna,33149.47988025048,Emergency,2020-09-23,Aspirin,Inconclusive,29,2020,8
60,Male,B-,Obesity,2022-07-22,Emily Pham,LLC Sloan,UnitedHealthcare,4849.375795561168,Urgent,2022-08-07,Lipitor,Normal,16,2022,7
35,Male,O+,Obesity,2023-11-04,Kathleen Rowe,Richmond-Munoz,Blue Cross,8701.081837784544,Urgent,2023-11-17,Ibuprofen,Abnormal,13,2023,11
34,Female,A+,Asthma,2019-08-15,Jordan Stewart,Cruz Group,Blue Cross,28374.24326615762,Elective,2019-08-20,Paracetamol,Abnormal,5,2019,8
76,Male,A+,Arthritis,2021-09-07,Shannon Romero,Lynch-Vargas,Aetna,29548.015946052907,Emergency,2021-09-18,Penicillin,Abnormal,11,2021,9
71,Male,A+,Arthritis,2021-04-10,Anna Rodriguez,Wright-Cordova,Aetna,29863.73953513844,Elective,2021-04-27,Paracetamol,Inconclusive,17,2021,4
52,Male,A+,Cancer,2022-04-13,Kevin Parks,Carter-Baker,UnitedHealthcare,45974.67490774411,Emergency,2022-05-05,Lipitor,Abnormal,22,2022,4
76,Female,O+,Obesity,2022-12-25,Daryl Kaufman,White-Arnold,Medicare,28195.247013614004,Emergency,2022-12-28,Paracetamol,Normal,3,2022,12
25,Female,AB+,Diabetes,2020-02-28,Max Tucker,Sanchez-Reid,Aetna,46383.950186668735,Elective,2020-03-01,Paracetamol,Normal,2,2020,2
81,Female,AB-,Cancer,2022-04-25,Ronald Palmer,"Harrison, Downs Norton and",Cigna,35272.78322674059,Emergency,2022-05-05,Penicillin,Inconclusive,10,2022,4
25,Female,A-,Obesity,2019-09-04,Paul Phillips,Hogan-Mclaughlin,Blue Cross,4771.4301530502125,Urgent,2019-09-29,Lipitor,Normal,25,2019,9
70,Female,O+,Cancer,2020-10-19,Todd Walker,Wilson-Mcdaniel,Aetna,41959.938709217495,Emergency,2020-11-14,Paracetamol,Inconclusive,26,2020,10
38,Male,AB+,Asthma,2019-12-22,Brittany Martin,"Reynolds and Underwood, Davis",Medicare,42615.145113721344,Elective,2019-12-30,Lipitor,Inconclusive,8,2019,12
77,Male,AB+,Asthma,2020-02-19,Gregory Pruitt,Frey Ltd,Medicare,38146.04079272983,Emergency,2020-03-15,Paracetamol,Abnormal,25,2020,2
44,Female,B-,Hypertension,2021-10-24,Diana Robinson,Cameron-Sutton,UnitedHealthcare,29290.43671394916,Urgent,2021-11-17,Penicillin,Abnormal,24,2021,10
41,Male,AB+,Cancer,2020-04-07,Cody Cook,Edwards-Molina,Aetna,11333.968984623809,Elective,2020-04-20,Lipitor,Normal,13,2020,4
75,Female,O-,Hypertension,2022-11-05,Jay Rush,Lopez-Allison,Cigna,11465.398785344,Elective,2022-11-15,Paracetamol,Abnormal,10,2022,11
72,Male,B+,Cancer,2020-08-08,Wanda Thompson,Rowe-Smith,Blue Cross,32919.825930922525,Urgent,2020-08-21,Paracetamol,Abnormal,13,2020,8
40,Female,O+,Arthritis,2019-06-09,Jessica Alexander,Graham-Simon,UnitedHealthcare,21544.006603646227,Urgent,2019-07-02,Lipitor,Abnormal,23,2019,6
65,Female,A-,Asthma,2024-04-24,Amber Oliver,Higgins-Miller,Medicare,10693.064999429247,Emergency,2024-05-17,Penicillin,Abnormal,23,2024,4
18,Female,B-,Arthritis,2023-05-29,Betty Brown MD,Johnson PLC,Aetna,30892.58632970314,Urgent,2023-06-07,Lipitor,Normal,9,2023,5
21,Male,AB+,Diabetes,2021-01-31,Sean Jones,"and Lopez, Archer Miller",Medicare,8284.60358569853,Elective,2021-02-10,Lipitor,Abnormal,10,2021,1
45,Male,A+,Arthritis,2020-02-22,Mr. George Booth PhD,"and Lee Zamora Horton,",Medicare,9876.795935782648,Urgent,2020-03-13,Paracetamol,Normal,20,2020,2
67,Male,B+,Hypertension,2021-07-29,Michael Roach,Burns-Hernandez,Aetna,30515.52980080898,Emergency,2021-08-09,Paracetamol,Inconclusive,11,2021,7
21,Male,A+,Arthritis,2019-08-05,Kathy Carrillo,Smith-Richardson,UnitedHealthcare,1549.033521524162,Elective,2019-08-24,Ibuprofen,Inconclusive,19,2019,8
30,Female,A+,Asthma,2022-05-27,Lee Adams,White-Perry,Cigna,30523.46269493776,Urgent,2022-06-16,Aspirin,Inconclusive,20,2022,5
60,Male,O+,Asthma,2023-04-21,Meghan Thomas,LLC Gamble,Medicare,47554.01623421446,Urgent,2023-05-02,Ibuprofen,Inconclusive,11,2023,4
73,Male,O+,Obesity,2024-04-16,Jacqueline Waters,Gonzales Sons and,Cigna,11271.939474793884,Emergency,2024-05-14,Ibuprofen,Inconclusive,28,2024,4
58,Female,AB+,Asthma,2022-08-19,James Pope,Sons Walsh and,Medicare,3714.52596487119,Emergency,2022-09-10,Aspirin,Inconclusive,22,2022,8
73,Female,B+,Cancer,2021-03-22,Taylor Dunn,Monroe LLC,Aetna,8536.735533150339,Emergency,2021-04-07,Lipitor,Inconclusive,16,2021,3
65,Male,AB-,Diabetes,2022-12-03,Luis Jacobs,Hill-Mayo,UnitedHealthcare,15607.288728862508,Urgent,2022-12-30,Ibuprofen,Inconclusive,27,2022,12
47,Female,B+,Asthma,2021-03-20,Edward White,"Bailey, Vasquez and Robinson",Aetna,41026.715596896895,Urgent,2021-04-03,Paracetamol,Inconclusive,14,2021,3
64,Male,B+,Arthritis,2023-04-21,Danielle Hernandez,Gross-Reed,Cigna,27831.157695252605,Elective,2023-05-05,Penicillin,Abnormal,14,2023,4
60,Female,O-,Cancer,2020-09-12,David Leon,"Rowland, Gutierrez and Delacruz",Cigna,17126.149903529673,Urgent,2020-10-03,Ibuprofen,Normal,21,2020,9
31,Male,AB+,Asthma,2021-01-06,Terri Montes,"Smith Allen, Garcia and",Medicare,23785.04902487913,Urgent,2021-01-30,Paracetamol,Normal,24,2021,1
51,Female,A-,Hypertension,2019-11-09,Lisa Mcpherson,Sons and Salinas,Medicare,19463.54184746849,Elective,2019-12-09,Penicillin,Abnormal,30,2019,11
39,Male,A-,Diabetes,2021-10-11,Cheryl Morris,Berry PLC,Blue Cross,23150.77498893759,Elective,2021-11-08,Lipitor,Abnormal,28,2021,10
45,Male,B-,Diabetes,2024-04-16,Michelle Dennis,Watson LLC,Medicare,33805.17316542452,Emergency,2024-05-02,Penicillin,Abnormal,16,2024,4
30,Female,B+,Hypertension,2023-01-14,Julie Herrera,Ltd Evans,UnitedHealthcare,46154.13981655594,Elective,2023-02-02,Aspirin,Abnormal,19,2023,1
81,Female,B-,Diabetes,2019-08-09,Thomas Henry,Jackson-Green,Aetna,14533.530779087509,Elective,2019-09-03,Ibuprofen,Inconclusive,25,2019,8
51,Female,A+,Obesity,2022-04-06,Mark Buchanan,"Mata, and Gonzalez Jones",Aetna,32178.964795119053,Urgent,2022-04-29,Aspirin,Normal,23,2022,4
64,Male,A+,Arthritis,2021-08-28,Amanda Henry,Benitez Inc,Blue Cross,11557.284989038992,Elective,2021-09-25,Paracetamol,Abnormal,28,2021,8
70,Female,B-,Cancer,2024-02-03,Christopher Haynes,Conley-Torres,Aetna,21450.84081277993,Emergency,2024-02-17,Lipitor,Inconclusive,14,2024,2
60,Female,AB+,Diabetes,2020-02-06,Rachel Love,Garcia-Hines,Cigna,10202.6886320927,Elective,2020-03-02,Paracetamol,Inconclusive,25,2020,2
28,Male,AB-,Asthma,2019-08-09,Brian Owens,"Ortiz Stanley, Brown and",Aetna,34686.152460810226,Emergency,2019-08-15,Aspirin,Inconclusive,6,2019,8
60,Female,AB+,Obesity,2020-04-01,Crystal Zamora,Group Tran,Blue Cross,39234.27860311387,Urgent,2020-04-26,Lipitor,Abnormal,25,2020,4
56,Female,AB-,Hypertension,2021-08-30,Laura Collier,Ltd Delgado,Aetna,40454.056333486464,Urgent,2021-09-27,Aspirin,Normal,28,2021,8
66,Male,B+,Asthma,2022-08-23,Spencer Carpenter,Boone-Hicks,Blue Cross,6312.820874683037,Urgent,2022-09-16,Ibuprofen,Normal,24,2022,8
63,Female,B-,Obesity,2022-02-26,Mark Montes,Moss PLC,Medicare,28312.975961096487,Urgent,2022-03-04,Lipitor,Inconclusive,6,2022,2
37,Male,B+,Hypertension,2021-11-10,Joann Ortiz,Obrien-Ruiz,UnitedHealthcare,15035.038312751993,Elective,2021-11-14,Penicillin,Normal,4,2021,11
35,Male,O+,Arthritis,2024-02-29,Lori Williams,Cohen-Gillespie,Medicare,36515.51601176287,Urgent,2024-03-03,Paracetamol,Normal,3,2024,2
60,Male,O+,Cancer,2020-10-22,Holly Brown,Ltd Krause,Blue Cross,44856.30772645851,Elective,2020-10-28,Paracetamol,Normal,6,2020,10
79,Male,O-,Asthma,2021-02-04,Kim Rogers,"Howe and Terrell Roberts,",Medicare,33724.04447721524,Emergency,2021-03-04,Ibuprofen,Normal,28,2021,2
49,Female,A+,Obesity,2022-04-10,Donald Cervantes,Morgan-Elliott,Medicare,31952.448815857548,Urgent,2022-04-27,Ibuprofen,Abnormal,17,2022,4
58,Male,A-,Diabetes,2020-08-17,Brett Dalton,"and Carroll, Cox Morales",Aetna,37069.69372638142,Urgent,2020-09-13,Aspirin,Normal,27,2020,8
42,Female,O+,Cancer,2021-04-02,Lorraine Taylor,Anderson-Ramos,UnitedHealthcare,1152.3943527600125,Urgent,2021-04-20,Lipitor,Normal,18,2021,4
78,Male,A+,Arthritis,2022-11-22,Nicholas Graves,Robles-Fisher,Aetna,37084.9863337801,Emergency,2022-12-15,Penicillin,Normal,23,2022,11
75,Female,AB+,Hypertension,2020-10-22,Barry Grant,Fernandez-Schmidt,UnitedHealthcare,5032.069457483643,Urgent,2020-11-12,Ibuprofen,Normal,21,2020,10
82,Female,B-,Arthritis,2019-05-20,Alexandra Warren,"Johnson and Rivera, Allen",Medicare,30100.510938908614,Elective,2019-05-25,Paracetamol,Abnormal,5,2019,5
67,Female,B-,Cancer,2020-07-27,Darrell Carlson,Small-Ramirez,Aetna,2009.264601269081,Urgent,2020-08-11,Penicillin,Normal,15,2020,7
24,Female,AB+,Diabetes,2021-01-03,Kyle Mullins,"Werner, Glenn Tucker and",Cigna,35785.055421433935,Urgent,2021-01-06,Lipitor,Inconclusive,3,2021,1
36,Female,O+,Diabetes,2022-11-03,Kathleen Simon,Rivas PLC,UnitedHealthcare,40701.85406338296,Emergency,2022-11-14,Aspirin,Normal,11,2022,11
53,Female,B+,Diabetes,2021-03-08,Jesse Pineda,"Hall Lee, Cantu and",Blue Cross,44031.85965650343,Elective,2021-03-12,Paracetamol,Normal,4,2021,3
73,Female,AB+,Cancer,2019-06-19,Breanna Nichols,"Mcgrath Salazar, and Hernandez",UnitedHealthcare,18547.13090982847,Urgent,2019-06-30,Penicillin,Normal,11,2019,6
19,Male,A+,Arthritis,2021-05-23,Rebecca Pollard MD,"Foster, King Zimmerman and",Blue Cross,47051.83056085786,Emergency,2021-06-11,Aspirin,Abnormal,19,2021,5
67,Male,B-,Diabetes,2023-05-07,Tina Wilson,"Meadows, and Guerrero Scott",Aetna,25044.381285383064,Elective,2023-05-19,Lipitor,Inconclusive,12,2023,5
65,Female,B+,Arthritis,2021-01-20,James Salazar,PLC Martin,Cigna,12333.201790894776,Emergency,2021-02-03,Penicillin,Abnormal,14,2021,1
74,Male,O+,Cancer,2023-01-17,Michael Duran,"Garcia Snyder, and White",UnitedHealthcare,27537.22665622847,Emergency,2023-02-01,Aspirin,Normal,15,2023,1
76,Female,A-,Diabetes,2023-06-25,Ms. Marilyn Perry MD,Inc Marshall,Medicare,49764.56416974949,Urgent,2023-07-13,Penicillin,Abnormal,18,2023,6
73,Female,AB+,Arthritis,2021-07-05,Lance Freeman,Harris-Day,Medicare,32001.664568741693,Elective,2021-07-23,Lipitor,Inconclusive,18,2021,7
71,Female,B+,Hypertension,2020-01-11,Larry Mcbride,Campbell-Church,Medicare,1348.2907590094676,Emergency,2020-02-01,Ibuprofen,Normal,21,2020,1
45,Female,AB-,Diabetes,2019-05-10,Aaron Maxwell,Group Fisher,Medicare,46146.67210792807,Elective,2019-05-28,Ibuprofen,Inconclusive,18,2019,5
67,Male,O-,Arthritis,2022-05-01,Kenneth Jacobson,Adams-Ferguson,UnitedHealthcare,18181.037889805048,Urgent,2022-05-14,Paracetamol,Inconclusive,13,2022,5
47,Female,AB-,Asthma,2020-08-23,Katie Summers,"Phillips, and Morris Marshall",Aetna,31943.43693405156,Urgent,2020-09-17,Lipitor,Abnormal,25,2020,8
18,Male,B+,Cancer,2023-06-05,Michael Foster,"Robertson Dean, Vega and",Blue Cross,46135.90020257964,Elective,2023-07-01,Lipitor,Abnormal,26,2023,6
46,Male,B+,Obesity,2020-01-22,Keith Snyder,English-Thomas,Medicare,19868.91681809632,Elective,2020-01-30,Ibuprofen,Inconclusive,8,2020,1
65,Male,O-,Obesity,2021-02-01,Tanya Fletcher,Group Phillips,Cigna,34212.46059627274,Elective,2021-03-02,Aspirin,Normal,29,2021,2
74,Male,A+,Diabetes,2022-11-27,Michael Olsen,Wood Inc,UnitedHealthcare,22398.97313344253,Elective,2022-12-22,Ibuprofen,Abnormal,25,2022,11
83,Male,O-,Diabetes,2022-01-15,Courtney Johns,Long-Herrera,Blue Cross,41886.05071982197,Emergency,2022-01-17,Penicillin,Inconclusive,2,2022,1
61,Female,A+,Arthritis,2020-01-06,Daniel Guzman,"Collins, and Kemp Cobb",UnitedHealthcare,9001.61535158077,Urgent,2020-01-22,Ibuprofen,Abnormal,16,2020,1
42,Male,AB-,Hypertension,2019-12-21,Charles Brown,Barber-Chandler,Aetna,22299.207453292387,Elective,2019-12-25,Ibuprofen,Abnormal,4,2019,12
42,Male,B-,Diabetes,2022-08-14,Tanya Weiss,"Green Holmes and Morgan,",Cigna,29588.021333371027,Emergency,2022-08-30,Penicillin,Normal,16,2022,8
27,Female,O-,Obesity,2021-11-17,Jennifer Martinez,Madden-White,Aetna,32703.83041992631,Urgent,2021-12-01,Aspirin,Inconclusive,14,2021,11
73,Female,B+,Arthritis,2021-07-29,Melanie Christian,Atkinson-Phillips,UnitedHealthcare,42606.29351723445,Elective,2021-08-26,Lipitor,Inconclusive,28,2021,7
32,Male,A-,Arthritis,2019-08-01,Veronica Johnson,Jordan-Smith,UnitedHealthcare,26270.67085762213,Urgent,2019-08-15,Lipitor,Inconclusive,14,2019,8
33,Male,O+,Asthma,2019-07-14,William Durham,Wong-Serrano,Blue Cross,21040.204968830258,Emergency,2019-07-30,Paracetamol,Inconclusive,16,2019,7
77,Male,AB+,Hypertension,2021-01-31,Mitchell Anderson,Group Johnson,UnitedHealthcare,47123.253320722506,Emergency,2021-02-06,Aspirin,Abnormal,6,2021,1
26,Male,B-,Arthritis,2020-06-29,James Campbell,"and Coleman Ballard, Taylor",UnitedHealthcare,13274.984786280207,Urgent,2020-07-16,Ibuprofen,Normal,17,2020,6
76,Female,AB-,Diabetes,2019-10-04,Patricia Smith,Harris-Bowers,UnitedHealthcare,43128.51074724426,Elective,2019-10-15,Lipitor,Abnormal,11,2019,10
61,Female,A+,Asthma,2023-01-24,Haley Perez,"Anderson Ruiz, and Alvarez",Medicare,21556.398909377745,Emergency,2023-02-13,Aspirin,Abnormal,20,2023,1
41,Female,AB+,Arthritis,2021-01-09,Robert Herrera,Gordon-Atkins,Aetna,45962.804412565936,Urgent,2021-01-11,Paracetamol,Normal,2,2021,1
27,Female,AB+,Hypertension,2023-06-24,Melissa Ford,"and Ayala Miller, Wilson",Medicare,40240.30814814933,Urgent,2023-07-22,Aspirin,Normal,28,2023,6
53,Female,AB+,Diabetes,2022-09-05,Michael Henderson,"Brennan, and Osborn Clark",Aetna,10028.048501303576,Urgent,2022-09-23,Ibuprofen,Inconclusive,18,2022,9
79,Male,B-,Arthritis,2022-11-11,Steven Henson,PLC Brown,Aetna,39742.29227447718,Elective,2022-12-03,Lipitor,Abnormal,22,2022,11
18,Female,O-,Hypertension,2022-02-11,Erik Howard,"Cohen, and Bowers Conley",Aetna,43198.33719772813,Elective,2022-03-13,Penicillin,Abnormal,30,2022,2
74,Male,AB-,Asthma,2022-10-15,Nathan Pierce,Williams-Wilson,UnitedHealthcare,40561.322049636576,Elective,2022-11-02,Ibuprofen,Inconclusive,18,2022,10
71,Female,A+,Diabetes,2024-01-22,Matthew Logan,Harris Group,Medicare,43180.89815098951,Emergency,2024-02-11,Paracetamol,Inconclusive,20,2024,1
62,Female,AB+,Diabetes,2023-11-01,Robyn Gonzalez,Berry Group,Aetna,20524.647020038054,Emergency,2023-11-28,Ibuprofen,Inconclusive,27,2023,11
55,Male,B+,Arthritis,2020-09-13,Stephen Robles,Miller-Miller,UnitedHealthcare,7772.372994024249,Elective,2020-09-26,Lipitor,Abnormal,13,2020,9
40,Female,AB+,Arthritis,2023-07-04,Jason Hughes,Kramer-Davenport,Cigna,48595.97826506847,Emergency,2023-07-16,Paracetamol,Inconclusive,12,2023,7
65,Male,O-,Arthritis,2020-11-19,Paul Morris,LLC Cooper,Cigna,33810.924493624654,Emergency,2020-11-24,Paracetamol,Abnormal,5,2020,11
66,Female,AB+,Hypertension,2020-12-26,Bruce Brooks,Murphy LLC,Cigna,44769.48543843655,Emergency,2021-01-20,Ibuprofen,Normal,25,2020,12
56,Female,B+,Cancer,2023-03-04,Karen Huffman,LLC Miles,Medicare,26452.66310108395,Elective,2023-03-21,Penicillin,Inconclusive,17,2023,3
18,Female,AB-,Diabetes,2020-10-23,Karen Baker,Campos-Bailey,Medicare,13983.01261745863,Urgent,2020-11-02,Ibuprofen,Abnormal,10,2020,10
63,Male,A-,Obesity,2020-07-15,Barbara Lopez,"Roy and Williams Gonzalez,",UnitedHealthcare,40601.47227050417,Emergency,2020-08-01,Ibuprofen,Normal,17,2020,7
39,Male,B+,Arthritis,2023-05-21,Shannon Harris,Hamilton Ltd,Aetna,11463.43934288917,Emergency,2023-06-12,Aspirin,Normal,22,2023,5
21,Male,A+,Diabetes,2022-10-28,Doris Kline,"Myers and Davis Daniel,",Blue Cross,44818.30969261628,Emergency,2022-10-30,Lipitor,Normal,2,2022,10
56,Male,A-,Cancer,2019-10-04,Ashley Juarez,"Wise, and Gomez Duffy",UnitedHealthcare,28557.34064437605,Emergency,2019-10-19,Ibuprofen,Inconclusive,15,2019,10
19,Male,B+,Cancer,2022-01-23,Travis Kennedy,Stokes-Baker,Medicare,12817.927193218604,Urgent,2022-02-19,Paracetamol,Normal,27,2022,1
77,Male,AB+,Cancer,2020-07-26,Mark Rodriguez,Pearson-Taylor,Cigna,8070.718297985522,Elective,2020-07-29,Penicillin,Inconclusive,3,2020,7
41,Female,O-,Asthma,2023-10-06,Timothy Evans,Group Little,UnitedHealthcare,27838.029553285603,Elective,2023-10-19,Penicillin,Inconclusive,13,2023,10
59,Male,B+,Hypertension,2019-05-11,Mrs. Annette Smith,Erickson-Boyd,UnitedHealthcare,7516.784213120317,Elective,2019-06-07,Ibuprofen,Normal,27,2019,5
78,Male,AB-,Asthma,2022-02-10,Joshua Fuentes,Smith-Cox,UnitedHealthcare,40994.47743355792,Emergency,2022-02-27,Ibuprofen,Normal,17,2022,2
81,Female,B+,Hypertension,2023-06-02,Juan Cantu MD,Smith Inc,Blue Cross,35281.59340728224,Urgent,2023-06-08,Paracetamol,Inconclusive,6,2023,6
36,Female,B+,Obesity,2021-11-04,Nicholas Harper,"Buck, Reed Smith and",Blue Cross,19480.893064516997,Urgent,2021-11-20,Penicillin,Normal,16,2021,11
76,Female,A-,Asthma,2023-06-30,Haley Young,"Gray and Marshall Morris,",Cigna,4966.643946852698,Emergency,2023-07-03,Lipitor,Inconclusive,3,2023,6
55,Female,B-,Asthma,2019-11-07,Maria Gonzalez,Dixon Group,Blue Cross,33118.26554709127,Emergency,2019-12-03,Penicillin,Abnormal,26,2019,11
68,Male,AB+,Asthma,2019-06-16,Alicia Lee,Hull PLC,UnitedHealthcare,27986.133941158485,Urgent,2019-06-24,Ibuprofen,Abnormal,8,2019,6
83,Female,AB-,Cancer,2020-11-16,Clifford Allen,Wood-Massey,Cigna,33994.2149417675,Emergency,2020-12-04,Paracetamol,Inconclusive,18,2020,11
47,Male,A+,Hypertension,2021-11-24,Mrs. Meghan Joyce,Thomas-Morales,UnitedHealthcare,42932.155286343725,Elective,2021-12-02,Penicillin,Inconclusive,8,2021,11
76,Male,AB+,Obesity,2020-05-14,Ana Adkins,Ltd Maxwell,Aetna,3247.2243695306897,Emergency,2020-05-21,Lipitor,Abnormal,7,2020,5
80,Female,AB+,Obesity,2022-07-03,Robin Cruz,Group Lowe,Aetna,20884.04575373695,Emergency,2022-07-24,Ibuprofen,Inconclusive,21,2022,7
83,Female,B+,Cancer,2019-07-12,Derrick Jenkins,"and Thomas Foster Butler,",Cigna,2413.501029881504,Elective,2019-07-29,Paracetamol,Abnormal,17,2019,7
19,Male,B-,Diabetes,2023-11-09,Sarah Williams,LLC Frank,UnitedHealthcare,46127.55390779417,Emergency,2023-11-14,Aspirin,Normal,5,2023,11
81,Male,AB+,Cancer,2021-09-22,Austin Foster,Hernandez-Thompson,Blue Cross,16690.25305182884,Elective,2021-09-28,Ibuprofen,Abnormal,6,2021,9
63,Male,O+,Cancer,2020-04-01,Carol Allen,"Moore Butler, Gordon and",Blue Cross,37696.946507231,Elective,2020-04-04,Lipitor,Abnormal,3,2020,4
56,Female,A+,Arthritis,2022-06-17,Timothy Butler,"Rich Pennington, and Webb",Aetna,46185.865842465246,Emergency,2022-06-30,Aspirin,Abnormal,13,2022,6
61,Female,A-,Obesity,2019-06-09,Kimberly Wright,Vargas-Wright,Blue Cross,32056.339969896944,Elective,2019-06-27,Penicillin,Inconclusive,18,2019,6
24,Female,AB+,Obesity,2021-04-13,Vanessa Bennett,Woods Inc,UnitedHealthcare,32284.40503686309,Emergency,2021-05-06,Lipitor,Inconclusive,23,2021,4
69,Male,AB-,Cancer,2019-10-06,Carlos Riley,White LLC,Medicare,37692.35581051902,Urgent,2019-10-07,Ibuprofen,Normal,1,2019,10
54,Female,AB-,Obesity,2023-06-04,Danny Chambers,"Harmon and Hall, Smith",Medicare,9992.254921303236,Elective,2023-06-19,Paracetamol,Normal,15,2023,6
33,Female,O-,Asthma,2020-08-26,Brian Foster,Jackson-Orr,Cigna,26870.996475423108,Urgent,2020-09-05,Lipitor,Normal,10,2020,8
55,Female,O+,Hypertension,2022-04-23,Mary Anderson,"Barnett and Richards, Avila",Medicare,42747.22536354172,Elective,2022-05-05,Ibuprofen,Normal,12,2022,4
55,Female,A+,Obesity,2019-09-17,Michael Washington,Collins Group,Blue Cross,34213.80563008361,Urgent,2019-09-29,Ibuprofen,Abnormal,12,2019,9
83,Female,AB+,Cancer,2024-05-02,Christopher Cox,LLC Mitchell,Aetna,45027.47147108377,Emergency,2024-05-24,Aspirin,Inconclusive,22,2024,5
83,Male,AB+,Hypertension,2022-05-20,David Jones,"and Reid Keith, Blackwell",Aetna,23703.51887587285,Emergency,2022-05-29,Ibuprofen,Abnormal,9,2022,5
85,Male,O+,Asthma,2019-08-07,Adrian Oconnell,Williams-Riley,Aetna,22743.33110584863,Urgent,2019-08-17,Lipitor,Normal,10,2019,8
22,Female,B+,Asthma,2020-12-24,Sheila Wallace,George-Vega,Cigna,16373.874943829946,Urgent,2021-01-23,Penicillin,Normal,30,2020,12
23,Female,A+,Hypertension,2020-08-04,Barbara Stanton,Figueroa-Rogers,Blue Cross,3269.920421792196,Urgent,2020-08-13,Paracetamol,Abnormal,9,2020,8
68,Female,A+,Obesity,2019-12-04,Mary Buchanan,"Warner Evans, Davies and",Blue Cross,41311.637464778345,Emergency,2019-12-23,Paracetamol,Normal,19,2019,12
76,Male,A+,Obesity,2022-01-28,Shane Turner,Inc Carroll,Blue Cross,11513.342297924271,Elective,2022-02-15,Lipitor,Normal,18,2022,1
52,Female,AB-,Diabetes,2020-08-17,Andrew Wall,Rocha-Fox,Blue Cross,40192.41301117927,Urgent,2020-08-24,Aspirin,Normal,7,2020,8
18,Female,AB-,Cancer,2021-04-23,James Gonzalez,Hansen LLC,Aetna,30506.039167339663,Emergency,2021-05-22,Paracetamol,Abnormal,29,2021,4
61,Female,O+,Obesity,2020-09-01,Rebecca Miller,Clark-Russo,Aetna,21504.59020912168,Elective,2020-09-18,Penicillin,Inconclusive,17,2020,9
47,Male,AB+,Obesity,2021-01-18,Wayne Rogers,Ewing Inc,UnitedHealthcare,1373.415402410096,Elective,2021-02-03,Ibuprofen,Abnormal,16,2021,1
65,Female,O+,Asthma,2023-05-25,Elizabeth Jackson,"Villanueva, and Smith Jenkins",Medicare,7242.547312465855,Elective,2023-06-04,Penicillin,Abnormal,10,2023,5
43,Female,A+,Cancer,2022-05-01,Kenneth Ashley,Marquez Inc,Medicare,16967.330159365134,Elective,2022-05-21,Ibuprofen,Normal,20,2022,5
75,Female,AB+,Arthritis,2022-06-05,Elaine Vega,Sons Thompson and,Cigna,37935.69525547494,Emergency,2022-06-21,Penicillin,Abnormal,16,2022,6
57,Male,A+,Hypertension,2021-09-23,Keith Rodriguez,Lopez-Simmons,Blue Cross,45673.74842267342,Elective,2021-10-16,Aspirin,Abnormal,23,2021,9
69,Female,AB+,Diabetes,2022-07-15,Edwin Mitchell,"Frye, King and Phillips",Medicare,23048.89095923489,Emergency,2022-07-20,Penicillin,Abnormal,5,2022,7
79,Female,A-,Diabetes,2020-07-13,Jeffrey Rocha,Carlson PLC,Medicare,28587.87456376204,Urgent,2020-08-04,Aspirin,Normal,22,2020,7
55,Female,A+,Arthritis,2023-01-03,Kaitlyn Case MD,"James and Hernandez, Kennedy",Cigna,26090.71817025513,Elective,2023-01-13,Lipitor,Inconclusive,10,2023,1
63,Female,AB-,Cancer,2024-01-21,Anthony Reese,Estes-Palmer,Aetna,42017.3349783399,Emergency,2024-02-15,Paracetamol,Inconclusive,25,2024,1
41,Male,B-,Diabetes,2022-07-14,Alan Mcfarland,"Sharp Mcintosh, Rivera and",Blue Cross,14087.778872197076,Elective,2022-07-22,Paracetamol,Abnormal,8,2022,7
74,Male,AB-,Cancer,2021-12-16,Lynn Sanchez DVM,Baxter-Taylor,UnitedHealthcare,45854.957961338754,Emergency,2022-01-06,Ibuprofen,Inconclusive,21,2021,12
24,Female,AB+,Arthritis,2019-09-12,Claire Leonard,Morales-Perez,Aetna,21342.013116320537,Elective,2019-10-03,Paracetamol,Inconclusive,21,2019,9
60,Male,B+,Arthritis,2019-07-05,Eric Stark,"and Richardson, Johnson Ellison",UnitedHealthcare,36110.37899856483,Urgent,2019-07-21,Lipitor,Normal,16,2019,7
80,Female,O-,Obesity,2022-07-03,Adrian Nelson,Hutchinson LLC,Blue Cross,39641.62668714582,Elective,2022-07-18,Ibuprofen,Normal,15,2022,7
36,Female,B-,Arthritis,2019-12-16,Karen Young,PLC Howe,Cigna,10410.036264902352,Elective,2019-12-27,Paracetamol,Abnormal,11,2019,12
83,Female,AB+,Diabetes,2023-04-24,Denise Johnson,Wise LLC,Medicare,45344.76170969504,Emergency,2023-05-18,Paracetamol,Abnormal,24,2023,4
46,Male,B+,Cancer,2022-08-22,Katie Brooks,"and Tanner Ramsey Price,",Blue Cross,30309.402492480564,Emergency,2022-08-27,Paracetamol,Inconclusive,5,2022,8
24,Female,O+,Cancer,2021-09-14,William Wilcox,Torres Group,Aetna,1431.338984411707,Emergency,2021-09-25,Ibuprofen,Inconclusive,11,2021,9
41,Male,A-,Obesity,2019-07-03,Victoria Hopkins,Martin PLC,Blue Cross,24395.862107626497,Elective,2019-07-29,Paracetamol,Inconclusive,26,2019,7
38,Male,O-,Arthritis,2021-03-16,Mrs. Amanda Hunter MD,"Anderson Morse, Torres and",UnitedHealthcare,48661.67813099252,Emergency,2021-03-30,Paracetamol,Normal,14,2021,3
47,Male,O-,Arthritis,2024-04-05,Marissa Swanson,Jones Group,Cigna,40168.57943912296,Emergency,2024-05-03,Ibuprofen,Normal,28,2024,4
41,Male,O-,Obesity,2024-01-24,Richard Holland,"and Leonard Brown George,",Blue Cross,42266.146713566566,Emergency,2024-02-21,Ibuprofen,Abnormal,28,2024,1
61,Female,AB+,Diabetes,2021-08-28,Steven Jones,Morse-Jones,Cigna,23966.430982417187,Emergency,2021-09-06,Ibuprofen,Inconclusive,9,2021,8
34,Female,A+,Diabetes,2019-05-12,Christina Fowler,Todd PLC,UnitedHealthcare,3143.649085884457,Elective,2019-05-26,Paracetamol,Abnormal,14,2019,5
61,Female,B+,Obesity,2021-11-01,Jerry Brown,"Smith Morgan and Hawkins,",Medicare,28773.751616819714,Urgent,2021-11-28,Lipitor,Normal,27,2021,11
33,Female,A+,Arthritis,2024-03-02,Devin Williams,"and Shaffer Williams Leon,",UnitedHealthcare,43558.7670527172,Elective,2024-03-31,Aspirin,Abnormal,29,2024,3
20,Male,A+,Asthma,2019-09-17,Laura Baker,"and Evans, Franklin Huffman",Cigna,36778.6460552387,Urgent,2019-09-29,Penicillin,Normal,12,2019,9
50,Female,AB+,Cancer,2019-06-05,Brenda Webb,Collins-Fox,Cigna,7014.958786120271,Urgent,2019-06-17,Ibuprofen,Inconclusive,12,2019,6
73,Male,B-,Arthritis,2023-04-15,Madison Wilkinson,Smith LLC,Aetna,26988.09723034654,Elective,2023-05-11,Penicillin,Abnormal,26,2023,4
46,Male,B-,Arthritis,2021-05-11,Steven Larson,"Pace and Hughes Phillips,",Aetna,3302.5621129496585,Elective,2021-05-16,Paracetamol,Normal,5,2021,5
62,Female,A+,Obesity,2019-10-26,Sheila Bowen,"Smith, and White Mcintyre",Medicare,22557.479320772945,Urgent,2019-11-02,Paracetamol,Normal,7,2019,10
45,Male,A+,Obesity,2022-03-13,Penny Snyder,Powell LLC,Aetna,4276.680282503274,Urgent,2022-03-15,Lipitor,Normal,2,2022,3
81,Female,A+,Asthma,2022-01-29,Heather Green,"Hunt, Johnson and Walton",Blue Cross,16761.231590912605,Elective,2022-02-17,Lipitor,Inconclusive,19,2022,1
44,Female,A+,Diabetes,2022-06-03,Brent Acevedo,Fox-Matthews,Aetna,39918.89915044128,Urgent,2022-06-09,Lipitor,Inconclusive,6,2022,6
44,Female,B-,Diabetes,2023-02-03,Karen Yoder,"Phillips, Green Hunt and",Cigna,6055.807395940376,Urgent,2023-02-13,Aspirin,Inconclusive,10,2023,2
72,Male,AB+,Cancer,2020-03-05,James Espinoza,"Harper Jackson Jordan, and",UnitedHealthcare,38005.43352898776,Elective,2020-03-28,Paracetamol,Normal,23,2020,3
30,Female,A+,Arthritis,2021-01-01,Stephanie Mitchell,Ltd Hernandez,Blue Cross,25842.38579176277,Elective,2021-01-24,Lipitor,Inconclusive,23,2021,1
63,Female,A-,Cancer,2022-09-16,Patrick Smith,"Boyd, Gamble and Cruz",Cigna,17600.49403598346,Elective,2022-09-30,Aspirin,Normal,14,2022,9
69,Female,AB+,Obesity,2019-07-07,Darren Yang,"Castro and Smith, Brown",Aetna,22021.19707827701,Emergency,2019-08-01,Ibuprofen,Normal,25,2019,7
76,Female,O+,Obesity,2019-06-17,Erica Stanton,Carney-Brown,Blue Cross,43850.027995165736,Urgent,2019-07-03,Penicillin,Inconclusive,16,2019,6
22,Female,O-,Obesity,2020-04-26,Curtis Mcclain,Davis-Carroll,UnitedHealthcare,16033.98299508111,Emergency,2020-05-03,Paracetamol,Inconclusive,7,2020,4
51,Female,AB+,Arthritis,2021-11-30,Amy Reyes,"Rodriguez Moore Simmons, and",UnitedHealthcare,17480.84259676137,Urgent,2021-12-23,Paracetamol,Abnormal,23,2021,11
71,Male,A-,Diabetes,2023-06-21,Jessica Diaz,"Cummings Becker, Lam and",UnitedHealthcare,6436.23098557065,Elective,2023-07-02,Paracetamol,Normal,11,2023,6
40,Male,B+,Arthritis,2021-06-16,Crystal Lucas,Watson-Marshall,Blue Cross,16146.828626975155,Urgent,2021-07-12,Lipitor,Abnormal,26,2021,6
42,Female,B+,Arthritis,2019-05-22,Angelica Lopez,Lamb-Brown,Cigna,4836.027337501089,Elective,2019-06-17,Ibuprofen,Normal,26,2019,5
37,Female,O+,Obesity,2023-08-19,Rachel Gibson,"and Arellano, Caldwell Mathis",Medicare,16696.43493891873,Emergency,2023-09-04,Penicillin,Abnormal,16,2023,8
43,Male,B-,Cancer,2019-07-06,Jared Nichols,Santana Sons and,Aetna,43348.85927995698,Urgent,2019-07-15,Penicillin,Inconclusive,9,2019,7
64,Female,B+,Hypertension,2023-11-17,Jonathan Zuniga MD,Hart Group,UnitedHealthcare,37123.48005103366,Emergency,2023-11-23,Penicillin,Normal,6,2023,11
22,Female,O+,Obesity,2020-10-14,Jennifer Ruiz,Thomas LLC,Medicare,32455.475597587065,Elective,2020-10-16,Penicillin,Abnormal,2,2020,10
84,Male,O+,Cancer,2019-10-15,Kevin Evans,Alexander-Gallagher,Cigna,42050.69408496628,Urgent,2019-11-12,Ibuprofen,Abnormal,28,2019,10
19,Female,B-,Diabetes,2019-10-05,Stephanie Williams,"Riley, Walker and Mercado",Blue Cross,14715.622764543155,Emergency,2019-10-17,Ibuprofen,Abnormal,12,2019,10
41,Male,B+,Cancer,2022-02-10,Jeremy Hernandez,"and Vance Berry Hernandez,",Medicare,1121.8857376652218,Elective,2022-03-12,Penicillin,Normal,30,2022,2
67,Female,B+,Arthritis,2019-10-22,Kathryn Smith,Diaz-Walters,Blue Cross,40561.738471500255,Emergency,2019-11-02,Penicillin,Inconclusive,11,2019,10
78,Female,O+,Diabetes,2020-08-19,Veronica Mcdonald,"Wilson, and Davis Wolfe",Cigna,48326.52465118884,Emergency,2020-08-21,Lipitor,Inconclusive,2,2020,8
41,Male,O-,Arthritis,2022-08-24,Jade Burton,"Brown, Marshall and Neal",Medicare,37157.74298271299,Urgent,2022-08-27,Ibuprofen,Inconclusive,3,2022,8
39,Male,O+,Cancer,2019-11-06,Judith Reid,Butler Ltd,UnitedHealthcare,41131.89224758103,Urgent,2019-11-30,Lipitor,Inconclusive,24,2019,11
59,Female,AB-,Arthritis,2024-03-15,Edward Barton,Garrett PLC,UnitedHealthcare,31917.4215183005,Emergency,2024-03-29,Penicillin,Inconclusive,14,2024,3
84,Female,AB+,Diabetes,2019-10-15,Donna Mcknight,"Watson, and Santiago Davidson",UnitedHealthcare,48876.46543627381,Urgent,2019-11-06,Ibuprofen,Normal,22,2019,10
26,Male,B-,Hypertension,2021-10-19,Brittney Morris,Durham PLC,UnitedHealthcare,28339.107143715504,Urgent,2021-10-21,Paracetamol,Normal,2,2021,10
20,Male,AB+,Diabetes,2021-12-19,Tamara Moore,Guerrero-Hall,Aetna,30707.62106805456,Emergency,2022-01-10,Ibuprofen,Inconclusive,22,2021,12
57,Male,O+,Asthma,2021-12-24,Matthew Duffy,Rodriguez-Wyatt,UnitedHealthcare,43022.00861676979,Urgent,2021-12-27,Lipitor,Normal,3,2021,12
46,Male,AB-,Diabetes,2022-10-16,Brandon Glenn,Jackson-Fuller,Blue Cross,13250.47509627604,Emergency,2022-10-17,Penicillin,Normal,1,2022,10
60,Female,B+,Obesity,2020-12-03,William Howe,Bennett-King,Medicare,25976.32128966064,Elective,2020-12-04,Ibuprofen,Normal,1,2020,12
73,Female,AB-,Diabetes,2022-12-27,Kevin Knapp,"and Lewis Cohen, Buck",UnitedHealthcare,34955.08037880918,Elective,2023-01-05,Paracetamol,Abnormal,9,2022,12
20,Male,AB-,Hypertension,2023-03-12,Amy Shannon,Inc Cruz,Blue Cross,29657.53765742852,Elective,2023-03-19,Ibuprofen,Inconclusive,7,2023,3
47,Male,B+,Hypertension,2021-04-24,John Freeman,"Wiggins Pacheco, and Vasquez",Blue Cross,24179.521880539527,Elective,2021-05-01,Lipitor,Inconclusive,7,2021,4
61,Male,B-,Obesity,2020-11-06,Chad Hicks,Mckinney-Wells,Blue Cross,7547.027984205289,Emergency,2020-12-03,Penicillin,Abnormal,27,2020,11
44,Male,O-,Arthritis,2023-07-23,Leslie Shannon,Group Kelly,UnitedHealthcare,39408.30378862366,Urgent,2023-07-28,Penicillin,Inconclusive,5,2023,7
35,Female,B-,Obesity,2019-06-25,Lisa Johnson,Group Garcia,Cigna,37625.88972925189,Elective,2019-07-18,Lipitor,Abnormal,23,2019,6
18,Female,AB+,Hypertension,2023-10-14,Robert Bowen,Morales-Erickson,UnitedHealthcare,34002.18276970809,Elective,2023-11-10,Ibuprofen,Normal,27,2023,10
52,Female,AB-,Obesity,2020-01-03,Joel Gardner,Williamson and Sons,Medicare,36891.00432370743,Elective,2020-02-02,Ibuprofen,Abnormal,30,2020,1
80,Male,B+,Obesity,2021-02-27,Julie Moore,Evans-Contreras,Aetna,15417.68278938105,Emergency,2021-03-04,Aspirin,Abnormal,5,2021,2
30,Female,B-,Obesity,2024-02-11,George Yates,Benjamin-Becker,Medicare,40000.62939358717,Emergency,2024-02-24,Penicillin,Inconclusive,13,2024,2
36,Male,AB+,Diabetes,2020-06-10,Fernando Gonzalez,"Taylor, Bush and Campos",Aetna,14055.91757343826,Elective,2020-06-12,Penicillin,Abnormal,2,2020,6
26,Female,A+,Cancer,2019-10-10,Katherine Johnson,"Burke Cain, Price and",UnitedHealthcare,6476.419808737048,Elective,2019-10-23,Ibuprofen,Abnormal,13,2019,10
48,Female,A-,Hypertension,2020-01-31,Aaron Wood,Knight PLC,UnitedHealthcare,45671.88457031606,Emergency,2020-02-06,Penicillin,Inconclusive,6,2020,1
58,Female,O+,Diabetes,2023-03-25,Taylor Clark,"Coleman Morris Terry, and",Medicare,4102.56745218451,Urgent,2023-04-19,Ibuprofen,Normal,25,2023,3
82,Male,B+,Hypertension,2024-01-06,Kara Flores,Sons Kim and,Aetna,21983.452710305814,Emergency,2024-02-01,Penicillin,Inconclusive,26,2024,1
77,Female,B-,Diabetes,2021-11-15,Teresa Dennis,"Watson, Rose Smith and",Cigna,28926.190460873728,Elective,2021-12-03,Lipitor,Abnormal,18,2021,11
51,Female,AB+,Arthritis,2023-05-04,Hannah Turner,"Glass Johnson and Perez,",Blue Cross,25979.016342887226,Elective,2023-05-20,Aspirin,Normal,16,2023,5
20,Male,O+,Diabetes,2021-03-06,Samuel Cochran,Thornton-Pierce,Cigna,43327.13267264539,Elective,2021-03-21,Paracetamol,Normal,15,2021,3
78,Male,O-,Cancer,2023-12-11,Candice Wong,"Boyer Perez Wilson, and",Medicare,50935.83296485568,Emergency,2023-12-25,Ibuprofen,Abnormal,14,2023,12
63,Female,AB-,Arthritis,2022-07-29,Jerry Campbell,"and Sanchez Gonzales Bray,",UnitedHealthcare,48251.130389425394,Elective,2022-08-26,Lipitor,Normal,28,2022,7
37,Female,B+,Diabetes,2021-07-21,Brandy Phillips MD,"and Moore Tate, Hooper",UnitedHealthcare,49489.37793381486,Emergency,2021-07-22,Paracetamol,Normal,1,2021,7
49,Female,AB-,Obesity,2022-11-21,Sylvia Bell,Cole-West,Blue Cross,3184.182299170041,Elective,2022-11-23,Lipitor,Inconclusive,2,2022,11
20,Female,O+,Cancer,2023-11-24,Sharon Campos,"and Dennis, Stanley Meadows",Aetna,39665.853016592126,Urgent,2023-12-21,Lipitor,Normal,27,2023,11
36,Male,A+,Arthritis,2021-07-21,Clinton Johnson,and Weiss Sons,UnitedHealthcare,10627.690774458832,Emergency,2021-08-11,Ibuprofen,Normal,21,2021,7
52,Female,B+,Arthritis,2023-12-05,Amanda Bradley,Gross PLC,Cigna,36888.7117930672,Emergency,2023-12-29,Ibuprofen,Abnormal,24,2023,12
41,Male,A-,Diabetes,2024-03-24,Nicole Brown,Weaver-Robinson,Cigna,40540.65092657389,Urgent,2024-04-08,Lipitor,Abnormal,15,2024,3
83,Male,O+,Asthma,2024-03-26,Jennifer Kim,"Torres and Brock, Watson",UnitedHealthcare,21109.656454393084,Elective,2024-04-19,Paracetamol,Normal,24,2024,3
68,Female,AB+,Arthritis,2022-06-10,Mrs. Laura Hendrix DDS,"Hernandez, Adams Barnett and",Blue Cross,7743.7456145029955,Emergency,2022-06-19,Ibuprofen,Normal,9,2022,6
85,Female,AB-,Cancer,2021-03-07,Michelle Sullivan,Williams-Todd,Aetna,40047.87235036573,Elective,2021-03-13,Penicillin,Inconclusive,6,2021,3
18,Male,AB-,Hypertension,2019-09-20,Robin Esparza,Barnes-Ruiz,UnitedHealthcare,37880.4726237242,Emergency,2019-10-07,Aspirin,Normal,17,2019,9
76,Male,O+,Cancer,2020-12-06,Eric Gould,Washington-Stanley,Cigna,35675.22331518931,Urgent,2020-12-29,Paracetamol,Abnormal,23,2020,12
53,Female,B+,Asthma,2023-08-28,Jeanette Sanchez,Taylor-Price,Medicare,22552.00839944338,Elective,2023-09-08,Lipitor,Normal,11,2023,8
32,Female,O+,Obesity,2019-05-22,Douglas Mccoy,Morrison-Weber,UnitedHealthcare,46783.39525617996,Emergency,2019-05-31,Penicillin,Abnormal,9,2019,5
63,Female,B+,Obesity,2022-09-22,Stephen Becker,Inc Evans,Cigna,27068.89262236872,Elective,2022-10-07,Lipitor,Inconclusive,15,2022,9
50,Female,B-,Asthma,2022-05-29,Jacob Hall,Sullivan-Guzman,Aetna,4551.660738596926,Emergency,2022-06-28,Penicillin,Inconclusive,30,2022,5
25,Male,AB-,Cancer,2022-08-11,Amanda Lawson,Lee-Guzman,UnitedHealthcare,42182.644959204,Elective,2022-09-01,Penicillin,Abnormal,21,2022,8
70,Male,O+,Obesity,2021-07-23,Margaret Robinson,Carson Group,Blue Cross,5334.278174827629,Elective,2021-07-28,Penicillin,Abnormal,5,2021,7
77,Male,AB+,Cancer,2021-12-28,Emily Schneider,Vang Ltd,Medicare,32997.26607136544,Urgent,2022-01-26,Penicillin,Abnormal,29,2021,12
48,Male,B+,Hypertension,2019-06-09,Pamela Zamora,Jensen-Monroe,UnitedHealthcare,41321.310847353394,Elective,2019-06-29,Aspirin,Abnormal,20,2019,6
63,Male,AB-,Arthritis,2020-06-21,Tyler Merritt,Moore Ltd,Blue Cross,48320.8279620228,Emergency,2020-06-27,Aspirin,Inconclusive,6,2020,6
50,Female,B-,Hypertension,2020-04-30,Troy Morales,Owens Ltd,Blue Cross,31594.655748121382,Emergency,2020-05-29,Aspirin,Normal,29,2020,4
21,Male,B+,Diabetes,2024-01-01,Christopher Cross,Anderson-Fowler,Cigna,4821.251141979334,Urgent,2024-01-11,Ibuprofen,Inconclusive,10,2024,1
35,Female,A-,Diabetes,2022-09-18,Anthony Serrano,Parker PLC,Medicare,12770.799450069308,Urgent,2022-10-10,Lipitor,Abnormal,22,2022,9
69,Male,A+,Hypertension,2022-05-17,Nicole Russell,Williams-Duran,Cigna,19520.02266915396,Elective,2022-06-05,Lipitor,Normal,19,2022,5
79,Female,B+,Asthma,2019-08-03,Philip Owens,Group Cooper,Medicare,28865.63131311438,Elective,2019-08-06,Paracetamol,Abnormal,3,2019,8
37,Male,B+,Obesity,2021-06-27,Patricia Davis,PLC Rich,UnitedHealthcare,45253.84957200156,Urgent,2021-06-28,Aspirin,Abnormal,1,2021,6
56,Female,AB+,Obesity,2023-06-12,Kimberly King,Sons and Rose,Medicare,34592.32085820822,Elective,2023-06-21,Lipitor,Abnormal,9,2023,6
26,Female,A+,Obesity,2020-12-02,Zachary West,"Rodriguez Rivera, Murphy and",Blue Cross,24493.67251189384,Urgent,2020-12-16,Ibuprofen,Abnormal,14,2020,12
71,Male,O-,Obesity,2023-06-26,John Morgan,Anderson-Forbes,Cigna,49032.2661965836,Elective,2023-07-16,Aspirin,Normal,20,2023,6
27,Male,O+,Diabetes,2022-12-03,Sarah Lopez,"Edwards, Robinson and West",Blue Cross,42039.86679560414,Urgent,2022-12-22,Ibuprofen,Inconclusive,19,2022,12
38,Female,A-,Asthma,2020-08-03,Thomas Collins,Cruz PLC,Medicare,19403.477731720333,Urgent,2020-08-15,Aspirin,Normal,12,2020,8
65,Female,B+,Diabetes,2021-04-04,David Miller,Winters Group,Cigna,36073.760826164624,Elective,2021-04-25,Paracetamol,Abnormal,21,2021,4
64,Female,A+,Arthritis,2019-05-15,Brandon Rodriguez,PLC Macdonald,Aetna,15017.723117730196,Urgent,2019-05-26,Aspirin,Inconclusive,11,2019,5
34,Female,AB+,Cancer,2020-09-18,Cynthia Harrell,"Davis, Morris Richardson and",UnitedHealthcare,28087.83931920878,Elective,2020-10-08,Paracetamol,Abnormal,20,2020,9
20,Female,B+,Obesity,2021-03-18,John Frank,Jones PLC,Aetna,48108.05622395625,Emergency,2021-04-11,Paracetamol,Abnormal,24,2021,3
80,Female,O+,Cancer,2020-02-14,Abigail Lopez,Kerr-Young,Aetna,14511.544878284592,Urgent,2020-03-13,Aspirin,Inconclusive,28,2020,2
80,Female,B+,Asthma,2023-05-15,Barbara Lopez,"Cantrell Herring, and Moreno",Blue Cross,2207.501340328173,Emergency,2023-06-06,Penicillin,Normal,22,2023,5
45,Female,B+,Obesity,2020-05-17,Michael Sanchez,Elliott-Howell,Blue Cross,9374.034552779196,Urgent,2020-06-05,Ibuprofen,Abnormal,19,2020,5
23,Male,B-,Diabetes,2019-12-14,Emily Brown,LLC Hernandez,Aetna,45284.44571827722,Emergency,2020-01-05,Lipitor,Normal,22,2019,12
39,Female,O-,Cancer,2019-07-22,Hannah Mitchell,"and Hill Collins, Navarro",Blue Cross,5097.338755842036,Elective,2019-08-21,Penicillin,Inconclusive,30,2019,7
50,Female,B-,Arthritis,2023-09-10,Michelle Johns,"and Baker, Anderson Powell",Cigna,10730.443432798436,Urgent,2023-09-26,Lipitor,Normal,16,2023,9
83,Male,A+,Obesity,2019-07-31,Paula Hood,Group Foster,UnitedHealthcare,3726.345679763073,Emergency,2019-08-11,Paracetamol,Abnormal,11,2019,7
80,Male,A+,Diabetes,2022-08-20,Sarah Gillespie,"Armstrong, and Clayton Nguyen",Cigna,11157.507682215512,Urgent,2022-08-25,Lipitor,Normal,5,2022,8
81,Male,O+,Obesity,2022-10-10,Kevin Munoz,Ltd Ramirez,Medicare,5984.18525923989,Elective,2022-11-03,Ibuprofen,Abnormal,24,2022,10
61,Female,B-,Asthma,2024-03-02,Abigail King,"Mills, Johnson Wilson and",Medicare,23253.398970019367,Emergency,2024-03-09,Aspirin,Abnormal,7,2024,3
26,Male,AB+,Cancer,2021-06-15,Mary Medina,"Neal, and Hernandez Casey",UnitedHealthcare,21873.16193627565,Emergency,2021-06-18,Penicillin,Abnormal,3,2021,6
38,Female,A-,Asthma,2022-03-07,Todd Sullivan,Clark-Cameron,Blue Cross,30420.01196864465,Elective,2022-03-31,Aspirin,Abnormal,24,2022,3
39,Female,AB-,Obesity,2020-03-06,Nicole Frost,"George Jones, and Walters",UnitedHealthcare,16631.20437341651,Elective,2020-03-29,Ibuprofen,Abnormal,23,2020,3
59,Female,AB-,Cancer,2021-09-06,Rachel Baker,Sexton-Wilson,Blue Cross,30539.446021340544,Emergency,2021-09-17,Lipitor,Abnormal,11,2021,9
49,Male,A-,Diabetes,2024-02-21,Ryan Fisher,"Henderson Campbell Sanchez, and",Cigna,2019.1180882027315,Emergency,2024-02-26,Aspirin,Normal,5,2024,2
79,Female,O-,Hypertension,2021-08-06,William Thompson,PLC Long,Cigna,49919.23317507617,Emergency,2021-08-14,Ibuprofen,Abnormal,8,2021,8
62,Female,A+,Obesity,2022-06-24,Cheryl Espinoza,"Watson, Chambers Peck and",Blue Cross,10460.755870347284,Emergency,2022-07-05,Aspirin,Inconclusive,11,2022,6
59,Male,B+,Arthritis,2021-02-03,Michael Burns,and Martinez Sons,Blue Cross,39484.66210107186,Emergency,2021-03-03,Aspirin,Abnormal,28,2021,2
38,Female,B-,Arthritis,2019-07-09,Tracy Gibson,"and Sherman Mack, Wallace",Aetna,10763.795568368972,Elective,2019-07-30,Ibuprofen,Abnormal,21,2019,7
71,Female,O-,Diabetes,2022-09-24,Edwin Holmes,Crane-Velez,Medicare,19914.92246671985,Urgent,2022-10-16,Ibuprofen,Abnormal,22,2022,9
32,Female,O+,Hypertension,2021-05-22,Michael Turner,Willis Group,Cigna,8554.327888377858,Emergency,2021-06-01,Penicillin,Inconclusive,10,2021,5
49,Male,B+,Hypertension,2023-06-10,Michael Reeves,"Gonzalez, James and Davis",Medicare,15326.607878682373,Elective,2023-07-01,Aspirin,Normal,21,2023,6
78,Female,A-,Hypertension,2022-07-01,Deborah Scott,Evans-Martinez,Aetna,33360.494026810644,Elective,2022-07-14,Paracetamol,Abnormal,13,2022,7
71,Male,B+,Hypertension,2024-03-30,Mark White,"Olsen Edwards, and Williams",Medicare,44175.60668675551,Elective,2024-04-05,Penicillin,Normal,6,2024,3
23,Female,AB-,Hypertension,2019-09-14,Robert Cook,Kim-Skinner,UnitedHealthcare,11766.77148506115,Elective,2019-09-29,Aspirin,Normal,15,2019,9
81,Female,B+,Cancer,2021-08-12,Randy Lyons,Miller-Williams,UnitedHealthcare,36713.07670059747,Emergency,2021-08-18,Aspirin,Abnormal,6,2021,8
83,Male,A+,Arthritis,2020-08-06,Haley Middleton,Taylor-Waller,Medicare,5114.976946309902,Elective,2020-08-24,Aspirin,Abnormal,18,2020,8
45,Female,AB-,Asthma,2024-03-01,Tammy Smith,Vazquez-Smith,Medicare,2495.739151982556,Urgent,2024-03-26,Ibuprofen,Inconclusive,25,2024,3
30,Male,B-,Arthritis,2022-04-14,Aaron Webb,Mason-Carroll,Cigna,32687.103337684526,Elective,2022-04-27,Ibuprofen,Abnormal,13,2022,4
69,Female,O+,Obesity,2019-07-28,Curtis Mueller,LLC Archer,Medicare,4424.901440090037,Urgent,2019-08-06,Penicillin,Abnormal,9,2019,7
81,Female,A-,Hypertension,2023-07-27,Louis Adams,Wiley PLC,Aetna,33788.6684495455,Elective,2023-08-22,Lipitor,Inconclusive,26,2023,7
24,Female,AB+,Arthritis,2023-08-10,Laura Williams,"Cochran Stevens, and Kaufman",Blue Cross,31908.740935377184,Elective,2023-08-24,Paracetamol,Inconclusive,14,2023,8
50,Male,A-,Cancer,2022-03-02,Ashley Mendoza,LLC Wong,UnitedHealthcare,34325.24003837843,Elective,2022-03-22,Aspirin,Normal,20,2022,3
54,Female,A+,Diabetes,2022-08-28,Laura Smith,Bailey and Sons,Blue Cross,4279.6706555518285,Emergency,2022-09-10,Lipitor,Normal,13,2022,8
45,Female,A+,Hypertension,2020-05-29,Brandi Baker,"and Levine, Rodriguez Boone",UnitedHealthcare,8903.16133435706,Emergency,2020-06-25,Lipitor,Normal,27,2020,5
81,Male,AB+,Diabetes,2023-07-21,Shannon Case,and Adams Sons,Aetna,6061.4615940864405,Elective,2023-08-12,Aspirin,Normal,22,2023,7
50,Female,A+,Hypertension,2020-09-26,Megan Wilson,and Sons Bernard,Medicare,5025.76026655532,Elective,2020-10-10,Aspirin,Inconclusive,14,2020,9
58,Male,O-,Cancer,2024-04-09,Derek Rogers,Lee-Tate,Cigna,24841.36770032361,Urgent,2024-04-19,Penicillin,Inconclusive,10,2024,4
39,Male,A+,Obesity,2021-10-04,Elizabeth Hebert,LLC Garcia,Aetna,37607.16259091408,Emergency,2021-10-07,Ibuprofen,Normal,3,2021,10
37,Female,O-,Hypertension,2020-04-28,David Ramirez,"and Salinas, Harris Ray",UnitedHealthcare,25855.21801414215,Emergency,2020-05-10,Paracetamol,Inconclusive,12,2020,4
46,Female,O+,Cancer,2023-07-09,Steven Young,Vazquez-Perry,Blue Cross,30330.447193145137,Elective,2023-08-08,Penicillin,Inconclusive,30,2023,7
27,Male,AB+,Hypertension,2021-05-05,Kathy Gonzalez PhD,LLC Stein,UnitedHealthcare,9290.259027789834,Elective,2021-05-27,Penicillin,Abnormal,22,2021,5
79,Male,AB-,Diabetes,2021-03-29,Rachel Ramirez,Floyd-Anderson,Blue Cross,39947.22350027424,Elective,2021-04-01,Paracetamol,Normal,3,2021,3
32,Male,O+,Asthma,2020-05-12,John Anderson,LLC Taylor,Medicare,31077.794467111227,Urgent,2020-06-02,Lipitor,Inconclusive,21,2020,5
61,Female,A+,Cancer,2021-06-18,Philip Jackson,Horton PLC,Blue Cross,12195.291620518135,Emergency,2021-07-07,Ibuprofen,Normal,19,2021,6
58,Female,A+,Hypertension,2023-03-09,Julie Morris,"Savage, and Schwartz Lane",UnitedHealthcare,40081.19848313844,Elective,2023-03-13,Lipitor,Normal,4,2023,3
23,Male,A+,Cancer,2020-11-18,Morgan Miller,"Harding Jenkins, and Mcneil",Aetna,42423.59920849732,Elective,2020-11-26,Lipitor,Inconclusive,8,2020,11
46,Female,A+,Cancer,2020-12-09,Brittney Nash,"Levine Arnold, Bauer and",Cigna,27101.90930345761,Emergency,2021-01-03,Penicillin,Normal,25,2020,12
52,Male,A-,Cancer,2022-01-16,Sara Stevenson,Wells Group,Aetna,37147.27341048215,Urgent,2022-02-05,Ibuprofen,Abnormal,20,2022,1
52,Male,O-,Diabetes,2023-11-17,Kristin Koch,Garrett-Anderson,Aetna,26253.821713006662,Urgent,2023-11-29,Lipitor,Abnormal,12,2023,11
38,Female,B+,Arthritis,2019-06-19,Roger Grant,"Ward and Goodman, Wade",Medicare,36815.27350033189,Elective,2019-06-24,Lipitor,Abnormal,5,2019,6
77,Male,AB+,Hypertension,2019-12-13,Carol Kelly,Rice-Gregory,UnitedHealthcare,6245.722916630137,Urgent,2020-01-09,Penicillin,Inconclusive,27,2019,12
44,Female,AB-,Hypertension,2020-01-08,Monica Adams,"and Palmer Castro, Cabrera",Medicare,19905.41437330784,Elective,2020-01-30,Paracetamol,Inconclusive,22,2020,1
64,Male,A+,Diabetes,2020-04-12,Rebecca Cole,Ltd Manning,UnitedHealthcare,9531.755577693097,Emergency,2020-04-15,Penicillin,Abnormal,3,2020,4
64,Female,B-,Arthritis,2022-11-03,Jessica Barnes,PLC Singh,Aetna,49047.9923829998,Urgent,2022-11-12,Aspirin,Abnormal,9,2022,11
77,Male,A-,Hypertension,2019-06-07,Martin Bond,"Ashley and Diaz, Cameron",Medicare,41138.42690844028,Emergency,2019-07-03,Paracetamol,Abnormal,26,2019,6
19,Male,A+,Cancer,2020-10-17,Christopher Hill,Hughes-Houston,UnitedHealthcare,17091.776908107135,Urgent,2020-10-25,Aspirin,Normal,8,2020,10
28,Female,O+,Cancer,2020-08-07,Christina Garcia,Roy-Sandoval,Cigna,45982.18083541473,Emergency,2020-08-11,Paracetamol,Normal,4,2020,8
42,Male,B-,Hypertension,2020-12-07,Willie Smith,PLC Jenkins,Blue Cross,8250.154975961927,Urgent,2021-01-04,Paracetamol,Normal,28,2020,12
30,Male,A-,Hypertension,2021-05-18,Julie Hall,"Obrien and George, Miller",Cigna,40030.55170071154,Urgent,2021-06-14,Ibuprofen,Normal,27,2021,5
44,Female,B+,Arthritis,2023-04-14,Brittany Archer,Brennan-Brown,Aetna,9690.864485561524,Emergency,2023-04-18,Paracetamol,Inconclusive,4,2023,4
66,Male,A-,Diabetes,2022-02-08,Kevin White,"Goodman Johnson, Gray and",Medicare,37257.54529185452,Urgent,2022-03-06,Aspirin,Abnormal,26,2022,2
41,Female,O+,Obesity,2023-03-01,Jason Butler,"and Harper Mcdonald, Sullivan",Blue Cross,26404.84324539782,Emergency,2023-03-07,Lipitor,Abnormal,6,2023,3
72,Female,O+,Hypertension,2023-01-26,Emma Flores,Gallagher-Bradley,Aetna,22705.174071204023,Urgent,2023-01-29,Aspirin,Abnormal,3,2023,1
76,Male,AB-,Hypertension,2024-02-13,Francis Ryan,"Proctor and Smith Sellers,",Medicare,2620.551706244289,Urgent,2024-03-06,Penicillin,Normal,22,2024,2
36,Male,O+,Cancer,2022-12-31,Darrell Stewart,"Hughes Fry, Villarreal and",Aetna,10594.449711136393,Emergency,2023-01-26,Paracetamol,Abnormal,26,2022,12
28,Male,B-,Arthritis,2021-06-07,Matthew Little,Davis Sons and,UnitedHealthcare,16565.63034376076,Elective,2021-07-04,Aspirin,Inconclusive,27,2021,6
64,Male,A+,Hypertension,2022-05-30,Jordan Johnson,Sons Wilkerson and,Aetna,34541.14012102993,Elective,2022-06-14,Aspirin,Abnormal,15,2022,5
42,Male,AB-,Cancer,2021-11-02,Harold Cross,Young-Pennington,Cigna,9185.701142253616,Elective,2021-11-15,Paracetamol,Abnormal,13,2021,11
33,Female,O+,Arthritis,2021-12-30,William Rivas,Foster-Jackson,Aetna,37820.56586463244,Urgent,2022-01-29,Aspirin,Normal,30,2021,12
30,Male,A+,Asthma,2021-08-04,Heather Wilkerson,PLC Quinn,Blue Cross,24159.03953188006,Emergency,2021-08-26,Penicillin,Abnormal,22,2021,8
56,Female,A+,Arthritis,2021-08-15,Jose Solis,Shelton-Coleman,UnitedHealthcare,27310.18118825526,Emergency,2021-08-19,Ibuprofen,Abnormal,4,2021,8
70,Female,AB-,Obesity,2020-05-06,Scott Larson,Holden-Jimenez,UnitedHealthcare,13568.107745451483,Emergency,2020-05-29,Paracetamol,Abnormal,23,2020,5
78,Male,A-,Hypertension,2022-07-30,Ronnie Berg,Ward-Nelson,Blue Cross,6880.141188109095,Urgent,2022-08-20,Penicillin,Inconclusive,21,2022,7
32,Female,O+,Arthritis,2021-10-06,Douglas Rocha DDS,Watkins-Carter,UnitedHealthcare,40921.20077486854,Urgent,2021-10-11,Aspirin,Abnormal,5,2021,10
58,Male,B+,Asthma,2021-01-20,John Bennett,Garcia-Butler,Blue Cross,11795.877066606066,Urgent,2021-02-03,Aspirin,Abnormal,14,2021,1
21,Male,O-,Hypertension,2020-02-17,Mary Powers,LLC Mcdowell,Medicare,44738.815877760135,Emergency,2020-03-12,Paracetamol,Normal,24,2020,2
41,Female,O-,Asthma,2023-11-09,Curtis Terry,Group Walters,Aetna,40375.40258319607,Urgent,2023-12-09,Paracetamol,Inconclusive,30,2023,11
68,Male,O+,Diabetes,2021-11-09,Jonathan Stewart,Smith Group,Blue Cross,27315.60026362753,Emergency,2021-11-21,Penicillin,Abnormal,12,2021,11
21,Female,A-,Arthritis,2020-02-10,David Meyer,Randall-Boyd,Cigna,34231.824427206375,Emergency,2020-02-11,Penicillin,Normal,1,2020,2
22,Female,O+,Hypertension,2023-02-17,Brandon Phillips,Hawkins Ltd,Blue Cross,33341.54775564709,Elective,2023-03-13,Paracetamol,Abnormal,24,2023,2
85,Female,AB+,Diabetes,2023-06-05,Robert Hancock,Riddle-Henry,Medicare,10212.538706648163,Urgent,2023-06-13,Ibuprofen,Inconclusive,8,2023,6
42,Male,AB+,Obesity,2019-12-11,Tyler Day,"Kemp, and Jimenez Evans",Medicare,13811.69860127114,Urgent,2020-01-08,Paracetamol,Abnormal,28,2019,12
74,Male,B+,Asthma,2021-04-11,Destiny Wong,Group Stokes,Aetna,36525.56316650735,Urgent,2021-04-18,Lipitor,Abnormal,7,2021,4
78,Female,O-,Obesity,2021-07-12,Beth Adams,Stephens-Contreras,Blue Cross,10391.07005771562,Emergency,2021-07-19,Aspirin,Normal,7,2021,7
32,Female,O+,Obesity,2023-12-29,Craig Harris,Thomas LLC,Blue Cross,39813.92227179051,Elective,2024-01-22,Aspirin,Normal,24,2023,12
81,Male,A+,Obesity,2021-04-15,Alexander Villarreal,Robertson-Jones,Blue Cross,4287.398720030183,Elective,2021-05-02,Penicillin,Normal,17,2021,4
27,Male,B-,Asthma,2020-11-19,Andrew Davis,Walker LLC,UnitedHealthcare,18938.181072468527,Elective,2020-11-28,Paracetamol,Normal,9,2020,11
36,Female,AB+,Diabetes,2023-02-05,Erin Galvan,"and Martin Johnson, Ochoa",Cigna,3646.434164161375,Emergency,2023-02-20,Lipitor,Inconclusive,15,2023,2
40,Female,A-,Arthritis,2024-01-21,Charles Wood,Cole LLC,Aetna,35358.35137902398,Emergency,2024-01-29,Lipitor,Abnormal,8,2024,1
50,Female,O+,Asthma,2024-02-18,Carlos Marshall,"Griffin, and Dickerson Scott",Aetna,12492.991733466371,Urgent,2024-03-02,Aspirin,Inconclusive,13,2024,2
69,Female,AB+,Diabetes,2021-07-16,Olivia Smith,"Barnes Kennedy Thomas, and",Aetna,14495.671202508844,Urgent,2021-07-27,Penicillin,Abnormal,11,2021,7
81,Female,A-,Obesity,2022-11-18,Cody Bryan,Hancock-Hernandez,Cigna,38502.18207195292,Elective,2022-12-02,Penicillin,Normal,14,2022,11
48,Male,B+,Arthritis,2019-05-28,Rachel Daniel,Ltd Moore,UnitedHealthcare,18907.335317867404,Elective,2019-06-05,Penicillin,Normal,8,2019,5
32,Female,O-,Cancer,2022-05-05,Shannon Leonard,Adams-Mcgrath,Aetna,9478.332331598753,Emergency,2022-05-11,Penicillin,Normal,6,2022,5
61,Female,B+,Asthma,2021-06-28,Carla Johnson,"Rivers Poole, Coleman and",Medicare,2239.4126451728434,Emergency,2021-07-25,Aspirin,Abnormal,27,2021,6
77,Female,B+,Hypertension,2021-12-13,Edward White,Galvan-Gross,Aetna,11623.62136695828,Elective,2022-01-11,Lipitor,Abnormal,29,2021,12
27,Male,AB+,Asthma,2021-08-09,Amanda Howard,and Sanchez Sons,Blue Cross,32707.310621997705,Emergency,2021-08-28,Lipitor,Normal,19,2021,8
29,Male,AB-,Asthma,2020-04-26,Andrew Robinson,Wade Sons and,Aetna,29864.5476558583,Urgent,2020-05-10,Lipitor,Inconclusive,14,2020,4
55,Female,AB+,Cancer,2024-04-08,Cole Valdez,"Brown, Jones Hoover and",UnitedHealthcare,38086.777896914326,Emergency,2024-04-25,Penicillin,Abnormal,17,2024,4
82,Female,AB+,Asthma,2021-01-28,Michelle Gardner,"Acevedo and Larson Andrews,",Cigna,34339.761304392174,Urgent,2021-02-16,Penicillin,Abnormal,19,2021,1
81,Female,O-,Cancer,2021-05-30,Sarah Dixon,Group Edwards,Aetna,31004.70189135326,Urgent,2021-06-29,Penicillin,Inconclusive,30,2021,5
73,Male,O-,Asthma,2023-11-17,Kyle Martin,Castillo-Lewis,Cigna,25979.844767527477,Emergency,2023-11-28,Ibuprofen,Normal,11,2023,11
57,Male,O-,Asthma,2021-10-28,Michael White,Jacobson-Potter,Medicare,4284.12869080917,Emergency,2021-11-24,Penicillin,Normal,27,2021,10
35,Female,A-,Arthritis,2023-03-11,Luke Peters,"Boyer Wright, and Diaz",Blue Cross,42557.22136892346,Emergency,2023-04-09,Ibuprofen,Abnormal,29,2023,3
56,Female,A+,Diabetes,2021-07-20,Jesse Pennington,"Golden, and Morgan Green",UnitedHealthcare,49132.53813306478,Emergency,2021-08-05,Ibuprofen,Normal,16,2021,7
41,Female,O+,Cancer,2022-10-05,Emily Stewart,Hodges-Parker,Blue Cross,47873.43269280615,Emergency,2022-10-19,Ibuprofen,Abnormal,14,2022,10
54,Female,O+,Asthma,2023-03-14,Stephanie Bass,Horton-Roberts,Blue Cross,18325.94277530279,Emergency,2023-03-26,Paracetamol,Inconclusive,12,2023,3
81,Male,A+,Hypertension,2023-01-18,Kayla Romero,Ltd Preston,Cigna,10520.815909986157,Emergency,2023-02-16,Paracetamol,Inconclusive,29,2023,1
71,Female,AB+,Asthma,2024-03-31,Rebecca Carroll,"and Howard Schroeder Williams,",UnitedHealthcare,19263.863877896496,Urgent,2024-04-19,Lipitor,Normal,19,2024,3
73,Female,O-,Asthma,2020-06-26,Christopher Robinson,"and Garcia, Martinez Mason",Cigna,38068.71846321117,Urgent,2020-07-07,Lipitor,Normal,11,2020,6
81,Female,B-,Cancer,2023-04-14,Randall Kelly,"Sanders, Peterson Thomas and",UnitedHealthcare,21904.07025003988,Elective,2023-04-23,Penicillin,Abnormal,9,2023,4
69,Male,AB-,Obesity,2023-01-05,Erin Kim,"Bird, and Jacobson Dorsey",Cigna,36148.53788340128,Elective,2023-02-04,Aspirin,Abnormal,30,2023,1
55,Female,B+,Arthritis,2020-02-21,Michael Mclaughlin,Group Bartlett,Cigna,4806.353121808894,Elective,2020-03-08,Ibuprofen,Abnormal,16,2020,2
68,Male,A-,Arthritis,2021-07-29,Allen Mitchell,Tucker-Clark,Medicare,21860.8618259683,Urgent,2021-08-12,Ibuprofen,Abnormal,14,2021,7
45,Female,AB-,Obesity,2023-11-27,Johnathan Zimmerman,Rodriguez-Levy,UnitedHealthcare,25562.62048615958,Urgent,2023-12-12,Ibuprofen,Abnormal,15,2023,11
32,Female,A-,Arthritis,2022-06-09,Kelsey Salas,"Williams Smith Perez, and",Aetna,1314.8417410887528,Emergency,2022-06-29,Penicillin,Normal,20,2022,6
71,Male,B-,Obesity,2020-03-29,Carol Watkins,"and Mason Stewart Gardner,",Medicare,30715.8379728645,Elective,2020-04-21,Penicillin,Abnormal,23,2020,3
27,Female,B-,Asthma,2019-07-01,Christopher Mcclure,Gonzalez-Burch,Medicare,10910.98560995216,Urgent,2019-07-24,Penicillin,Inconclusive,23,2019,7
79,Male,AB-,Asthma,2019-09-01,Jeffrey Wall,"and Mccormick, Green Wallace",Cigna,39901.674669792345,Urgent,2019-09-07,Penicillin,Normal,6,2019,9
27,Male,B-,Obesity,2021-12-17,John Maldonado,Moss LLC,Medicare,28748.40400972121,Elective,2021-12-21,Aspirin,Abnormal,4,2021,12
65,Male,AB-,Cancer,2023-11-30,Mark Hamilton,Daniel LLC,Aetna,416.4725758656122,Emergency,2023-12-09,Paracetamol,Normal,9,2023,11
23,Male,A+,Diabetes,2019-11-23,James Houston,"Alvarez Garcia, and Watkins",Blue Cross,39214.32216348669,Urgent,2019-11-26,Penicillin,Inconclusive,3,2019,11
70,Male,B+,Diabetes,2023-12-16,Ryan Mata,LLC Hunter,UnitedHealthcare,14593.637479710997,Emergency,2023-12-20,Ibuprofen,Abnormal,4,2023,12
82,Female,O+,Hypertension,2023-09-26,Amanda Hart MD,"Stafford Forbes Norris, and",Cigna,9522.654102842976,Elective,2023-10-10,Lipitor,Inconclusive,14,2023,9
66,Male,O-,Hypertension,2022-05-07,Jose Elliott,LLC Boyer,Blue Cross,48908.080837274814,Emergency,2022-05-22,Ibuprofen,Inconclusive,15,2022,5
84,Female,A+,Diabetes,2020-03-05,William Fisher,Inc Hale,Blue Cross,5960.855175745191,Urgent,2020-03-21,Aspirin,Inconclusive,16,2020,3
63,Male,B-,Cancer,2024-03-03,Thomas Odonnell,"Thompson Pratt, Williams and",Blue Cross,35834.81248635597,Elective,2024-03-17,Ibuprofen,Abnormal,14,2024,3
60,Male,B-,Arthritis,2023-02-01,Robin Raymond,Sons and King,Blue Cross,32540.333795081435,Urgent,2023-02-21,Lipitor,Normal,20,2023,2
47,Female,AB-,Diabetes,2021-10-12,Pamela Mendoza,Mcgee-Lynch,UnitedHealthcare,9010.161781770576,Emergency,2021-11-10,Aspirin,Normal,29,2021,10
68,Male,O+,Arthritis,2024-03-16,Michael Deleon,Dunn-Figueroa,Medicare,8824.970092099122,Urgent,2024-04-09,Paracetamol,Normal,24,2024,3
61,Female,A-,Asthma,2023-09-18,Andrew Johnson,Ltd Black,Blue Cross,1939.216575051172,Elective,2023-10-06,Ibuprofen,Normal,18,2023,9
42,Female,B+,Diabetes,2019-11-30,Taylor Weeks,"Davis and Taylor, Higgins",Cigna,17481.577549521084,Urgent,2019-12-14,Aspirin,Normal,14,2019,11
34,Male,B-,Hypertension,2020-07-07,Jordan Wolfe,Gibson LLC,Aetna,21654.64814140736,Urgent,2020-07-31,Penicillin,Normal,24,2020,7
22,Female,A+,Asthma,2023-10-06,Jason Thomas,"and Lyons, Washington Horne",Cigna,19052.94558108329,Elective,2023-10-27,Paracetamol,Normal,21,2023,10
66,Male,O-,Cancer,2022-06-28,Paul Brewer,Morgan-Ryan,Aetna,29675.172344565963,Urgent,2022-07-21,Paracetamol,Abnormal,23,2022,6
59,Male,A-,Asthma,2022-04-14,James Leblanc,"Ford King Henry, and",Cigna,13757.424445548108,Urgent,2022-04-28,Ibuprofen,Inconclusive,14,2022,4
59,Male,AB+,Hypertension,2020-10-28,Scott Rios,"and Fields, Garcia Marshall",Cigna,5606.318257888702,Emergency,2020-11-05,Paracetamol,Abnormal,8,2020,10
78,Male,B+,Asthma,2024-01-11,Kimberly Morse,"Walker, Silva Tran and",Medicare,38286.04023463631,Urgent,2024-01-26,Penicillin,Normal,15,2024,1
57,Female,A+,Arthritis,2019-08-22,Kimberly Jackson,and Griffith Sons,Medicare,19196.658863594414,Urgent,2019-09-01,Ibuprofen,Abnormal,10,2019,8
76,Male,A-,Diabetes,2020-07-12,Tammy David,"and Welch Montes, Hayes",Cigna,1969.2789369045504,Emergency,2020-07-30,Paracetamol,Abnormal,18,2020,7
64,Female,B+,Cancer,2023-12-28,Jessica Nixon,"and Green Powell, Wood",Medicare,26692.681227942587,Urgent,2024-01-16,Penicillin,Abnormal,19,2023,12
42,Male,AB+,Diabetes,2023-08-08,Monica Anderson,"Anderson, Fisher Skinner and",Cigna,43758.83907027589,Urgent,2023-08-20,Paracetamol,Normal,12,2023,8
60,Male,A-,Hypertension,2023-04-05,Catherine Cook,"Morales Castro and Rodriguez,",Cigna,41607.30558569613,Elective,2023-04-25,Penicillin,Normal,20,2023,4
19,Female,O-,Arthritis,2020-09-09,Jessica Martin,"Allison Strong and Nixon,",Cigna,4812.023314971754,Elective,2020-09-27,Ibuprofen,Abnormal,18,2020,9
64,Female,B+,Hypertension,2022-07-13,Carolyn Arnold,"Sanchez, Nelson and Riddle",Medicare,6353.430103082402,Elective,2022-07-21,Aspirin,Inconclusive,8,2022,7
75,Male,AB-,Hypertension,2022-03-21,Christopher Garcia,Porter-Morris,Cigna,10807.49374733658,Urgent,2022-04-11,Ibuprofen,Abnormal,21,2022,3
73,Male,B+,Diabetes,2020-09-18,Lori Christensen,Bryan-Brown,UnitedHealthcare,33656.37572194535,Elective,2020-10-10,Paracetamol,Normal,22,2020,9
56,Female,O+,Hypertension,2019-05-28,Jon Thompson,"and Mendoza Banks, Moore",Aetna,37683.3818572676,Elective,2019-05-31,Paracetamol,Inconclusive,3,2019,5
32,Female,O-,Asthma,2022-11-11,William Payne III,"Love and Mitchell, Powers",Cigna,44500.07537495037,Urgent,2022-11-16,Lipitor,Abnormal,5,2022,11
25,Male,AB-,Diabetes,2023-07-11,Gabriela Bryant,"Osborn, Gill and Cervantes",UnitedHealthcare,11409.732525342051,Urgent,2023-07-25,Lipitor,Abnormal,14,2023,7
21,Female,A+,Hypertension,2019-09-01,Tommy Kennedy,Meza-Martin,Blue Cross,16331.84377207699,Elective,2019-09-11,Lipitor,Abnormal,10,2019,9
37,Female,O+,Cancer,2022-05-18,John Watson,Hays-Bennett,Aetna,37127.18067039661,Emergency,2022-06-10,Paracetamol,Normal,23,2022,5
82,Male,O-,Obesity,2019-12-10,Judy Holloway,Perez-Pitts,UnitedHealthcare,47590.48681291202,Elective,2020-01-07,Lipitor,Normal,28,2019,12
77,Male,AB-,Asthma,2023-04-04,Stephanie Munoz,Lopez-Miller,Blue Cross,42016.659945318366,Elective,2023-04-12,Paracetamol,Abnormal,8,2023,4
57,Male,O+,Asthma,2021-10-31,Susan Dixon,"and Moyer Holden Bishop,",Cigna,19292.272644495493,Elective,2021-11-01,Lipitor,Inconclusive,1,2021,10
76,Male,O-,Arthritis,2024-01-15,Mallory Montgomery,"Hill, Hancock and Mills",Aetna,11309.95184327507,Urgent,2024-01-24,Paracetamol,Inconclusive,9,2024,1
70,Female,B+,Arthritis,2024-01-30,Gail Lewis,"Crawford Alvarez and Johnson,",UnitedHealthcare,37916.98182265655,Emergency,2024-02-29,Aspirin,Inconclusive,30,2024,1
23,Female,O+,Diabetes,2022-01-25,Elizabeth Sawyer,Roy-Johnson,Blue Cross,24099.62128304089,Urgent,2022-01-29,Ibuprofen,Abnormal,4,2022,1
33,Female,AB+,Hypertension,2022-11-27,Bradley Jones,Inc Sanford,Medicare,18939.16468606723,Emergency,2022-12-05,Lipitor,Inconclusive,8,2022,11
19,Male,O-,Diabetes,2023-06-19,Brian Ho,Martin Ltd,UnitedHealthcare,48109.1211612142,Elective,2023-07-05,Penicillin,Abnormal,16,2023,6
69,Female,AB+,Diabetes,2022-04-08,William Rich MD,"Mayer and Gardner Nolan,",Aetna,16024.14457126704,Elective,2022-04-25,Lipitor,Abnormal,17,2022,4
83,Female,O-,Diabetes,2023-03-21,April Fisher,Freeman and Sons,Blue Cross,25023.02357692785,Emergency,2023-04-12,Ibuprofen,Abnormal,22,2023,3
20,Female,B+,Asthma,2019-11-04,Penny Mason,"and Serrano Walker Hudson,",Aetna,19119.572410121244,Elective,2019-11-18,Ibuprofen,Abnormal,14,2019,11
19,Male,B-,Diabetes,2020-09-11,James Hill,Jones Inc,Medicare,36786.41959492881,Emergency,2020-09-21,Paracetamol,Abnormal,10,2020,9
22,Female,O-,Asthma,2022-05-04,Yvette Baldwin,"Strickland, and Jenkins Jackson",Aetna,25297.71561299364,Emergency,2022-05-25,Lipitor,Normal,21,2022,5
61,Male,O-,Hypertension,2022-06-16,Brian Ortiz,Hayes-Foster,Cigna,29384.975266732195,Urgent,2022-07-06,Penicillin,Normal,20,2022,6
46,Male,B-,Hypertension,2020-05-29,Craig Bradford,Barton-Sanchez,Aetna,46826.695677586446,Elective,2020-06-28,Aspirin,Abnormal,30,2020,5
83,Male,AB+,Diabetes,2019-05-20,Cynthia Dixon,Warren-Davidson,UnitedHealthcare,9420.027215215352,Urgent,2019-06-07,Aspirin,Abnormal,18,2019,5
69,Male,O+,Arthritis,2020-07-09,Cynthia Camacho,Johnson-Hill,Aetna,28740.756042628767,Emergency,2020-07-31,Lipitor,Inconclusive,22,2020,7
20,Female,A-,Hypertension,2023-05-02,Robert Vaughn,Group Ayala,Blue Cross,42706.04796908966,Urgent,2023-05-05,Aspirin,Abnormal,3,2023,5
55,Female,O-,Arthritis,2020-06-30,Justin Santana,"Johnson Norris Leonard, and",Medicare,5583.222158185549,Emergency,2020-07-10,Penicillin,Normal,10,2020,6
43,Female,O+,Cancer,2019-10-20,Stephen Escobar,"Cunningham, Larsen Alexander and",Aetna,11604.271808616211,Emergency,2019-10-27,Lipitor,Normal,7,2019,10
28,Male,A-,Arthritis,2022-01-18,Elizabeth Griffith,Reed-Bailey,Blue Cross,10387.552110068898,Urgent,2022-01-25,Penicillin,Inconclusive,7,2022,1
40,Male,O-,Asthma,2022-10-19,Jo Reyes,West-Roberts,Blue Cross,5679.668357305392,Emergency,2022-11-07,Ibuprofen,Normal,19,2022,10
18,Male,A-,Diabetes,2019-07-23,Richard Camacho,"and Walker Caldwell, Dunlap",Aetna,49937.03950780907,Emergency,2019-08-18,Ibuprofen,Normal,26,2019,7
53,Male,O-,Arthritis,2022-05-01,Joseph Nash,White-Martinez,Cigna,23623.57639017075,Urgent,2022-05-07,Penicillin,Inconclusive,6,2022,5
58,Male,O+,Diabetes,2022-03-13,Donald Hood,Jenkins-Nash,Medicare,9476.844212269254,Emergency,2022-03-30,Aspirin,Normal,17,2022,3
29,Male,A+,Asthma,2023-04-06,Elizabeth Hicks,Ltd King,Medicare,17717.174524288304,Elective,2023-04-07,Ibuprofen,Abnormal,1,2023,4
22,Female,B-,Hypertension,2021-09-14,Paul Villegas,PLC Woods,Medicare,5357.690990074192,Elective,2021-09-24,Ibuprofen,Inconclusive,10,2021,9
77,Female,A-,Arthritis,2023-09-18,Brian Pacheco,"Jones Williams Walker, and",Blue Cross,38200.29186803123,Urgent,2023-10-05,Ibuprofen,Abnormal,17,2023,9
81,Female,B+,Cancer,2019-09-10,Laura Lyons,Nichols-Mann,Aetna,20491.85956109685,Elective,2019-09-22,Ibuprofen,Abnormal,12,2019,9
62,Male,O+,Cancer,2024-04-20,Robert Page,LLC Ward,Blue Cross,43758.13798297908,Elective,2024-05-04,Aspirin,Normal,14,2024,4
74,Male,O-,Obesity,2024-02-26,Robert Washington,"Odom, Griffith and Scott",UnitedHealthcare,31931.13141534207,Elective,2024-03-01,Paracetamol,Normal,4,2024,2
57,Male,O-,Hypertension,2020-12-09,Martha Skinner,"and Lambert Pope, Snow",Cigna,39885.8838765178,Urgent,2020-12-19,Paracetamol,Abnormal,10,2020,12
54,Female,B-,Arthritis,2024-03-28,Sherry Navarro,Harris-Benitez,Blue Cross,43720.59285686168,Urgent,2024-03-30,Aspirin,Normal,2,2024,3
74,Male,A-,Hypertension,2023-07-31,Tina Johnston,"Moore Watson Day, and",UnitedHealthcare,18145.242210942783,Emergency,2023-08-11,Lipitor,Inconclusive,11,2023,7
49,Male,AB-,Asthma,2019-12-24,Sharon Martinez,Silva-Taylor,Aetna,23112.05784529047,Emergency,2020-01-18,Ibuprofen,Abnormal,25,2019,12
32,Male,B-,Asthma,2021-09-13,Nathan Gross,Sons Mcmillan and,Blue Cross,23319.285782995048,Urgent,2021-09-19,Penicillin,Normal,6,2021,9
39,Male,AB+,Hypertension,2023-10-10,Randy Gibbs,Payne LLC,Aetna,5700.027472869531,Elective,2023-10-27,Lipitor,Normal,17,2023,10
57,Male,O+,Obesity,2023-12-01,Anthony Lam,Ltd Long,Medicare,19476.478217260224,Urgent,2023-12-02,Ibuprofen,Abnormal,1,2023,12
62,Male,AB+,Obesity,2023-10-31,Ann Hall,Robles-Reynolds,Blue Cross,14262.035511775322,Emergency,2023-11-04,Paracetamol,Abnormal,4,2023,10
69,Female,O-,Asthma,2020-11-07,Amber Pittman,and Sons Villanueva,UnitedHealthcare,3931.2121549115295,Emergency,2020-12-04,Penicillin,Abnormal,27,2020,11
29,Female,AB+,Diabetes,2022-08-25,Christopher Williams,Benton-Reyes,Aetna,46854.33897457741,Urgent,2022-09-24,Lipitor,Abnormal,30,2022,8
67,Male,B+,Diabetes,2020-04-26,Jennifer Knight,Ltd Jackson,Medicare,17043.370950945937,Emergency,2020-05-18,Lipitor,Abnormal,22,2020,4
54,Male,B+,Obesity,2021-02-03,Chase Bauer,Pineda Group,Cigna,15290.05656225187,Elective,2021-02-06,Lipitor,Abnormal,3,2021,2
85,Male,O-,Cancer,2020-03-22,Colin Bowman,Nelson-Contreras,Medicare,39346.73138959788,Elective,2020-04-11,Penicillin,Abnormal,20,2020,3
43,Female,B+,Cancer,2022-08-30,Katie Foster,Schroeder-Williams,Cigna,21579.061832232608,Elective,2022-09-12,Paracetamol,Normal,13,2022,8
23,Male,A+,Arthritis,2021-03-28,Ashley Sparks,Watson-Davenport,Aetna,12200.3988359772,Emergency,2021-04-17,Lipitor,Inconclusive,20,2021,3
82,Female,A-,Diabetes,2024-01-20,Kristin Brown,"and Wall Carpenter Bishop,",Blue Cross,1682.5248722477452,Emergency,2024-02-16,Penicillin,Inconclusive,27,2024,1
35,Female,AB+,Cancer,2021-10-18,Gregory Vincent,"Shaw Allen and Gray,",Blue Cross,27285.917502699893,Emergency,2021-11-02,Lipitor,Inconclusive,15,2021,10
60,Male,O-,Obesity,2024-04-26,David Jones,PLC Curtis,UnitedHealthcare,10240.716559153796,Emergency,2024-05-18,Ibuprofen,Abnormal,22,2024,4
83,Female,O-,Asthma,2019-12-02,Danielle Charles,Quinn LLC,Aetna,26242.989145867723,Emergency,2019-12-31,Penicillin,Inconclusive,29,2019,12
81,Male,A-,Hypertension,2020-01-04,Ashley Johnson,Bailey LLC,Blue Cross,12261.126563676453,Emergency,2020-01-05,Lipitor,Abnormal,1,2020,1
53,Female,B-,Cancer,2021-11-26,Chad Miller,Thomas-Carter,Cigna,43638.86467940565,Emergency,2021-12-05,Lipitor,Abnormal,9,2021,11
46,Female,A-,Obesity,2021-05-21,Tony Rodriguez,Inc Freeman,UnitedHealthcare,22641.2818890738,Emergency,2021-06-01,Penicillin,Normal,11,2021,5
53,Female,O-,Arthritis,2022-11-01,Jose Kaufman,Ross Group,Blue Cross,15260.30262991715,Urgent,2022-11-15,Paracetamol,Inconclusive,14,2022,11
65,Female,O+,Hypertension,2022-04-26,Melody Morris,Ltd Skinner,Cigna,10371.042107943384,Urgent,2022-05-21,Lipitor,Abnormal,25,2022,4
84,Female,O+,Cancer,2024-02-12,Carla Barry,Washington-Lambert,Cigna,23667.765314836844,Elective,2024-02-14,Ibuprofen,Inconclusive,2,2024,2
40,Female,AB+,Obesity,2020-10-08,Joan Holloway,Inc Cunningham,Cigna,33698.085034157506,Emergency,2020-10-11,Ibuprofen,Abnormal,3,2020,10
72,Male,O-,Obesity,2023-03-10,Tammy Ewing,Levine PLC,Cigna,33461.96488396955,Elective,2023-04-02,Paracetamol,Abnormal,23,2023,3
81,Female,B-,Arthritis,2020-12-08,Mark Lopez,"Fuller and Hardy Jackson,",Medicare,43972.0351229004,Urgent,2021-01-05,Penicillin,Abnormal,28,2020,12
37,Male,B+,Arthritis,2020-02-22,Angela Strong,Johnson Inc,Medicare,46267.68428339603,Emergency,2020-03-01,Lipitor,Normal,8,2020,2
23,Male,AB+,Cancer,2020-06-07,Becky Watson,Berg-Robertson,Blue Cross,46603.10278432033,Urgent,2020-06-27,Penicillin,Abnormal,20,2020,6
79,Male,O+,Asthma,2021-01-03,James Cook,Gilmore-Mills,Medicare,10626.348202548212,Emergency,2021-01-06,Lipitor,Normal,3,2021,1
50,Male,AB+,Diabetes,2024-03-05,Christopher Murray,PLC Cox,UnitedHealthcare,17549.393334252243,Urgent,2024-03-15,Penicillin,Inconclusive,10,2024,3
55,Female,AB+,Diabetes,2019-07-22,Carl Carter,LLC Barry,UnitedHealthcare,16486.250383013867,Emergency,2019-08-17,Lipitor,Normal,26,2019,7
84,Male,B+,Obesity,2020-10-07,Tracie Sanchez,LLC Valentine,UnitedHealthcare,35046.007622605925,Urgent,2020-10-18,Paracetamol,Inconclusive,11,2020,10
48,Female,AB+,Arthritis,2022-03-08,Susan Reed,"Orr, Wheeler and Carroll",Blue Cross,43669.05919768226,Elective,2022-03-22,Lipitor,Inconclusive,14,2022,3
67,Female,A+,Cancer,2024-02-04,Shelby Reyes,"and Giles, Lee Edwards",Cigna,32116.134928102936,Elective,2024-02-20,Paracetamol,Abnormal,16,2024,2
82,Female,AB-,Cancer,2022-10-27,Caleb Miller,Hampton-Ellis,Medicare,17775.434647412352,Elective,2022-11-05,Paracetamol,Normal,9,2022,10
52,Male,O+,Obesity,2023-07-07,Mary Harris,Group Moreno,Blue Cross,2766.7930293817453,Urgent,2023-07-09,Ibuprofen,Normal,2,2023,7
77,Male,O-,Diabetes,2019-11-30,Brett Green,Petersen-Mitchell,UnitedHealthcare,20253.886890590693,Elective,2019-12-13,Lipitor,Abnormal,13,2019,11
64,Male,B-,Arthritis,2020-06-09,Miss Patricia Strickland,PLC Stone,Aetna,20224.072859323664,Emergency,2020-06-15,Paracetamol,Abnormal,6,2020,6
56,Male,B-,Hypertension,2021-04-01,Ian Miller,Mcdaniel-Gilbert,Medicare,17120.53393215179,Urgent,2021-04-28,Ibuprofen,Abnormal,27,2021,4
61,Male,O+,Obesity,2020-11-19,Michael Velazquez MD,Inc Lopez,Blue Cross,12923.267325663215,Urgent,2020-12-19,Aspirin,Inconclusive,30,2020,11
54,Female,AB-,Cancer,2022-08-05,Chad Roberts,"Wilson Pineda, Gilbert and",Blue Cross,38978.56852683327,Elective,2022-09-04,Aspirin,Normal,30,2022,8
52,Male,A+,Hypertension,2022-05-05,James Jimenez,Group Jacobs,Medicare,18562.014482722898,Urgent,2022-06-03,Ibuprofen,Abnormal,29,2022,5
81,Male,B+,Arthritis,2021-08-27,Ashley Wu,"Humphrey Wise, and Bender",Aetna,34578.826056908714,Elective,2021-09-16,Aspirin,Normal,20,2021,8
72,Female,O+,Cancer,2022-06-23,Matthew Thompson,Miller-Brown,Medicare,16642.979063456594,Elective,2022-06-30,Aspirin,Normal,7,2022,6
76,Male,O+,Arthritis,2021-04-15,Kara Sullivan,"Thompson, and Sharp Melendez",Cigna,25931.69193457529,Elective,2021-04-17,Lipitor,Abnormal,2,2021,4
79,Female,B-,Hypertension,2020-04-03,Paul Moses,"Gutierrez Garcia and Garcia,",Blue Cross,33471.861703967705,Emergency,2020-04-30,Paracetamol,Inconclusive,27,2020,4
83,Male,AB+,Cancer,2022-05-01,Tracy Simon,Ltd Hansen,Aetna,26439.09137455733,Elective,2022-05-27,Lipitor,Abnormal,26,2022,5
61,Female,A+,Asthma,2022-01-29,Thomas Thompson,Dorsey-Rodriguez,UnitedHealthcare,12415.004098789184,Elective,2022-02-27,Lipitor,Abnormal,29,2022,1
36,Male,B+,Obesity,2020-10-13,Terri Ferguson,"Gutierrez Farmer Leblanc, and",Blue Cross,20035.509606454714,Elective,2020-11-09,Paracetamol,Abnormal,27,2020,10
19,Male,B-,Hypertension,2019-11-25,James Griffin,Webb-Swanson,Aetna,17258.15495414294,Urgent,2019-12-21,Paracetamol,Normal,26,2019,11
73,Female,AB+,Diabetes,2022-07-10,Richard Howell,Group Hall,Medicare,31990.11589480504,Emergency,2022-07-29,Lipitor,Abnormal,19,2022,7
25,Female,B+,Arthritis,2020-09-15,William Ward,"and Galloway, Hall Dominguez",Aetna,2113.664690416268,Elective,2020-09-27,Ibuprofen,Normal,12,2020,9
27,Male,B+,Diabetes,2024-04-19,Dr. Anthony Jones,Ltd Clark,Medicare,23058.94207998329,Urgent,2024-05-02,Penicillin,Abnormal,13,2024,4
19,Male,AB+,Asthma,2023-03-26,Kevin Kane,Davis PLC,UnitedHealthcare,32368.62569663903,Emergency,2023-03-30,Paracetamol,Normal,4,2023,3
65,Female,O-,Asthma,2020-01-25,James Stout,Baker-Lee,Cigna,30338.104934181167,Elective,2020-02-05,Penicillin,Normal,11,2020,1
56,Female,B+,Obesity,2020-05-22,Amber Adams,Martinez Group,Medicare,44404.89823417829,Urgent,2020-06-14,Penicillin,Normal,23,2020,5
74,Male,B-,Hypertension,2019-12-01,Christopher Jackson,Howell PLC,Aetna,14387.373025467845,Urgent,2019-12-29,Penicillin,Abnormal,28,2019,12
51,Female,A-,Arthritis,2023-05-29,Kathryn Nguyen,"Johnson Bishop, and Russell",Aetna,23086.54966032657,Urgent,2023-05-31,Penicillin,Inconclusive,2,2023,5
25,Male,A-,Cancer,2019-06-01,Rodney Lambert,Sons and Singh,Medicare,39398.31235711333,Emergency,2019-06-17,Penicillin,Normal,16,2019,6
30,Female,AB-,Obesity,2020-09-02,Suzanne Vargas,"Lee Bowman Cooper, and",Aetna,47856.410625640056,Emergency,2020-09-07,Paracetamol,Normal,5,2020,9
47,Female,A-,Cancer,2019-11-19,Anthony Hatfield,"Smith and Shepard, May",Cigna,40605.870464390304,Emergency,2019-12-17,Penicillin,Abnormal,28,2019,11
73,Male,B+,Arthritis,2019-05-09,Melanie George,Johnson-Smith,Aetna,28745.048411652424,Urgent,2019-05-22,Ibuprofen,Normal,13,2019,5
59,Male,A+,Diabetes,2022-05-17,Peter Edwards,Atkinson-Ramirez,Blue Cross,42953.917702914936,Urgent,2022-06-11,Aspirin,Abnormal,25,2022,5
60,Female,B+,Hypertension,2022-01-08,Damon Hodges,"Flores, and Gibson Rodriguez",Cigna,30502.96493077817,Elective,2022-01-22,Aspirin,Inconclusive,14,2022,1
31,Female,AB+,Hypertension,2021-04-15,Jackie Jordan,"Eaton and Jackson, Nunez",Aetna,24937.57780743758,Emergency,2021-05-14,Ibuprofen,Abnormal,29,2021,4
65,Female,A+,Obesity,2022-07-15,Donna Ramirez,"Nichols Murphy and Nelson,",Aetna,8784.843639078734,Emergency,2022-07-19,Ibuprofen,Normal,4,2022,7
48,Female,B-,Asthma,2021-08-27,Erin Brown,"Jacobs Ramos, Jones and",Medicare,48989.47669956572,Elective,2021-09-18,Ibuprofen,Abnormal,22,2021,8
59,Male,AB-,Hypertension,2019-11-20,Devin Russo,Porter-Best,UnitedHealthcare,49378.92963559082,Urgent,2019-12-07,Ibuprofen,Normal,17,2019,11
83,Male,O-,Obesity,2020-10-27,Melissa Ortega,Walters Inc,Cigna,27969.983026469712,Emergency,2020-10-29,Aspirin,Inconclusive,2,2020,10
31,Male,B+,Obesity,2020-09-23,John Greene,"Glass, and Clark Martinez",Medicare,9289.24601768879,Elective,2020-10-17,Ibuprofen,Abnormal,24,2020,9
59,Female,O-,Obesity,2022-05-14,Roy Villa,Ltd Walters,Aetna,3447.98157189458,Emergency,2022-06-06,Penicillin,Inconclusive,23,2022,5
53,Female,AB-,Asthma,2019-09-04,Timothy Farrell,Bell-Jimenez,Blue Cross,17962.890875558278,Urgent,2019-09-30,Penicillin,Normal,26,2019,9
28,Female,AB+,Diabetes,2020-10-16,Michael Gonzalez,Morris-Parrish,Cigna,25674.7353647938,Elective,2020-11-11,Aspirin,Inconclusive,26,2020,10
40,Male,AB+,Hypertension,2021-01-28,Emily Smith,"and Cardenas Miller, Fisher",Medicare,48451.451210005725,Elective,2021-02-09,Aspirin,Inconclusive,12,2021,1
80,Female,AB+,Obesity,2023-10-15,Sydney Weiss,"Mccarty Anderson Galvan, and",Medicare,48551.531561398864,Emergency,2023-10-21,Aspirin,Normal,6,2023,10
51,Male,O+,Arthritis,2019-09-08,Gregory Crawford,Juarez-Torres,UnitedHealthcare,49241.885868303805,Elective,2019-09-20,Paracetamol,Inconclusive,12,2019,9
22,Female,O-,Cancer,2020-12-08,Tamara Travis,Peterson-Cunningham,Blue Cross,10727.132621955316,Elective,2020-12-29,Penicillin,Inconclusive,21,2020,12
44,Female,AB-,Asthma,2024-02-15,Suzanne Reilly,Reynolds-Brandt,UnitedHealthcare,25814.895079226248,Emergency,2024-03-07,Aspirin,Inconclusive,21,2024,2
35,Male,AB-,Obesity,2024-02-10,Ashley Jackson,Griffith-Jones,Aetna,7925.458365248768,Elective,2024-02-16,Penicillin,Inconclusive,6,2024,2
21,Female,AB-,Arthritis,2022-09-01,Melissa Wells,Montoya LLC,Blue Cross,42300.60505433303,Elective,2022-09-06,Aspirin,Abnormal,5,2022,9
71,Female,B+,Arthritis,2022-07-11,Marilyn Chen,"Clarke Hunter and Jones,",UnitedHealthcare,21491.235795808272,Emergency,2022-07-23,Penicillin,Inconclusive,12,2022,7
81,Female,O-,Obesity,2019-05-30,Cody Powell,"Johnson, and Mitchell Lyons",Medicare,42555.61397758447,Emergency,2019-06-19,Ibuprofen,Normal,20,2019,5
56,Female,AB+,Diabetes,2021-08-23,Erica Adkins,Sons Jones and,Blue Cross,31187.975397399885,Urgent,2021-08-27,Aspirin,Inconclusive,4,2021,8
60,Female,O+,Diabetes,2023-03-17,John Webb,"Miller, and Mills Matthews",Blue Cross,12328.186090879542,Urgent,2023-04-01,Ibuprofen,Abnormal,15,2023,3
52,Male,AB+,Asthma,2021-10-29,Stephen Mejia,LLC Brown,UnitedHealthcare,40672.39550453241,Emergency,2021-11-15,Paracetamol,Abnormal,17,2021,10
37,Female,AB-,Obesity,2019-10-13,Mark Buchanan,Group Dean,Blue Cross,46380.23153057596,Emergency,2019-11-05,Paracetamol,Abnormal,23,2019,10
27,Female,AB+,Diabetes,2023-05-15,Denise Vaughn,Young-Johnson,UnitedHealthcare,31867.62241978955,Elective,2023-05-20,Penicillin,Inconclusive,5,2023,5
62,Female,B-,Arthritis,2023-03-25,Christopher Sanders,"Price and Pittman Gibson,",Blue Cross,6280.547224285264,Elective,2023-04-14,Ibuprofen,Normal,20,2023,3
39,Male,O-,Obesity,2020-06-01,Christine Gomez,Taylor Inc,Aetna,20448.062308736044,Emergency,2020-06-16,Penicillin,Abnormal,15,2020,6
50,Female,O-,Asthma,2021-08-19,Debbie Pittman,"Gray Rivera, Moore and",Medicare,11303.810559557916,Emergency,2021-09-08,Paracetamol,Inconclusive,20,2021,8
19,Male,AB+,Hypertension,2020-06-20,Rachel Garner,"Wiggins Gilmore Johnson, and",UnitedHealthcare,29424.04203908927,Urgent,2020-07-10,Ibuprofen,Normal,20,2020,6
33,Female,A+,Arthritis,2019-10-12,Matthew Hawkins,Duran-Hayes,Aetna,31089.034774656942,Emergency,2019-11-05,Ibuprofen,Normal,24,2019,10
74,Male,B-,Hypertension,2020-10-07,Justin Rice,and Sons Sloan,UnitedHealthcare,24757.267513540584,Urgent,2020-11-02,Lipitor,Inconclusive,26,2020,10
18,Female,AB-,Hypertension,2022-06-24,Jason Chandler,"and Walker, Rojas Martin",Blue Cross,41507.898922455686,Urgent,2022-07-18,Ibuprofen,Abnormal,24,2022,6
21,Male,O-,Asthma,2022-12-04,Clinton Hernandez,"Andrade Morrow and Hodge,",Medicare,3057.6090062762423,Urgent,2022-12-17,Paracetamol,Abnormal,13,2022,12
29,Female,A-,Obesity,2022-01-05,Deborah Cole,Gutierrez-Smith,Aetna,46946.87915586571,Emergency,2022-01-14,Lipitor,Inconclusive,9,2022,1
67,Male,O+,Hypertension,2024-01-17,Adam Griffin,Sims LLC,Blue Cross,12410.870624042953,Urgent,2024-01-20,Ibuprofen,Normal,3,2024,1
39,Male,O-,Arthritis,2024-01-28,Erin Bruce,Cross-Stephens,UnitedHealthcare,14075.864918250389,Urgent,2024-02-16,Ibuprofen,Inconclusive,19,2024,1
46,Male,AB+,Asthma,2019-11-16,Elizabeth Kelly,Taylor Ltd,Cigna,38590.73991307055,Elective,2019-12-09,Lipitor,Normal,23,2019,11
22,Female,A+,Cancer,2022-06-02,Christina Grant,"and Bradshaw Miller, Hood",Cigna,7819.988031805626,Elective,2022-06-21,Penicillin,Abnormal,19,2022,6
73,Female,AB-,Hypertension,2024-03-05,Michael Marshall,Hood Sons and,UnitedHealthcare,13075.016371409634,Emergency,2024-04-03,Penicillin,Inconclusive,29,2024,3
29,Female,A-,Cancer,2021-02-24,Tracy Huff,Miller-Shepherd,Aetna,33582.02229958884,Emergency,2021-03-05,Paracetamol,Abnormal,9,2021,2
63,Female,A-,Hypertension,2019-07-26,Jasmin Kelley,Ltd Spencer,Blue Cross,2551.4959859629744,Urgent,2019-08-12,Lipitor,Inconclusive,17,2019,7
39,Male,B+,Arthritis,2020-05-10,Carrie Donovan,"Marshall, and Ewing Torres",UnitedHealthcare,21920.120465909466,Urgent,2020-05-24,Aspirin,Abnormal,14,2020,5
47,Male,O+,Asthma,2019-10-04,Anthony Romero,Thompson Group,Cigna,25273.00083826316,Elective,2019-10-12,Paracetamol,Inconclusive,8,2019,10
46,Female,B+,Hypertension,2022-02-08,Michael Barrett,Booth-Davidson,Aetna,24176.68542563181,Urgent,2022-03-04,Ibuprofen,Inconclusive,24,2022,2
71,Female,AB+,Hypertension,2021-04-30,Leslie Martinez,Davis-Parker,UnitedHealthcare,22122.786310067648,Urgent,2021-05-04,Penicillin,Abnormal,4,2021,4
57,Male,B-,Asthma,2021-01-01,Douglas West,Bradley Ltd,Aetna,12500.853279909768,Elective,2021-01-28,Lipitor,Inconclusive,27,2021,1
42,Male,B-,Hypertension,2023-10-28,John Lane,Salas PLC,Medicare,26876.43912168087,Elective,2023-11-11,Lipitor,Normal,14,2023,10
80,Male,B-,Asthma,2022-07-20,Christopher Pearson,Weber-Livingston,Blue Cross,24493.683712702536,Emergency,2022-08-15,Lipitor,Abnormal,26,2022,7
73,Male,B+,Obesity,2023-03-02,Shannon Porter,"Butler, and Delgado Mcdonald",Blue Cross,16510.628139667002,Emergency,2023-03-24,Penicillin,Normal,22,2023,3
25,Male,AB-,Asthma,2022-10-03,James Mcgrath,Davis-Coleman,Medicare,37945.806346078105,Emergency,2022-10-11,Ibuprofen,Inconclusive,8,2022,10
53,Female,AB-,Hypertension,2022-11-29,Daniel House,"Young Gray and Walker,",UnitedHealthcare,32612.396042541845,Emergency,2022-12-10,Ibuprofen,Abnormal,11,2022,11
61,Female,AB+,Diabetes,2019-07-12,Andrew Hall,Morales-Todd,Cigna,35133.23322298352,Urgent,2019-08-09,Aspirin,Abnormal,28,2019,7
40,Female,B-,Cancer,2019-07-14,Calvin Rivera,Mendoza-Howe,Cigna,30832.299945429124,Elective,2019-07-26,Lipitor,Normal,12,2019,7
22,Male,O-,Asthma,2021-04-29,Willie Stokes,PLC Hill,Aetna,36444.306433244405,Emergency,2021-05-11,Aspirin,Inconclusive,12,2021,4
22,Female,AB+,Diabetes,2020-05-07,Susan Thompson,Group Mccarthy,Medicare,4052.88876337851,Emergency,2020-05-22,Penicillin,Normal,15,2020,5
48,Male,A-,Diabetes,2023-03-02,Gabriel Harrington,"Graves, and Morales Berger",Aetna,48999.9391752008,Urgent,2023-03-13,Aspirin,Abnormal,11,2023,3
83,Male,B-,Arthritis,2021-09-26,Danielle Cox,Cortez-Kramer,Cigna,28447.44004446004,Urgent,2021-10-01,Ibuprofen,Normal,5,2021,9
38,Female,O+,Obesity,2021-03-16,Peter Johnson,Elliott-Gonzalez,Aetna,16275.993424418382,Elective,2021-03-30,Paracetamol,Normal,14,2021,3
65,Male,AB+,Arthritis,2021-01-01,Kevin Fisher,Mcdonald LLC,Blue Cross,48411.11106522568,Emergency,2021-01-29,Aspirin,Normal,28,2021,1
46,Male,B+,Arthritis,2021-05-24,Kimberly Bryan,"Nelson Johnson, Ruiz and",Cigna,9871.90570577872,Elective,2021-06-09,Penicillin,Abnormal,16,2021,5
41,Male,B-,Obesity,2022-01-24,Lori Richardson,"and Wood Rios Graham,",Medicare,32500.139258344127,Elective,2022-02-21,Paracetamol,Normal,28,2022,1
58,Male,B-,Arthritis,2019-05-23,Elaine Eaton,"Brown Harris Underwood, and",Medicare,2690.8151383156764,Urgent,2019-06-04,Penicillin,Inconclusive,12,2019,5
50,Female,O+,Cancer,2024-03-16,Tammy Rose,"Salazar and Robinson, Miller",Cigna,12573.737351526264,Emergency,2024-04-12,Aspirin,Inconclusive,27,2024,3
24,Male,O-,Hypertension,2024-01-06,Christopher Howard,Stewart-Whitaker,UnitedHealthcare,14959.121885337976,Elective,2024-02-03,Lipitor,Abnormal,28,2024,1
37,Female,B-,Cancer,2021-03-18,Travis Rush,Ball-Bell,Medicare,9704.245007660014,Elective,2021-04-03,Lipitor,Abnormal,16,2021,3
84,Female,AB+,Hypertension,2019-07-20,Ashley Allison,"Riley Montgomery Campbell, and",UnitedHealthcare,10445.054777343892,Urgent,2019-08-07,Penicillin,Abnormal,18,2019,7
57,Female,B+,Arthritis,2023-10-17,Brian Vargas,"Huffman Lozano, and Mckenzie",Aetna,37015.18723536557,Emergency,2023-10-18,Ibuprofen,Abnormal,1,2023,10
62,Female,O-,Hypertension,2022-03-12,Catherine Smith,Bryan PLC,Aetna,3034.602070810294,Emergency,2022-03-24,Aspirin,Inconclusive,12,2022,3
80,Male,B+,Asthma,2023-07-11,Sarah Bowen,Pope Group,Blue Cross,24039.919280704034,Urgent,2023-08-10,Lipitor,Abnormal,30,2023,7
44,Male,O+,Diabetes,2021-07-16,Hannah Walker,"Black Mcdaniel and Johnson,",UnitedHealthcare,51214.83435831672,Emergency,2021-07-18,Penicillin,Normal,2,2021,7
40,Male,A+,Obesity,2020-04-15,Joshua Anderson,Krueger Group,Aetna,6119.594467854686,Emergency,2020-05-08,Penicillin,Inconclusive,23,2020,4
66,Male,A+,Arthritis,2020-10-13,Bradley Barnes,Gray-Lewis,Aetna,40715.35044190797,Elective,2020-10-14,Penicillin,Abnormal,1,2020,10
82,Male,A+,Cancer,2023-02-25,Darren Young,Jones LLC,Blue Cross,3804.1076389228624,Elective,2023-03-04,Lipitor,Normal,7,2023,2
21,Male,A+,Arthritis,2020-10-10,Donna Bentley,"Ramirez Johnson, and Brown",Medicare,29934.61227432557,Urgent,2020-11-04,Penicillin,Normal,25,2020,10
72,Male,B+,Cancer,2024-03-10,Alexandra Martin,Carlson LLC,Cigna,38752.188593864295,Emergency,2024-04-02,Penicillin,Normal,23,2024,3
19,Male,B+,Diabetes,2019-09-13,Alan Jones,Pratt Ltd,Aetna,23859.437914849757,Emergency,2019-09-21,Lipitor,Abnormal,8,2019,9
32,Female,A-,Asthma,2019-12-14,Ethan Lyons,Rogers-Meyers,Blue Cross,20791.1917347982,Elective,2020-01-10,Aspirin,Abnormal,27,2019,12
57,Male,O+,Hypertension,2022-05-02,Linda Sanchez,"Bentley and Cooper Davis,",Cigna,28806.95788232844,Elective,2022-05-30,Lipitor,Inconclusive,28,2022,5
64,Male,AB-,Hypertension,2024-04-26,Hannah Jones,"Robinson, Daniels Perez and",UnitedHealthcare,28285.92139459313,Urgent,2024-05-18,Penicillin,Normal,22,2024,4
68,Female,B-,Obesity,2022-04-19,Mark Campbell,Brooks-Smith,Medicare,12118.110774679251,Elective,2022-04-29,Lipitor,Inconclusive,10,2022,4
82,Male,O+,Obesity,2022-08-25,Charles Anderson,Duncan Inc,Medicare,6403.211922534673,Elective,2022-09-18,Paracetamol,Normal,24,2022,8
35,Female,A-,Cancer,2020-08-22,Kimberly Murphy,Holland and Sons,UnitedHealthcare,22732.388557564034,Urgent,2020-09-08,Lipitor,Abnormal,17,2020,8
56,Female,AB-,Diabetes,2020-07-06,Benjamin White DDS,Group Parker,Aetna,18664.589364875163,Urgent,2020-07-31,Aspirin,Normal,25,2020,7
65,Female,AB+,Asthma,2023-01-02,Michael Richardson,"and Mitchell Johnson, Brown",Medicare,16510.551565777972,Urgent,2023-02-01,Penicillin,Abnormal,30,2023,1
54,Male,A-,Cancer,2021-10-22,Logan Davidson,"Dominguez Johnson, Baker and",Cigna,29089.72867388787,Urgent,2021-11-09,Penicillin,Abnormal,18,2021,10
69,Female,B-,Cancer,2021-07-15,Angela Harrington,Miller-Anderson,Cigna,37616.102010123504,Emergency,2021-07-27,Aspirin,Abnormal,12,2021,7
64,Male,O-,Hypertension,2023-07-09,Brenda Brewer,"Merritt, Lopez and Jones",Aetna,30109.925557179,Urgent,2023-08-03,Lipitor,Inconclusive,25,2023,7
22,Male,AB-,Hypertension,2019-11-02,Taylor Novak,Sons and Bailey,Blue Cross,52271.66374715383,Emergency,2019-11-11,Ibuprofen,Normal,9,2019,11
52,Male,B+,Arthritis,2020-10-15,Jonathan Dunn,Group Cook,Aetna,33523.47271949796,Elective,2020-11-10,Ibuprofen,Normal,26,2020,10
54,Male,B-,Asthma,2023-04-21,Mario Jones,"Jones and Evans Carter,",Medicare,41986.88525958172,Emergency,2023-04-25,Lipitor,Normal,4,2023,4
52,Male,AB+,Cancer,2020-09-21,Ashley Hopkins,"Cook, Wall and Smith",Blue Cross,46797.51691811806,Elective,2020-09-22,Paracetamol,Normal,1,2020,9
46,Male,O-,Diabetes,2022-03-13,Kevin Vaughn,"and Cardenas Perry Browning,",Medicare,20950.02245369848,Emergency,2022-04-05,Paracetamol,Normal,23,2022,3
56,Male,A-,Hypertension,2021-12-06,Aaron Roberts,"Johnson, Gordon Walls and",Blue Cross,11718.33959531799,Elective,2021-12-18,Aspirin,Normal,12,2021,12
77,Male,A+,Hypertension,2021-03-16,Mr. Joseph Nelson,"and Massey Pitts Lang,",Medicare,25214.13649521793,Emergency,2021-03-21,Lipitor,Inconclusive,5,2021,3
51,Male,AB+,Hypertension,2021-11-12,Francisco James,"Malone and Hancock, Ryan",Blue Cross,17556.773599786266,Emergency,2021-12-12,Lipitor,Abnormal,30,2021,11
34,Female,AB-,Diabetes,2021-01-16,Katelyn Rodriguez,Poole Ltd,Medicare,44643.023173155416,Emergency,2021-02-07,Penicillin,Inconclusive,22,2021,1
49,Female,AB-,Arthritis,2019-10-25,Nicole Rhodes,"and Hatfield Cobb Clark,",Aetna,5355.412939292033,Elective,2019-10-30,Aspirin,Normal,5,2019,10
24,Female,A-,Diabetes,2022-01-28,Amanda Obrien,Inc Ellis,Aetna,10020.124986480172,Urgent,2022-02-22,Lipitor,Abnormal,25,2022,1
45,Male,AB-,Obesity,2021-06-14,Wesley Williams,"and Steele Miller Butler,",Aetna,6140.310092467232,Urgent,2021-06-19,Paracetamol,Normal,5,2021,6
58,Male,B-,Arthritis,2019-08-08,Lisa Moore,"Cook Jones, and Cunningham",UnitedHealthcare,40905.63136667278,Urgent,2019-08-19,Paracetamol,Inconclusive,11,2019,8
59,Female,O+,Hypertension,2024-04-01,Amanda Dixon,Peterson-Powell,Aetna,51147.72629054291,Elective,2024-04-03,Penicillin,Normal,2,2024,4
58,Male,AB+,Asthma,2022-04-15,Charles Watts,Terry Ltd,Blue Cross,36227.427417866245,Emergency,2022-04-18,Penicillin,Inconclusive,3,2022,4
66,Female,O+,Obesity,2019-06-28,Kristina Montoya,LLC Peterson,Medicare,35356.02792567403,Urgent,2019-07-07,Lipitor,Normal,9,2019,6
70,Female,AB-,Asthma,2022-09-24,Joe Meyer,Ltd Cameron,Blue Cross,20143.942155017587,Emergency,2022-10-09,Penicillin,Inconclusive,15,2022,9
45,Male,B+,Asthma,2023-01-09,Mason Fernandez,PLC Lewis,Blue Cross,13959.296168600891,Elective,2023-02-07,Penicillin,Normal,29,2023,1
77,Male,B-,Arthritis,2024-03-17,Cheryl Gomez,Pugh-Horton,UnitedHealthcare,17323.874474685254,Urgent,2024-04-03,Aspirin,Normal,17,2024,3
19,Female,O-,Obesity,2021-06-05,Alexis Hunter,Woods-Pope,Blue Cross,48795.41105220431,Emergency,2021-06-20,Ibuprofen,Abnormal,15,2021,6
59,Male,AB-,Hypertension,2019-07-13,John Olsen,Stout PLC,UnitedHealthcare,16497.918041068973,Elective,2019-08-06,Penicillin,Normal,24,2019,7
28,Female,B-,Diabetes,2020-06-23,Tammie Boyd,Group Hernandez,Aetna,22250.584806048628,Urgent,2020-07-15,Ibuprofen,Inconclusive,22,2020,6
40,Female,A-,Hypertension,2020-02-03,Jessica Underwood,"and Mays Johnson Daugherty,",Aetna,26036.24644577775,Elective,2020-02-15,Lipitor,Normal,12,2020,2
36,Male,A-,Diabetes,2023-05-06,Bryan Ayala,"Valdez and Navarro York,",Blue Cross,2051.367643743448,Elective,2023-05-15,Paracetamol,Inconclusive,9,2023,5
34,Male,AB+,Asthma,2021-12-26,Tara Wilson,Peck PLC,Cigna,30747.39003912813,Urgent,2022-01-05,Penicillin,Normal,10,2021,12
25,Female,O+,Arthritis,2020-07-21,John Miller,"Miller and Gomez, Gross",Medicare,34924.43913700326,Emergency,2020-08-04,Aspirin,Normal,14,2020,7
77,Male,O-,Diabetes,2019-10-28,Beth Martin,Sandoval Ltd,Medicare,4933.262540894849,Urgent,2019-11-27,Aspirin,Inconclusive,30,2019,10
84,Male,O+,Hypertension,2023-03-29,Mary Mckinney,Ortega-Williamson,Blue Cross,4783.346399270986,Emergency,2023-04-28,Ibuprofen,Abnormal,30,2023,3
52,Female,O+,Cancer,2020-03-07,Anthony Choi,"Doyle, Gonzales and Benjamin",Cigna,41005.7209038074,Emergency,2020-03-21,Aspirin,Normal,14,2020,3
65,Female,B-,Diabetes,2023-12-14,Judy Hall,Ford-Robinson,Cigna,50500.71668866924,Emergency,2023-12-27,Lipitor,Inconclusive,13,2023,12
54,Male,A-,Hypertension,2019-09-09,Sally Hernandez,"and Perez Bell, Wood",Aetna,16051.402601638194,Elective,2019-10-03,Paracetamol,Inconclusive,24,2019,9
67,Female,O-,Asthma,2020-03-08,Lisa Walter,Singh-Reyes,UnitedHealthcare,49596.64697580048,Urgent,2020-04-01,Paracetamol,Normal,24,2020,3
81,Female,AB-,Diabetes,2020-08-21,Allison Gordon,Schultz-Lara,Blue Cross,8032.268363028916,Emergency,2020-09-03,Aspirin,Abnormal,13,2020,8
73,Male,AB+,Cancer,2023-05-27,David Pollard,Ltd Gilbert,Blue Cross,2602.647628156924,Elective,2023-06-02,Ibuprofen,Normal,6,2023,5
50,Female,A-,Diabetes,2023-07-09,William Sullivan,"Little and Lee Perez,",Cigna,15139.523528418082,Emergency,2023-08-04,Ibuprofen,Normal,26,2023,7
42,Female,A-,Asthma,2022-09-23,Jennifer Walker,Thompson-Ryan,Cigna,42178.843634376375,Elective,2022-10-16,Paracetamol,Normal,23,2022,9
57,Male,AB+,Obesity,2020-07-25,Rebecca Schneider,Montoya-Gonzales,UnitedHealthcare,37916.01336202275,Urgent,2020-08-07,Aspirin,Normal,13,2020,7
82,Male,B-,Obesity,2021-12-14,Justin Spencer,"Mckinney and Bryant, Gonzales",Aetna,16962.162015264195,Emergency,2021-12-29,Lipitor,Abnormal,15,2021,12
21,Male,B-,Hypertension,2021-10-04,Jacob Sandoval,Gomez-Hernandez,UnitedHealthcare,35448.63707419615,Emergency,2021-10-09,Paracetamol,Abnormal,5,2021,10
42,Male,A-,Diabetes,2019-06-05,Kevin Jefferson,Perkins-Hines,Medicare,3757.616873570205,Urgent,2019-06-23,Paracetamol,Inconclusive,18,2019,6
72,Male,AB-,Hypertension,2021-03-01,Melissa Jones,Malone-Mitchell,Cigna,48887.31593422624,Urgent,2021-03-13,Penicillin,Inconclusive,12,2021,3
26,Female,O-,Cancer,2023-09-02,Lee Meyers,"Johnson Jones Robertson, and",Cigna,2612.1543741893893,Emergency,2023-09-25,Aspirin,Normal,23,2023,9
23,Male,B-,Diabetes,2020-11-18,Charles Kirby,"Leblanc, Cole Simon and",Cigna,35644.823110435515,Emergency,2020-12-15,Ibuprofen,Normal,27,2020,11
42,Female,AB-,Cancer,2024-03-27,Fred Davies,Gray-Bond,Blue Cross,21288.96523656194,Elective,2024-04-26,Ibuprofen,Normal,30,2024,3
34,Male,AB-,Arthritis,2020-12-22,Samuel Herrera,"Wood Gomez and Davidson,",Aetna,43453.24188118809,Elective,2021-01-11,Paracetamol,Inconclusive,20,2020,12
41,Male,A+,Arthritis,2020-01-23,Alicia Moore,Wilson PLC,Cigna,897.3351291635491,Elective,2020-01-24,Lipitor,Inconclusive,1,2020,1
53,Female,B+,Arthritis,2021-10-19,Angelica Lambert,Johnson-Hardy,UnitedHealthcare,26407.139649571167,Urgent,2021-11-16,Ibuprofen,Abnormal,28,2021,10
58,Male,B+,Obesity,2021-03-23,Wendy Dennis,Sanchez-Cook,Blue Cross,6691.912682535657,Elective,2021-03-26,Penicillin,Normal,3,2021,3
45,Male,AB+,Obesity,2021-04-20,Michael Bowen,Williams-Stuart,Cigna,2188.1533468291304,Emergency,2021-04-26,Penicillin,Normal,6,2021,4
59,Female,A-,Hypertension,2020-11-03,Toni Cuevas,Pierce-Sanchez,Aetna,36896.48090789279,Urgent,2020-11-24,Lipitor,Inconclusive,21,2020,11
56,Male,AB+,Asthma,2022-05-12,Kimberly Lambert,Ferguson-Ortega,Blue Cross,18470.717369730704,Elective,2022-05-24,Paracetamol,Normal,12,2022,5
23,Female,O+,Cancer,2022-01-05,Sarah Reed,Shepard-Mendez,UnitedHealthcare,44198.91390173191,Emergency,2022-01-16,Lipitor,Abnormal,11,2022,1
38,Female,O-,Hypertension,2021-12-13,Danielle Henderson,"and Cunningham Martinez, Jones",Blue Cross,28480.32901664497,Elective,2021-12-30,Lipitor,Inconclusive,17,2021,12
24,Male,O-,Hypertension,2023-12-04,Mr. Jeffrey Rodriguez,Fernandez-Thompson,UnitedHealthcare,34791.673161599305,Emergency,2023-12-29,Ibuprofen,Abnormal,25,2023,12
79,Female,O+,Arthritis,2023-03-15,Melanie Payne,LLC Fuller,Medicare,22961.793061849992,Emergency,2023-03-31,Ibuprofen,Inconclusive,16,2023,3
65,Female,B-,Diabetes,2023-04-05,Donna Wilson,Galvan-Young,Cigna,48146.91501540144,Urgent,2023-04-26,Paracetamol,Normal,21,2023,4
79,Female,AB+,Asthma,2022-09-22,Daniel Smith,Yang-Shaw,Blue Cross,5253.510613591226,Urgent,2022-10-21,Aspirin,Inconclusive,29,2022,9
70,Male,B+,Arthritis,2021-03-12,Amber Richards,Wallace-Davis,Medicare,13178.639811452356,Elective,2021-03-13,Paracetamol,Normal,1,2021,3
50,Female,B-,Asthma,2022-03-17,Ashley Kennedy,"Jackson, and Mitchell Kemp",UnitedHealthcare,29623.45713330601,Urgent,2022-04-16,Aspirin,Inconclusive,30,2022,3
82,Female,B+,Hypertension,2019-12-18,Colton Walker,"Leach, Martinez Taylor and",Cigna,7712.459823680199,Emergency,2020-01-15,Ibuprofen,Inconclusive,28,2019,12
39,Male,O+,Cancer,2021-08-26,Cassandra Silva,Inc Weaver,Blue Cross,21853.813859828995,Urgent,2021-09-13,Ibuprofen,Abnormal,18,2021,8
79,Male,B+,Hypertension,2022-10-08,Christina Garcia,Preston PLC,Medicare,6380.37652405995,Urgent,2022-10-10,Lipitor,Abnormal,2,2022,10
67,Male,O+,Cancer,2024-04-30,Victoria Reed,Marshall PLC,UnitedHealthcare,36056.96473543217,Elective,2024-05-14,Ibuprofen,Abnormal,14,2024,4
73,Female,A+,Hypertension,2019-08-14,Isaac Carrillo,Cunningham Inc,Blue Cross,12990.516457846275,Emergency,2019-09-08,Penicillin,Inconclusive,25,2019,8
33,Female,AB-,Cancer,2021-07-31,Gina Burke,"Figueroa and Stanton Hall,",Cigna,22834.532477093195,Elective,2021-08-01,Lipitor,Normal,1,2021,7
65,Female,O-,Asthma,2021-11-29,Jaime Robbins,"Campbell, Brewer Hunter and",Medicare,37994.77616729503,Emergency,2021-12-22,Penicillin,Abnormal,23,2021,11
37,Female,A+,Obesity,2024-03-01,Billy Snyder,"and Smith Jordan, Rodriguez",Cigna,11978.420595580696,Emergency,2024-03-29,Aspirin,Abnormal,28,2024,3
30,Female,A+,Cancer,2023-06-06,Gregory Rodriguez,Kennedy-Horton,Blue Cross,35927.16196452343,Elective,2023-06-18,Lipitor,Normal,12,2023,6
72,Male,AB-,Asthma,2021-06-21,John Allen,Ltd Green,Aetna,36385.24303039605,Emergency,2021-07-06,Lipitor,Normal,15,2021,6
83,Female,O+,Hypertension,2024-02-18,Brad Cook,"Lopez White, Ross and",Cigna,8814.69322361175,Urgent,2024-03-06,Lipitor,Normal,17,2024,2
75,Male,O+,Arthritis,2019-12-27,Lisa Gonzales,Bell-Lawson,Aetna,1043.4638156170708,Emergency,2020-01-22,Lipitor,Abnormal,26,2019,12
28,Male,B-,Hypertension,2021-03-29,Amber Robertson,Woodard PLC,Blue Cross,33163.348200852066,Emergency,2021-04-13,Penicillin,Inconclusive,15,2021,3
25,Female,B-,Hypertension,2023-11-14,Larry Smith,Stewart-Perez,Medicare,13627.551735351666,Emergency,2023-12-13,Paracetamol,Inconclusive,29,2023,11
62,Male,AB+,Hypertension,2020-05-04,Melissa Chavez,Rodriguez Inc,Aetna,16883.839111313475,Urgent,2020-06-01,Aspirin,Normal,28,2020,5
30,Male,O+,Arthritis,2023-06-26,Sara Wright,Group Young,Cigna,13767.893250209328,Urgent,2023-07-22,Lipitor,Normal,26,2023,6
77,Female,B-,Asthma,2020-11-27,Jessica Schroeder,Willis PLC,Cigna,34758.54565558378,Urgent,2020-12-26,Lipitor,Inconclusive,29,2020,11
54,Female,O+,Hypertension,2022-12-31,Joshua Jensen,Thomas-Evans,Cigna,47283.080249131504,Elective,2023-01-24,Aspirin,Abnormal,24,2022,12
58,Female,A-,Cancer,2021-09-28,Jeremy Thompson,Hernandez-Freeman,Blue Cross,14783.102287224045,Elective,2021-10-17,Ibuprofen,Abnormal,19,2021,9
44,Female,A-,Asthma,2019-08-24,Christine Murphy,Shaw-Bass,Blue Cross,7610.529122080618,Elective,2019-09-16,Paracetamol,Abnormal,23,2019,8
77,Female,AB+,Asthma,2022-12-14,Beth Osborne,Pineda-Johnson,Cigna,45208.58782400116,Urgent,2022-12-16,Lipitor,Normal,2,2022,12
78,Female,O-,Hypertension,2020-04-08,Brandy Orozco,Rasmussen-Yang,Blue Cross,33988.16523131576,Elective,2020-04-28,Ibuprofen,Abnormal,20,2020,4
39,Male,A+,Asthma,2021-11-19,Laura Flowers,Turner-Henson,Cigna,27920.321877557966,Elective,2021-12-08,Ibuprofen,Abnormal,19,2021,11
48,Male,B+,Obesity,2022-07-08,Breanna Mclean,Ponce-Newman,Aetna,8041.540898243607,Urgent,2022-07-19,Paracetamol,Abnormal,11,2022,7
30,Male,B-,Arthritis,2023-11-04,Ashley Jordan,Group Murphy,Cigna,42768.69416669826,Urgent,2023-11-11,Paracetamol,Normal,7,2023,11
27,Female,AB-,Diabetes,2020-04-23,Lauren Mitchell,Cooke-Rodriguez,Blue Cross,33427.81022324786,Urgent,2020-05-12,Ibuprofen,Inconclusive,19,2020,4
62,Male,O-,Diabetes,2019-10-24,Mark Wheeler,Williamson-Arnold,Medicare,31015.06435296391,Emergency,2019-11-03,Aspirin,Normal,10,2019,10
73,Female,A+,Cancer,2024-01-03,William Kelly,Inc Myers,Aetna,44499.03928596907,Emergency,2024-01-15,Aspirin,Inconclusive,12,2024,1
32,Male,A+,Hypertension,2023-10-03,Michelle Koch,Hays-Peters,Medicare,7542.850685547031,Elective,2023-10-13,Aspirin,Normal,10,2023,10
83,Female,O-,Cancer,2019-09-26,Isaac Hudson,LLC Tran,Cigna,33358.16711871226,Urgent,2019-10-21,Paracetamol,Inconclusive,25,2019,9
65,Female,AB+,Hypertension,2022-08-13,Dustin Gardner,"Skinner, Rice Donovan and",UnitedHealthcare,45842.06860695339,Urgent,2022-08-22,Lipitor,Abnormal,9,2022,8
37,Female,AB-,Arthritis,2024-01-06,Linda Hoffman,"and Pennington Carter, Lewis",Blue Cross,16254.52411377495,Urgent,2024-02-01,Ibuprofen,Normal,26,2024,1
34,Male,B+,Cancer,2024-02-19,Kevin Hampton,Young-Johnson,UnitedHealthcare,44954.13124157616,Elective,2024-03-04,Paracetamol,Abnormal,14,2024,2
60,Male,O-,Arthritis,2020-02-09,Benjamin Garner,Sparks-Lopez,Medicare,17811.16705509001,Elective,2020-02-16,Paracetamol,Normal,7,2020,2
32,Female,O+,Cancer,2022-06-11,Victoria Jones,Smith-Cruz,Aetna,3179.642536201733,Elective,2022-06-25,Ibuprofen,Abnormal,14,2022,6
69,Male,B+,Asthma,2020-08-03,Spencer Benson,"Bell and Phillips, Davis",Cigna,1862.358039344913,Urgent,2020-08-29,Paracetamol,Normal,26,2020,8
48,Male,O-,Arthritis,2024-02-25,Joshua Murray,LLC Harrington,Aetna,24995.59378383793,Emergency,2024-03-14,Lipitor,Normal,18,2024,2
77,Male,AB+,Cancer,2023-07-14,Audrey Becker,"and Liu, Thompson Mooney",Cigna,36293.3178934575,Emergency,2023-08-02,Paracetamol,Abnormal,19,2023,7
84,Female,AB+,Hypertension,2022-03-05,Lawrence Green,Pennington-Mann,Medicare,25083.99127625142,Urgent,2022-04-03,Lipitor,Inconclusive,29,2022,3
68,Male,B-,Asthma,2024-01-20,Eric Rowe,Burton-Garcia,Aetna,40521.69880899976,Urgent,2024-01-24,Aspirin,Normal,4,2024,1
24,Female,A+,Cancer,2021-01-22,Sara Rodriguez,Farley-Flores,Medicare,11042.829154366382,Emergency,2021-02-07,Ibuprofen,Abnormal,16,2021,1
25,Male,AB+,Arthritis,2023-04-26,Brandon Lee,Christian-Murray,Medicare,35888.41626907112,Emergency,2023-05-22,Penicillin,Abnormal,26,2023,4
64,Female,O-,Hypertension,2020-12-03,Deanna Campbell,Smith-Reyes,Medicare,13097.897522211675,Urgent,2020-12-08,Ibuprofen,Abnormal,5,2020,12
73,Male,A-,Obesity,2021-05-24,Brooke Wright,Jordan Group,Medicare,47680.138629907095,Urgent,2021-06-17,Paracetamol,Normal,24,2021,5
22,Female,AB-,Cancer,2020-12-23,Samuel Craig,Ltd Scott,Medicare,49464.63706197448,Emergency,2021-01-22,Ibuprofen,Inconclusive,30,2020,12
65,Male,O-,Asthma,2022-09-26,Brianna Pena,Owens PLC,Medicare,3706.637581730522,Emergency,2022-10-24,Lipitor,Abnormal,28,2022,9
67,Male,AB-,Hypertension,2023-02-21,Gabriel Hensley MD,Obrien PLC,Aetna,19391.58550044941,Urgent,2023-03-11,Lipitor,Abnormal,18,2023,2
56,Male,B-,Arthritis,2024-04-30,Tiffany Frye,"and Jackson Smith Elliott,",Blue Cross,16261.281947071504,Emergency,2024-05-20,Paracetamol,Abnormal,20,2024,4
82,Male,B+,Asthma,2020-10-22,Kristen Wood,Sweeney-Rojas,UnitedHealthcare,36737.0614114607,Elective,2020-11-10,Lipitor,Inconclusive,19,2020,10
47,Female,AB-,Cancer,2019-08-28,Angela Fowler,and Sons Bryant,Cigna,21300.575799441933,Emergency,2019-08-30,Paracetamol,Inconclusive,2,2019,8
21,Male,AB-,Arthritis,2022-09-29,Jerry Brown,"and Martin Abbott Jackson,",Blue Cross,36330.02865669091,Urgent,2022-10-07,Lipitor,Inconclusive,8,2022,9
44,Male,B-,Obesity,2021-08-20,Heather Padilla,Horn-Macdonald,UnitedHealthcare,47662.633157315526,Urgent,2021-08-25,Ibuprofen,Abnormal,5,2021,8
23,Male,AB-,Cancer,2019-06-28,Kaitlyn Vazquez,Simmons-Stokes,UnitedHealthcare,25958.28163038314,Urgent,2019-07-01,Aspirin,Inconclusive,3,2019,6
45,Male,O+,Diabetes,2020-07-16,Mercedes Shepherd,Martinez-Douglas,UnitedHealthcare,6546.991558793312,Emergency,2020-07-27,Aspirin,Normal,11,2020,7
73,Female,AB-,Asthma,2023-09-03,Tamara Hammond,White-Morgan,Cigna,46471.21109395403,Emergency,2023-09-05,Aspirin,Normal,2,2023,9
69,Female,A+,Asthma,2020-08-15,Matthew Wells,"and Reeves Jones Conway,",Aetna,37975.12929909991,Elective,2020-09-03,Aspirin,Inconclusive,19,2020,8
73,Female,AB+,Arthritis,2021-12-22,Matthew Gibson DVM,Phillips-Morrison,Medicare,44190.94013898095,Elective,2022-01-12,Paracetamol,Normal,21,2021,12
52,Female,B-,Obesity,2019-12-30,Brandi Maldonado,Ferguson-Hicks,Blue Cross,35901.69116721717,Elective,2020-01-08,Paracetamol,Abnormal,9,2019,12
58,Female,A-,Asthma,2022-11-02,Beverly Koch,"Payne Turner and Tanner,",Aetna,46181.29473953239,Elective,2022-11-18,Lipitor,Inconclusive,16,2022,11
81,Male,B+,Asthma,2021-07-29,Benjamin Walker,Inc Brock,Medicare,22257.86511716486,Elective,2021-08-14,Ibuprofen,Abnormal,16,2021,7
41,Female,O-,Diabetes,2019-11-03,Alice Fitzpatrick,Riley-Hunter,Blue Cross,26807.91990153186,Urgent,2019-11-12,Aspirin,Inconclusive,9,2019,11
59,Male,AB+,Hypertension,2022-07-30,Lindsey Ochoa,Inc Garza,Medicare,14205.502372286875,Emergency,2022-07-31,Aspirin,Abnormal,1,2022,7
77,Female,A-,Hypertension,2020-04-12,Tanya Conrad,"and Hobbs Warren Bird,",Cigna,21937.24317409556,Urgent,2020-05-07,Ibuprofen,Inconclusive,25,2020,4
73,Female,AB-,Hypertension,2020-01-10,Kimberly Green,Flores-Glass,UnitedHealthcare,2707.7082524511943,Elective,2020-01-21,Penicillin,Inconclusive,11,2020,1
47,Male,O-,Obesity,2024-04-27,Jonathan Stafford,"and Clark, Mercado Stark",UnitedHealthcare,9661.969416622254,Urgent,2024-05-06,Paracetamol,Normal,9,2024,4
58,Male,O-,Obesity,2022-01-20,Danielle Navarro,Ball Group,Aetna,11987.041900525055,Urgent,2022-02-19,Paracetamol,Abnormal,30,2022,1
52,Male,B-,Cancer,2022-09-12,Jessica Brooks,Rivera Ltd,Blue Cross,30292.35481723072,Elective,2022-10-06,Paracetamol,Normal,24,2022,9
33,Female,B-,Arthritis,2022-06-21,Amy Johnson,Brady-Collins,Cigna,3241.7904563322195,Elective,2022-07-04,Aspirin,Abnormal,13,2022,6
85,Male,O-,Cancer,2023-02-10,Michael Ortega,"Rodriguez Cox and Benjamin,",Cigna,32608.516380128243,Elective,2023-03-12,Ibuprofen,Inconclusive,30,2023,2
83,Female,B-,Arthritis,2023-04-13,Brent Fry,Booker-Hubbard,Medicare,34693.64802374602,Urgent,2023-04-20,Paracetamol,Inconclusive,7,2023,4
46,Male,O-,Obesity,2022-10-08,Laura Higgins,"Gross Jackson Finley, and",Aetna,47192.39165683791,Emergency,2022-10-26,Paracetamol,Normal,18,2022,10
50,Female,O-,Obesity,2020-01-11,Kara Brooks,Cox Group,Aetna,17287.119980852094,Emergency,2020-01-28,Aspirin,Inconclusive,17,2020,1
82,Female,O+,Asthma,2020-07-05,Antonio Thomas,LLC Park,Blue Cross,7119.812075497209,Emergency,2020-08-03,Lipitor,Inconclusive,29,2020,7
61,Female,B+,Diabetes,2021-08-13,Stacy Clark,Booker PLC,Cigna,34134.1210078552,Emergency,2021-09-08,Lipitor,Inconclusive,26,2021,8
78,Male,O+,Arthritis,2019-06-04,Jonathan Mahoney,Adams-Bennett,Medicare,30363.329771459543,Emergency,2019-06-24,Paracetamol,Inconclusive,20,2019,6
55,Male,O+,Diabetes,2023-01-29,Kathy Pierce,"Patrick, Petty and Sullivan",Cigna,15109.149570722922,Elective,2023-02-10,Ibuprofen,Normal,12,2023,1
79,Female,O+,Asthma,2023-02-11,Mariah Carpenter,Taylor Ltd,Cigna,11684.87422725576,Urgent,2023-02-24,Paracetamol,Abnormal,13,2023,2
75,Female,A+,Asthma,2021-11-19,Lee Barajas,PLC Williams,Cigna,3529.1282459171634,Elective,2021-12-07,Ibuprofen,Normal,18,2021,11
40,Male,AB+,Diabetes,2022-10-19,Raven Cole,LLC Carey,Aetna,34123.90112927321,Elective,2022-11-11,Penicillin,Normal,23,2022,10
49,Male,O-,Cancer,2020-05-19,Evelyn Moran,"Perkins, Young and Smith",UnitedHealthcare,3771.191653328744,Elective,2020-06-06,Paracetamol,Abnormal,18,2020,5
79,Male,B-,Hypertension,2021-11-27,Scott Kerr,"Randall and Rasmussen, Sosa",Blue Cross,6191.095679579501,Urgent,2021-12-14,Aspirin,Inconclusive,17,2021,11
83,Male,A+,Hypertension,2021-02-11,Ashley Lynch,Underwood-Harding,Aetna,19062.836417704097,Emergency,2021-02-20,Aspirin,Normal,9,2021,2
27,Male,A+,Hypertension,2020-03-13,Victoria Harmon,Roy-Smith,UnitedHealthcare,41104.615032039255,Urgent,2020-04-01,Ibuprofen,Abnormal,19,2020,3
27,Male,O-,Obesity,2023-02-09,Isaac Peck DDS,"and Mcguire Smith, Smith",UnitedHealthcare,48635.48663334712,Elective,2023-02-14,Penicillin,Abnormal,5,2023,2
40,Female,AB-,Cancer,2020-08-30,Jennifer Snow,and Kramer Sons,Blue Cross,10826.75845735579,Emergency,2020-09-18,Penicillin,Normal,19,2020,8
54,Female,AB-,Arthritis,2020-09-23,Maria Wallace,Group Cherry,Medicare,23688.71500356264,Urgent,2020-10-11,Lipitor,Inconclusive,18,2020,9
31,Male,O+,Obesity,2023-06-19,Christopher Kemp,Rich-Jackson,Blue Cross,4028.484064137351,Urgent,2023-06-23,Paracetamol,Normal,4,2023,6
35,Female,O+,Diabetes,2020-04-16,Cory Young,Knight Ltd,Cigna,6474.74518429672,Emergency,2020-05-15,Ibuprofen,Inconclusive,29,2020,4
78,Female,AB+,Diabetes,2022-04-20,Regina Foster,"and Tran Lara, Nguyen",Medicare,18002.542205131842,Emergency,2022-04-28,Lipitor,Normal,8,2022,4
72,Male,O-,Asthma,2024-01-27,Kristin Freeman,"Anderson, and Frazier Lowery",Aetna,9016.769054343982,Elective,2024-01-29,Lipitor,Normal,2,2024,1
52,Male,O-,Arthritis,2020-03-18,Brian Bishop,Inc Juarez,Aetna,5800.578955158524,Emergency,2020-03-20,Aspirin,Abnormal,2,2020,3
67,Female,O+,Obesity,2020-10-30,Jesus Washington,"Mays, and Walker West",Cigna,25939.712728670213,Emergency,2020-11-04,Paracetamol,Inconclusive,5,2020,10
64,Female,A-,Arthritis,2019-06-20,Joshua Garcia,Bryan-Robbins,Cigna,43940.18755859402,Elective,2019-06-28,Paracetamol,Normal,8,2019,6
63,Female,B-,Arthritis,2023-02-09,Steven Gibson,Inc Ross,Medicare,6143.391698453042,Urgent,2023-03-11,Penicillin,Inconclusive,30,2023,2
48,Male,B-,Hypertension,2022-09-10,Anna Barr,Johnson Group,Cigna,48402.18594460107,Urgent,2022-09-11,Paracetamol,Abnormal,1,2022,9
34,Male,B-,Asthma,2022-12-20,Ann Payne,Hart-Mueller,Medicare,42573.15247584039,Elective,2023-01-08,Lipitor,Abnormal,19,2022,12
80,Female,O-,Obesity,2021-09-13,Kevin Young,Inc Watson,UnitedHealthcare,36130.41710399886,Urgent,2021-10-13,Aspirin,Normal,30,2021,9
25,Female,O-,Diabetes,2021-07-21,Michelle Brooks,"and Henson, Zamora Hart",Medicare,8589.064376860199,Urgent,2021-08-02,Paracetamol,Abnormal,12,2021,7
65,Female,B-,Obesity,2019-05-23,Susan Sanchez,Jones-Mcguire,Medicare,25143.287341464977,Elective,2019-06-07,Ibuprofen,Normal,15,2019,5
45,Male,A-,Hypertension,2022-10-05,Thomas Mcgee,Wyatt Group,UnitedHealthcare,27361.724025332234,Elective,2022-10-20,Ibuprofen,Normal,15,2022,10
34,Female,B-,Arthritis,2019-09-08,William Underwood,Willis-Todd,Blue Cross,23545.92254596663,Elective,2019-09-12,Penicillin,Inconclusive,4,2019,9
41,Male,AB+,Asthma,2022-01-02,Tonya Taylor,PLC Shepherd,Blue Cross,13073.441143500288,Elective,2022-01-10,Paracetamol,Normal,8,2022,1
23,Female,AB-,Hypertension,2023-11-02,Amanda Perry,Wilson-Valdez,Cigna,31936.0852254248,Urgent,2023-11-20,Paracetamol,Abnormal,18,2023,11
23,Male,A-,Cancer,2019-06-06,John Figueroa,"Vincent, Howell and Adams",Aetna,50649.22885130171,Emergency,2019-06-28,Lipitor,Inconclusive,22,2019,6
26,Female,AB+,Hypertension,2023-09-10,Jessica Watkins,"and Vargas Hardin, Miller",Cigna,48563.75959423823,Urgent,2023-09-23,Lipitor,Abnormal,13,2023,9
26,Male,A+,Diabetes,2021-10-03,William Howell,PLC Hernandez,Medicare,47874.965917349225,Urgent,2021-10-28,Aspirin,Abnormal,25,2021,10
64,Male,A-,Hypertension,2022-04-17,Kenneth Brown,Mcpherson-Campos,UnitedHealthcare,18168.22209289031,Elective,2022-04-28,Lipitor,Inconclusive,11,2022,4
25,Male,AB-,Obesity,2023-05-26,Amy Anderson,Roth-Benton,UnitedHealthcare,35693.37503408277,Emergency,2023-06-25,Lipitor,Normal,30,2023,5
84,Male,O+,Cancer,2023-06-23,Richard Bailey,"Chavez, and Smith Hawkins",Cigna,43681.54430891695,Urgent,2023-06-24,Lipitor,Inconclusive,1,2023,6
20,Male,AB+,Diabetes,2020-12-29,Tony Harper,"Daniels and Ewing, Morris",Aetna,3287.6611185998377,Elective,2021-01-14,Lipitor,Normal,16,2020,12
82,Male,A-,Cancer,2023-01-22,Samantha Miranda,"Lambert Warren and Carey,",Aetna,43707.67722336127,Urgent,2023-02-13,Paracetamol,Normal,22,2023,1
77,Male,AB-,Asthma,2021-03-02,Jessica Spencer,Moore-Willis,Blue Cross,49538.15154791692,Urgent,2021-03-07,Aspirin,Normal,5,2021,3
77,Female,A+,Cancer,2022-03-28,Bradley Sellers,Sons Gonzalez and,Cigna,23005.35762863817,Emergency,2022-04-19,Aspirin,Normal,22,2022,3
72,Male,O-,Diabetes,2022-01-13,Laura Rogers,"Moore Reid, and Freeman",Aetna,46845.00605534996,Urgent,2022-02-12,Ibuprofen,Normal,30,2022,1
51,Female,A+,Diabetes,2024-02-05,Phillip Frank,Garcia LLC,Blue Cross,21760.65427279048,Elective,2024-02-07,Paracetamol,Inconclusive,2,2024,2
70,Male,A-,Cancer,2022-09-20,Melissa Morris,Williams-Yu,Blue Cross,44892.52066838722,Urgent,2022-10-07,Aspirin,Normal,17,2022,9
45,Female,A+,Arthritis,2020-01-06,Anthony Day,Smith PLC,Blue Cross,47728.9556754894,Urgent,2020-02-02,Ibuprofen,Abnormal,27,2020,1
80,Female,AB-,Obesity,2020-03-22,Christina Hall,Group Torres,Cigna,41834.631301596055,Elective,2020-04-09,Paracetamol,Abnormal,18,2020,3
23,Male,O+,Arthritis,2023-11-08,Amanda Santiago,"Barnes Perez, Jackson and",Medicare,26081.98459415822,Emergency,2023-11-21,Penicillin,Normal,13,2023,11
53,Male,AB+,Obesity,2019-07-24,Rita Williams,"Berry and Martinez, Anderson",Blue Cross,33310.99177804485,Elective,2019-08-20,Ibuprofen,Inconclusive,27,2019,7
59,Male,O-,Asthma,2022-08-22,Daisy Williams,LLC Strickland,Aetna,29892.88102749808,Elective,2022-09-09,Paracetamol,Inconclusive,18,2022,8
28,Male,O+,Obesity,2024-04-27,Victoria Ewing,"Carey Romero, and Osborne",Aetna,42900.48040246796,Emergency,2024-05-03,Lipitor,Normal,6,2024,4
74,Female,B+,Diabetes,2021-03-31,James Smith,Robinson Inc,Blue Cross,18498.08215378375,Emergency,2021-04-13,Ibuprofen,Abnormal,13,2021,3
58,Male,B+,Cancer,2022-07-15,Charles Brown,Sons and Moore,Cigna,36638.03767328912,Emergency,2022-08-09,Ibuprofen,Abnormal,25,2022,7
62,Female,AB-,Diabetes,2020-05-06,Jennifer Cherry,"Weber, and Garcia Young",Cigna,25656.93245816412,Elective,2020-05-15,Lipitor,Abnormal,9,2020,5
28,Female,AB+,Hypertension,2020-03-29,Ryan Anderson,"Reyes, Henderson Logan and",Aetna,27907.26093450766,Elective,2020-04-27,Aspirin,Normal,29,2020,3
62,Male,B+,Obesity,2020-03-14,Kristina Foster,"Allen Decker Taylor, and",UnitedHealthcare,42029.95578856724,Urgent,2020-03-30,Aspirin,Abnormal,16,2020,3
70,Female,AB+,Obesity,2020-09-06,Thomas Jackson,Lowe Group,Aetna,27378.719844013875,Emergency,2020-09-10,Ibuprofen,Inconclusive,4,2020,9
82,Male,AB+,Hypertension,2022-06-14,Jill Wright,Mcmahon-Gomez,Cigna,7263.673785495444,Elective,2022-06-19,Aspirin,Abnormal,5,2022,6
84,Female,A+,Cancer,2020-03-15,Michael Williams,"Garcia Mosley, and Baker",Cigna,45237.94253068584,Elective,2020-04-07,Aspirin,Inconclusive,23,2020,3
64,Male,AB-,Diabetes,2020-02-22,Joseph Austin,"Daugherty and Mclean, Parsons",Aetna,26522.975766385774,Urgent,2020-03-04,Ibuprofen,Inconclusive,11,2020,2
36,Male,A-,Asthma,2021-10-30,Justin Hammond,Smith PLC,Cigna,35398.70926429151,Emergency,2021-11-02,Paracetamol,Normal,3,2021,10
22,Female,B-,Hypertension,2021-03-18,Danielle Jones,"Roberts, Delgado Johnson and",Cigna,35656.13969508333,Elective,2021-04-10,Aspirin,Normal,23,2021,3
62,Female,AB+,Arthritis,2023-12-13,Angela Tucker,"Harris and Potter, Vargas",Medicare,16148.944867867933,Emergency,2023-12-17,Lipitor,Inconclusive,4,2023,12
61,Female,A-,Arthritis,2023-11-11,Suzanne Wood,"Villa Valdez and Herrera,",UnitedHealthcare,33517.02819487863,Elective,2023-11-14,Ibuprofen,Normal,3,2023,11
63,Male,A+,Hypertension,2022-07-08,Ryan Molina,"Russo Buckley, and Ferguson",Aetna,6696.259699026432,Elective,2022-08-05,Penicillin,Inconclusive,28,2022,7
26,Male,AB+,Asthma,2022-03-23,Wendy Peters,Williams-Henderson,Medicare,14447.795340376288,Urgent,2022-04-22,Ibuprofen,Normal,30,2022,3
65,Male,O-,Cancer,2019-07-06,Stacey Myers,Wilson-Lopez,Medicare,27961.405236398736,Elective,2019-07-17,Paracetamol,Abnormal,11,2019,7
24,Male,O-,Cancer,2019-06-22,Bianca Wright,Gibson-Alvarez,Blue Cross,40403.55890551002,Emergency,2019-07-09,Aspirin,Normal,17,2019,6
58,Female,A-,Obesity,2020-11-08,Sheila Walton,"and Williams, Young Maddox",UnitedHealthcare,18842.43963797928,Elective,2020-11-26,Penicillin,Normal,18,2020,11
55,Male,O+,Diabetes,2021-01-15,James Simmons,Brooks-Gray,UnitedHealthcare,2688.887460392968,Emergency,2021-02-01,Penicillin,Inconclusive,17,2021,1
22,Male,AB-,Obesity,2019-07-13,Denise Kelly,Ltd Rivera,Blue Cross,17331.353279540148,Urgent,2019-08-03,Paracetamol,Abnormal,21,2019,7
77,Female,A+,Cancer,2021-07-30,Kayla Garrett,"Jackson, Foley and Klein",Cigna,12852.666360937752,Urgent,2021-08-08,Aspirin,Normal,9,2021,7
46,Female,AB+,Cancer,2023-05-05,Dawn Matthews,Group Davis,Medicare,23103.0572294515,Elective,2023-06-01,Lipitor,Normal,27,2023,5
18,Female,A-,Obesity,2020-09-06,Nicole Lester,Gray-Lee,Cigna,33490.89798262898,Elective,2020-09-07,Aspirin,Abnormal,1,2020,9
81,Female,AB-,Asthma,2022-02-17,Shannon Meyer,"Durham, Burch and Webb",Cigna,26196.143493477197,Urgent,2022-03-09,Lipitor,Inconclusive,20,2022,2
65,Male,AB-,Obesity,2022-09-30,Christopher Caldwell,"Perez and Cook, Hines",Cigna,12264.637810472736,Urgent,2022-10-20,Lipitor,Normal,20,2022,9
81,Female,AB-,Asthma,2021-05-20,John Murillo,"and Anderson Williams Harrison,",Aetna,44514.944174045166,Emergency,2021-05-22,Aspirin,Inconclusive,2,2021,5
19,Male,B-,Arthritis,2022-06-08,Jeremy Richards,Hall-Duran,Aetna,49471.68609010257,Elective,2022-06-15,Paracetamol,Abnormal,7,2022,6
19,Male,AB+,Hypertension,2021-04-20,Tammy Rogers,"Ritter, and Thomas Johnson",Medicare,8945.17678081434,Emergency,2021-04-28,Paracetamol,Abnormal,8,2021,4
63,Female,A-,Arthritis,2022-06-24,Noah Montgomery,"Solomon, Mejia and Quinn",Medicare,29448.05523795644,Elective,2022-07-02,Aspirin,Inconclusive,8,2022,6
76,Female,AB-,Hypertension,2021-04-22,Angela May,"Thompson Morales, and Clark",Cigna,34892.54138359432,Urgent,2021-05-06,Penicillin,Abnormal,14,2021,4
49,Male,B+,Arthritis,2020-12-13,Benjamin Blankenship,"Neal Pennington Ellison, and",Cigna,39915.096205244845,Emergency,2020-12-18,Lipitor,Inconclusive,5,2020,12
39,Male,B-,Obesity,2019-12-24,Jonathan Webb,LLC West,Blue Cross,39574.63013082954,Emergency,2019-12-31,Ibuprofen,Inconclusive,7,2019,12
39,Male,O+,Arthritis,2021-12-13,Yolanda Olsen,Hall Group,UnitedHealthcare,24392.42997450006,Emergency,2022-01-06,Ibuprofen,Normal,24,2021,12
41,Female,A-,Hypertension,2020-06-08,Sydney Osborne,"Washington Sanchez, and Gates",Aetna,21036.519242908904,Emergency,2020-06-29,Paracetamol,Inconclusive,21,2020,6
77,Male,B-,Hypertension,2019-11-29,Jonathan Salazar,Williams-Baxter,Blue Cross,44464.60631218278,Elective,2019-12-01,Ibuprofen,Abnormal,2,2019,11
20,Male,B+,Hypertension,2023-01-08,Jennifer Williams,"Rocha Townsend, and Casey",Cigna,38702.050045085794,Elective,2023-01-18,Aspirin,Inconclusive,10,2023,1
41,Male,AB+,Cancer,2020-01-28,Emily Pearson,"and Hill Ramirez Hart,",Blue Cross,44259.35195832624,Urgent,2020-02-12,Penicillin,Inconclusive,15,2020,1
43,Male,B-,Obesity,2020-12-31,Jared Larson,Ltd Olson,UnitedHealthcare,31778.973116896792,Urgent,2021-01-08,Lipitor,Inconclusive,8,2020,12
27,Female,AB+,Obesity,2022-01-31,Dana Smith,"Wagner and Pearson Johnson,",UnitedHealthcare,37361.69003071619,Elective,2022-02-20,Aspirin,Normal,20,2022,1
68,Female,A-,Cancer,2023-07-18,Melissa West,Group Lewis,UnitedHealthcare,36886.89704784077,Urgent,2023-07-23,Ibuprofen,Inconclusive,5,2023,7
67,Female,AB+,Obesity,2024-03-03,Michael Berg,Figueroa and Sons,UnitedHealthcare,24188.34133574274,Elective,2024-03-29,Lipitor,Inconclusive,26,2024,3
29,Female,AB-,Arthritis,2019-05-26,Kyle Duncan,"Martin and Jones, Martin",Medicare,50174.0007704916,Elective,2019-06-23,Penicillin,Normal,28,2019,5
83,Female,O+,Hypertension,2021-07-19,Joseph Cunningham,Dean-Gutierrez,Blue Cross,30046.437432808376,Elective,2021-08-15,Ibuprofen,Normal,27,2021,7
35,Female,AB+,Diabetes,2020-08-14,Michael Rice,"and Phillips Floyd, Jackson",Aetna,24888.463480041584,Elective,2020-09-09,Ibuprofen,Abnormal,26,2020,8
60,Male,A+,Obesity,2019-12-15,Cory Baxter,Ltd Lopez,Cigna,45427.26208777254,Elective,2019-12-30,Paracetamol,Inconclusive,15,2019,12
29,Male,B+,Arthritis,2022-03-22,Erica Smith,Trevino-Holloway,Blue Cross,31378.1231391814,Emergency,2022-03-26,Lipitor,Normal,4,2022,3
69,Female,AB-,Diabetes,2024-03-24,Stephen Rogers,PLC Rogers,Cigna,41720.421267010126,Elective,2024-03-30,Lipitor,Inconclusive,6,2024,3
49,Male,B+,Arthritis,2019-11-29,Scott Jones,Inc Dyer,Blue Cross,10691.501707874651,Emergency,2019-12-18,Ibuprofen,Inconclusive,19,2019,11
69,Female,AB+,Asthma,2020-12-09,Nancy Richards,LLC Hahn,Cigna,44269.51328976186,Emergency,2021-01-07,Ibuprofen,Abnormal,29,2020,12
34,Male,AB+,Cancer,2023-06-21,Victoria Kelly,PLC Harrison,Aetna,33232.575536323006,Emergency,2023-07-04,Lipitor,Abnormal,13,2023,6
54,Female,O+,Cancer,2019-07-05,Benjamin Adams,Duncan-Webb,Medicare,45114.83558711223,Elective,2019-07-14,Penicillin,Normal,9,2019,7
41,Male,B+,Hypertension,2024-04-19,John Arnold,Ellis Ltd,Medicare,12664.098211957104,Urgent,2024-05-14,Paracetamol,Normal,25,2024,4
79,Male,AB+,Obesity,2020-11-09,Keith Grimes,Brown-Combs,UnitedHealthcare,49668.58494708179,Elective,2020-12-02,Penicillin,Normal,23,2020,11
24,Male,O-,Arthritis,2022-05-03,Elizabeth Macias,"and Mitchell Clayton, White",Aetna,27992.08321658396,Elective,2022-06-02,Aspirin,Abnormal,30,2022,5
48,Female,AB-,Hypertension,2019-06-11,Robert Rowe,Williams Group,Cigna,47187.46284473343,Urgent,2019-07-03,Penicillin,Normal,22,2019,6
78,Male,A+,Obesity,2023-05-09,Sarah Brennan,"Lopez, and Jackson Gomez",Blue Cross,32777.70073481855,Elective,2023-05-28,Lipitor,Inconclusive,19,2023,5
59,Female,A-,Arthritis,2022-08-25,Rebecca Hodges,"Johnson, and Hodge Novak",UnitedHealthcare,8981.274873619916,Elective,2022-09-09,Lipitor,Inconclusive,15,2022,8
52,Male,O+,Cancer,2024-03-14,Danielle Willis,"and Rodriguez Robinson Johnson,",Blue Cross,43939.06191177292,Urgent,2024-04-01,Aspirin,Inconclusive,18,2024,3
33,Male,B-,Diabetes,2021-02-10,William Perkins,"Donovan Hampton, and Weaver",Blue Cross,14769.51113826672,Emergency,2021-02-14,Paracetamol,Normal,4,2021,2
22,Male,O-,Arthritis,2021-06-12,Zachary Howell,Ltd Lee,Aetna,7534.132862600725,Urgent,2021-06-15,Aspirin,Abnormal,3,2021,6
27,Male,AB+,Obesity,2019-09-26,Elizabeth Johnson,Ltd Gates,Aetna,30280.076916559865,Urgent,2019-10-06,Lipitor,Abnormal,10,2019,9
58,Male,B-,Cancer,2019-05-11,Jennifer Newton,Group Moon,Aetna,23035.36686305625,Urgent,2019-05-28,Penicillin,Normal,17,2019,5
35,Male,AB+,Obesity,2023-01-27,Eric Johnson,LLC Cantrell,Medicare,11938.371591233452,Emergency,2023-01-28,Ibuprofen,Normal,1,2023,1
46,Male,A+,Obesity,2023-10-10,Amber Chavez,Lewis and Sons,UnitedHealthcare,17674.23649600514,Elective,2023-10-30,Aspirin,Normal,20,2023,10
74,Male,A+,Asthma,2019-06-30,Gregory Park,"Conway Brooks and Green,",Blue Cross,18178.65749990634,Elective,2019-07-12,Aspirin,Abnormal,12,2019,6
82,Female,A-,Obesity,2023-05-09,Joshua Martinez,"Potts and Bird, Petersen",Medicare,28476.064329166264,Urgent,2023-06-06,Aspirin,Abnormal,28,2023,5
57,Male,A+,Asthma,2023-05-06,Michelle Wells,Miller-Matthews,UnitedHealthcare,19772.1130028294,Emergency,2023-05-19,Paracetamol,Inconclusive,13,2023,5
23,Female,O+,Obesity,2019-11-18,James Leonard,PLC Williams,Medicare,28180.0193438243,Emergency,2019-12-13,Lipitor,Abnormal,25,2019,11
81,Female,A+,Cancer,2019-08-22,Dillon Waters,Sherman-Moore,Cigna,7512.215114164761,Emergency,2019-09-17,Ibuprofen,Inconclusive,26,2019,8
45,Female,AB+,Obesity,2022-01-25,Donna Thompson,Beard-Chandler,Medicare,33926.14260212815,Urgent,2022-02-03,Paracetamol,Inconclusive,9,2022,1
73,Male,AB+,Hypertension,2021-12-02,Sarah Ochoa,Brown LLC,Blue Cross,17651.745550241445,Urgent,2021-12-11,Lipitor,Normal,9,2021,12
75,Female,AB+,Asthma,2020-12-21,Anna Brown,PLC Le,UnitedHealthcare,29394.53161753317,Elective,2020-12-23,Ibuprofen,Abnormal,2,2020,12
18,Female,AB+,Arthritis,2020-05-03,Denise Mayo,"Banks Gordon and Browning,",Medicare,30506.93572374114,Emergency,2020-05-29,Aspirin,Abnormal,26,2020,5
71,Male,O+,Obesity,2019-06-18,Danielle Mayo,Greene-Travis,Aetna,41400.969005988976,Elective,2019-06-26,Lipitor,Normal,8,2019,6
25,Male,B+,Hypertension,2019-11-25,John Pham,Walsh-Knight,UnitedHealthcare,11032.510472388443,Urgent,2019-12-02,Lipitor,Abnormal,7,2019,11
26,Female,O-,Arthritis,2023-07-18,Susan Torres,Inc Powell,UnitedHealthcare,20939.12209145413,Emergency,2023-08-10,Aspirin,Abnormal,23,2023,7
34,Female,A-,Hypertension,2021-03-31,Patricia Collins,and Sons Bond,UnitedHealthcare,18734.76302473701,Emergency,2021-04-20,Aspirin,Normal,20,2021,3
45,Male,B+,Diabetes,2021-06-21,Yvonne Alvarado,"Mitchell Kirby and Bradley,",Aetna,26851.610942965013,Urgent,2021-06-22,Ibuprofen,Abnormal,1,2021,6
22,Male,AB-,Diabetes,2022-09-29,Heather Jacobs,PLC Flowers,UnitedHealthcare,33757.71175180641,Elective,2022-10-13,Ibuprofen,Normal,14,2022,9
51,Male,B-,Cancer,2021-06-29,Erika Johnson,Neal-Mitchell,Cigna,10011.800407940464,Emergency,2021-07-25,Ibuprofen,Inconclusive,26,2021,6
77,Female,B-,Arthritis,2021-07-28,Charles Ochoa,Byrd-Parsons,Blue Cross,19350.55109844679,Urgent,2021-08-26,Aspirin,Inconclusive,29,2021,7
36,Female,O+,Asthma,2023-01-26,Angela Cuevas,Rios-Barker,Aetna,15548.007919038311,Urgent,2023-02-08,Penicillin,Normal,13,2023,1
80,Female,A+,Hypertension,2020-01-05,Andrew Flores,Montes Ltd,Medicare,19008.25526698552,Elective,2020-01-12,Paracetamol,Abnormal,7,2020,1
75,Male,A-,Obesity,2022-01-11,William West,Clark-Bailey,Aetna,3045.316632307877,Urgent,2022-02-01,Ibuprofen,Inconclusive,21,2022,1
57,Male,AB-,Asthma,2021-03-20,Cameron Hicks,Cross-Smith,Aetna,23296.48331793778,Emergency,2021-04-07,Paracetamol,Normal,18,2021,3
30,Male,B+,Hypertension,2022-10-18,Melissa Howell,Foster-Smith,Medicare,9946.119145043062,Elective,2022-11-04,Lipitor,Inconclusive,17,2022,10
64,Female,A-,Arthritis,2024-04-17,Jill Allen,Ali Sons and,Aetna,19008.85022250623,Emergency,2024-04-22,Aspirin,Normal,5,2024,4
48,Female,O-,Obesity,2021-02-18,Gregory Johnson,Newman-Anderson,Medicare,17203.44182475175,Elective,2021-03-03,Penicillin,Normal,13,2021,2
30,Male,A-,Cancer,2019-10-25,Jeffrey Wilson,Group Miller,UnitedHealthcare,24681.02279716385,Elective,2019-10-26,Aspirin,Inconclusive,1,2019,10
53,Male,B-,Arthritis,2023-09-21,Theresa Hebert,Meyer-Scott,Cigna,47642.24186119938,Urgent,2023-10-16,Ibuprofen,Abnormal,25,2023,9
62,Female,O-,Cancer,2023-06-04,Zachary Brown,Sons and Huber,UnitedHealthcare,36507.87763090788,Urgent,2023-06-17,Ibuprofen,Abnormal,13,2023,6
49,Female,B+,Obesity,2021-03-28,Sylvia Oneal,Lopez-Savage,Medicare,36458.29721858718,Elective,2021-04-10,Paracetamol,Inconclusive,13,2021,3
23,Female,O-,Asthma,2023-05-13,Shari Davis,Sons and Taylor,Medicare,41799.971900409495,Elective,2023-06-03,Lipitor,Normal,21,2023,5
26,Male,B-,Obesity,2019-06-10,Ashley Brown,Ltd Miller,Aetna,40929.37609772643,Urgent,2019-06-23,Paracetamol,Normal,13,2019,6
74,Male,A-,Hypertension,2020-05-15,Jenna Williams,Daniels-Lopez,Blue Cross,17937.648383066684,Elective,2020-06-13,Ibuprofen,Normal,29,2020,5
58,Female,AB+,Hypertension,2019-11-17,Heather Scott,"Bender, and Garza Friedman",Medicare,29444.55337296984,Urgent,2019-12-09,Paracetamol,Inconclusive,22,2019,11
38,Female,AB+,Cancer,2021-03-30,Rhonda Simon,PLC Williams,Medicare,43378.31698929619,Urgent,2021-04-05,Aspirin,Abnormal,6,2021,3
39,Female,A+,Asthma,2019-06-09,Adam Buckley,"and Dickerson Terry Sandoval,",Aetna,14924.228942416874,Elective,2019-06-19,Penicillin,Normal,10,2019,6
64,Female,O+,Arthritis,2020-03-18,Alexander Cline,Hood Inc,Medicare,2450.9860182394486,Elective,2020-03-28,Aspirin,Normal,10,2020,3
70,Male,AB-,Hypertension,2019-10-17,Julie Wright,Stewart LLC,Aetna,9983.860853020244,Emergency,2019-11-16,Paracetamol,Abnormal,30,2019,10
75,Female,AB+,Obesity,2021-03-29,Ashley King,"Harris and Greer Novak,",Aetna,10913.39372017643,Emergency,2021-04-01,Aspirin,Inconclusive,3,2021,3
62,Female,O+,Obesity,2019-05-12,Heidi Jefferson,Ltd Murray,UnitedHealthcare,13014.721954932604,Emergency,2019-06-05,Ibuprofen,Normal,24,2019,5
56,Female,AB-,Cancer,2022-04-11,Meghan Jennings,"Terry Jordan and Jones,",Cigna,20031.370813729423,Emergency,2022-04-22,Penicillin,Inconclusive,11,2022,4
59,Female,B+,Asthma,2023-11-25,Megan Flores,Patrick Group,Blue Cross,17383.90553354255,Emergency,2023-11-29,Paracetamol,Inconclusive,4,2023,11
44,Female,B-,Cancer,2022-10-22,Brittany Livingston,and Sons Morales,Cigna,41723.04784873933,Elective,2022-11-01,Penicillin,Inconclusive,10,2022,10
56,Female,O-,Cancer,2020-08-14,Rachel Johnson DVM,Group Randolph,Aetna,33614.206305055515,Urgent,2020-09-08,Penicillin,Normal,25,2020,8
27,Female,A-,Diabetes,2020-07-18,Hannah Wang,Duncan-Smith,Blue Cross,32976.93500334905,Elective,2020-07-21,Ibuprofen,Abnormal,3,2020,7
46,Female,AB-,Obesity,2022-12-05,Katherine Jacobs,"and Leon, Casey Walls",Cigna,35159.97792240888,Elective,2023-01-01,Paracetamol,Abnormal,27,2022,12
79,Male,A-,Asthma,2022-02-23,Gabriela Moreno,LLC Wilkerson,UnitedHealthcare,9219.21697166455,Elective,2022-03-04,Aspirin,Abnormal,9,2022,2
30,Male,B-,Diabetes,2019-10-08,James Rangel,"Stanley, Garrett and Wiley",Cigna,39458.41108947405,Elective,2019-11-02,Paracetamol,Abnormal,25,2019,10
42,Female,B+,Arthritis,2022-01-29,Samantha Anderson,Sons and Carroll,Medicare,22886.979824742077,Emergency,2022-02-21,Paracetamol,Inconclusive,23,2022,1
18,Male,O-,Arthritis,2021-06-20,Rhonda Davis DVM,"and Spencer Johnson Lewis,",Blue Cross,1539.6112967165875,Elective,2021-06-28,Aspirin,Abnormal,8,2021,6
80,Female,AB-,Arthritis,2021-05-12,Michael Collins,Franklin-Abbott,Aetna,27570.429058882,Emergency,2021-05-21,Paracetamol,Inconclusive,9,2021,5
83,Female,O+,Asthma,2020-01-17,Lisa Delacruz,Griffin PLC,Cigna,7798.569032235558,Elective,2020-02-15,Lipitor,Abnormal,29,2020,1
75,Female,B+,Hypertension,2022-11-25,Christopher Bennett,Williams-Brown,UnitedHealthcare,28109.65770005296,Urgent,2022-12-16,Lipitor,Abnormal,21,2022,11
71,Female,O-,Arthritis,2023-02-06,Bethany Obrien,"Johnson Mcintyre, and Webb",Medicare,31448.24620128639,Elective,2023-02-07,Lipitor,Abnormal,1,2023,2
84,Female,A-,Arthritis,2021-07-29,Karen Hansen,Gonzalez-Webb,Blue Cross,25408.194156667458,Urgent,2021-08-19,Lipitor,Normal,21,2021,7
48,Male,B+,Asthma,2019-12-04,Dylan Hall,Ford-Mason,Aetna,13299.845946481671,Urgent,2019-12-11,Paracetamol,Normal,7,2019,12
54,Female,O+,Diabetes,2023-09-29,Tara Valdez,Campbell-Woods,Aetna,32120.040140373065,Emergency,2023-10-13,Ibuprofen,Abnormal,14,2023,9
66,Female,AB-,Hypertension,2019-09-29,Tony Goodman,Mclean LLC,Medicare,13001.41273457425,Emergency,2019-10-19,Ibuprofen,Abnormal,20,2019,9
70,Female,B-,Hypertension,2021-11-14,Matthew West,Kim and Sons,UnitedHealthcare,29977.91244644715,Elective,2021-11-30,Aspirin,Abnormal,16,2021,11
69,Male,AB-,Asthma,2020-04-03,Sharon Harris,Young-Mcclure,UnitedHealthcare,12404.915989691428,Urgent,2020-04-21,Lipitor,Normal,18,2020,4
48,Male,AB-,Obesity,2022-05-22,Olivia Snyder MD,Skinner Ltd,Blue Cross,45923.8380820188,Emergency,2022-05-24,Penicillin,Abnormal,2,2022,5
18,Male,A-,Asthma,2022-05-26,Amanda Herrera,"Miller Dean, and Mcclure",Medicare,3228.1141368874764,Emergency,2022-06-20,Aspirin,Inconclusive,25,2022,5
54,Male,O-,Asthma,2022-04-15,Matthew Smith,"Lopez Parks, and Barrett",Blue Cross,28991.831600895886,Elective,2022-05-14,Aspirin,Normal,29,2022,4
32,Male,B+,Asthma,2023-05-04,Rachel Estes,Inc Lee,Blue Cross,23182.72052495664,Elective,2023-05-22,Aspirin,Abnormal,18,2023,5
85,Female,A+,Arthritis,2019-06-07,Amy Robinson,Chavez Group,Aetna,20005.19532061801,Urgent,2019-07-01,Ibuprofen,Inconclusive,24,2019,6
59,Male,O+,Hypertension,2023-02-21,Denise Lopez,"Rivera Choi, Brown and",Aetna,49270.25305759988,Urgent,2023-03-06,Lipitor,Normal,13,2023,2
84,Male,AB+,Diabetes,2022-11-20,Doris Smith,Group Booth,UnitedHealthcare,10227.799718879667,Elective,2022-12-19,Ibuprofen,Normal,29,2022,11
79,Male,A+,Diabetes,2020-04-20,Christine Williams,Inc Hughes,Cigna,26198.03966531385,Elective,2020-05-13,Penicillin,Inconclusive,23,2020,4
76,Male,AB-,Hypertension,2022-03-11,Mr. Gerald Khan,Kelly Inc,Aetna,39264.06886125181,Elective,2022-03-26,Lipitor,Inconclusive,15,2022,3
41,Male,O+,Hypertension,2020-11-04,Scott Reyes,PLC Estrada,Medicare,15489.894858936052,Elective,2020-11-17,Aspirin,Abnormal,13,2020,11
24,Male,B-,Diabetes,2020-04-24,Laura Dunn,"Smith, Richardson and Stewart",Cigna,38471.80227921058,Elective,2020-05-15,Penicillin,Inconclusive,21,2020,4
44,Male,A+,Obesity,2022-09-26,Erika Tucker,Inc Harris,Medicare,19526.348812297096,Urgent,2022-10-11,Paracetamol,Inconclusive,15,2022,9
19,Female,B-,Asthma,2019-09-08,Chelsea Clark,Thompson and Sons,Cigna,4263.552036511511,Urgent,2019-09-12,Paracetamol,Inconclusive,4,2019,9
71,Female,AB-,Asthma,2023-11-18,Steven Huff,Anderson Sons and,Aetna,31725.56293858805,Emergency,2023-12-07,Aspirin,Normal,19,2023,11
25,Female,AB+,Hypertension,2022-09-28,Denise Francis,Jenkins-Fields,Aetna,6333.763296992257,Elective,2022-10-06,Aspirin,Inconclusive,8,2022,9
20,Male,AB+,Asthma,2020-09-20,Amy Jimenez,"Jensen Gross, Arias and",Cigna,13355.095013885517,Urgent,2020-10-13,Aspirin,Inconclusive,23,2020,9
60,Male,A-,Diabetes,2022-08-18,Jon Davis,Hernandez-Lopez,Aetna,37606.19554939087,Emergency,2022-09-03,Aspirin,Abnormal,16,2022,8
25,Female,A+,Obesity,2022-07-16,William Byrd,Ferguson Group,Cigna,17837.443836639763,Urgent,2022-08-14,Paracetamol,Abnormal,29,2022,7
18,Male,O+,Diabetes,2023-01-01,Daniel Wilson,"and Thomas Ballard, Stewart",UnitedHealthcare,16760.65368278007,Elective,2023-01-11,Ibuprofen,Abnormal,10,2023,1
46,Female,AB+,Cancer,2024-01-29,Austin Norman,Hughes-Watson,Cigna,12499.764043874511,Emergency,2024-01-31,Aspirin,Normal,2,2024,1
45,Male,AB-,Cancer,2022-10-22,Michael Diaz,Sanders-Young,Cigna,29819.161108877448,Emergency,2022-11-11,Aspirin,Inconclusive,20,2022,10
43,Female,A-,Arthritis,2020-04-23,Joshua Allen,Miller-Moore,UnitedHealthcare,20417.54787221146,Urgent,2020-04-30,Lipitor,Abnormal,7,2020,4
77,Male,B-,Obesity,2023-10-23,Jacob Russo,"Brown Andrews, and Cunningham",Medicare,35965.91152992376,Urgent,2023-11-16,Ibuprofen,Normal,24,2023,10
60,Female,O+,Obesity,2019-06-13,Natalie Smith,"Scott and Lee, Morris",Cigna,7572.204424910875,Emergency,2019-06-17,Lipitor,Abnormal,4,2019,6
61,Female,A+,Asthma,2019-09-30,Anthony Vasquez,Mahoney-Cooper,Medicare,15522.63741263111,Urgent,2019-10-02,Aspirin,Inconclusive,2,2019,9
46,Female,A-,Hypertension,2023-05-19,Antonio Nash,Ltd Olson,Cigna,31679.407834797545,Urgent,2023-06-16,Paracetamol,Inconclusive,28,2023,5
37,Male,B-,Diabetes,2020-01-28,Jeffery Peterson,"and Castillo, Hale Hart",Cigna,23670.35232571978,Emergency,2020-02-22,Lipitor,Abnormal,25,2020,1
30,Male,B+,Hypertension,2019-09-27,Daniel Lucas,Harris-Chambers,Medicare,13470.801781948943,Emergency,2019-10-25,Lipitor,Inconclusive,28,2019,9
63,Female,A+,Arthritis,2022-01-17,Lisa Torres,Wolf PLC,Blue Cross,16244.790116659042,Emergency,2022-02-15,Aspirin,Inconclusive,29,2022,1
75,Female,O-,Hypertension,2020-08-27,Robert Jimenez,Shepherd-Mitchell,Cigna,8631.941077924339,Urgent,2020-09-04,Penicillin,Inconclusive,8,2020,8
33,Female,O-,Hypertension,2023-04-04,Miss Nicole Hernandez MD,"and Smith, Ball Gregory",Cigna,24417.40573359802,Emergency,2023-04-06,Paracetamol,Abnormal,2,2023,4
23,Male,O-,Asthma,2021-12-06,Lori Campbell,Juarez-Smith,Cigna,23029.46372318046,Emergency,2021-12-08,Paracetamol,Normal,2,2021,12
28,Female,A-,Asthma,2019-07-27,Michael Lee,"Lindsey and Keller Taylor,",Cigna,21785.610651801355,Elective,2019-08-20,Lipitor,Abnormal,24,2019,7
26,Male,AB-,Diabetes,2022-05-03,Michael Fisher,"and Wallace Larson, Berry",UnitedHealthcare,25309.195831167457,Elective,2022-06-02,Penicillin,Inconclusive,30,2022,5
42,Female,O+,Asthma,2021-11-23,Christopher Shaw,Sons Martin and,Aetna,28725.62616677494,Elective,2021-12-15,Penicillin,Inconclusive,22,2021,11
83,Male,AB+,Obesity,2021-04-15,Karen Chavez,Daniels-Simmons,Cigna,21514.46660265429,Emergency,2021-05-15,Ibuprofen,Normal,30,2021,4
75,Female,B+,Asthma,2019-11-04,Devin Gibbs,Cabrera-Lawrence,Medicare,32809.02052065732,Elective,2019-11-18,Penicillin,Abnormal,14,2019,11
43,Female,B-,Asthma,2022-04-27,Stephanie Castillo,Rose Inc,UnitedHealthcare,43092.43343320178,Urgent,2022-05-09,Ibuprofen,Normal,12,2022,4
64,Female,O-,Diabetes,2023-04-08,Todd Smith,LLC Aguilar,UnitedHealthcare,44097.99606553766,Urgent,2023-04-21,Lipitor,Abnormal,13,2023,4
22,Female,A-,Obesity,2020-07-17,Walter Hubbard,Simmons-Diaz,UnitedHealthcare,24517.68496165819,Urgent,2020-07-31,Paracetamol,Abnormal,14,2020,7
83,Female,A+,Hypertension,2022-07-04,Jerry Miller,Daugherty-Singleton,Cigna,43810.13719933162,Emergency,2022-07-31,Penicillin,Normal,27,2022,7
72,Female,B+,Arthritis,2024-01-12,Scott Ross,Inc Roberts,Aetna,11584.044409939224,Emergency,2024-01-17,Lipitor,Normal,5,2024,1
32,Female,O+,Asthma,2019-10-03,Joanne White,and Sons White,Aetna,47050.2246246499,Elective,2019-10-08,Paracetamol,Normal,5,2019,10
28,Male,B+,Arthritis,2019-09-21,Whitney Pope,"Smith, Bruce and Johnson",Cigna,19795.42384363157,Emergency,2019-10-03,Ibuprofen,Abnormal,12,2019,9
42,Male,A+,Diabetes,2023-01-16,Jennifer Johnson,Lloyd Group,Aetna,1620.954559239325,Elective,2023-02-14,Lipitor,Normal,29,2023,1
33,Male,O+,Arthritis,2019-08-17,Dominique Mclean,"Perkins, Palmer Brooks and",Medicare,39365.470757672025,Emergency,2019-08-20,Paracetamol,Inconclusive,3,2019,8
73,Female,B+,Diabetes,2020-02-03,Michael Dillon,Chavez Sons and,Blue Cross,20573.855988122054,Emergency,2020-03-02,Paracetamol,Abnormal,28,2020,2
27,Male,A+,Asthma,2021-06-30,Miranda Mccormick,Kaiser-Chapman,UnitedHealthcare,8860.357522703607,Emergency,2021-07-23,Paracetamol,Normal,23,2021,6
55,Male,A-,Hypertension,2019-12-05,Jamie Hodges,LLC Taylor,Cigna,8407.06052631461,Elective,2019-12-15,Lipitor,Normal,10,2019,12
44,Female,O-,Asthma,2020-10-25,Mary Davenport,"Harding Davis Phillips, and",Medicare,46201.10342986205,Emergency,2020-11-24,Lipitor,Normal,30,2020,10
29,Male,B-,Arthritis,2022-01-25,David Simmons,Cervantes-Williams,Aetna,33451.04893113954,Urgent,2022-02-16,Penicillin,Abnormal,22,2022,1
83,Male,AB-,Arthritis,2022-10-18,Jason Orr,and Ferrell Sons,Medicare,9363.68742875969,Urgent,2022-11-15,Ibuprofen,Inconclusive,28,2022,10
73,Male,B+,Diabetes,2022-12-09,Jeremy Fernandez,"and Moody Landry, Miller",Medicare,18939.472940100983,Elective,2022-12-20,Aspirin,Inconclusive,11,2022,12
69,Female,O-,Asthma,2022-08-26,Angela Knight,"Lopez, Mendoza and Garrett",UnitedHealthcare,42834.33232754344,Elective,2022-09-04,Ibuprofen,Inconclusive,9,2022,8
83,Female,A+,Arthritis,2020-12-08,Allen Duarte,Hendrix Inc,Cigna,26910.93423086344,Elective,2020-12-22,Ibuprofen,Normal,14,2020,12
19,Female,AB+,Asthma,2021-11-14,Tiffany Hansen,"and Krause Walters Bird,",Medicare,25722.58353140745,Emergency,2021-11-16,Lipitor,Normal,2,2021,11
61,Female,A-,Hypertension,2019-06-01,James Morales,"Villarreal and Herman, Graham",Aetna,6971.498296481301,Emergency,2019-06-02,Paracetamol,Normal,1,2019,6
65,Male,B+,Diabetes,2020-04-16,Kimberly Marshall,Group Bowman,Cigna,26649.40424003894,Urgent,2020-04-26,Lipitor,Normal,10,2020,4
74,Male,AB+,Cancer,2023-02-10,Andrea Lewis,"and Johnson Walker Bruce,",Cigna,86.13370727390657,Urgent,2023-03-12,Ibuprofen,Inconclusive,30,2023,2
31,Male,A-,Diabetes,2022-11-28,Mrs. Alexa Boyd,"Clarke and Roth, Donovan",Blue Cross,25781.85402876133,Emergency,2022-12-17,Penicillin,Inconclusive,19,2022,11
41,Male,A-,Asthma,2019-11-23,Leslie Raymond,Gonzales PLC,Blue Cross,24510.889034779968,Elective,2019-12-23,Aspirin,Abnormal,30,2019,11
78,Female,B-,Diabetes,2022-11-15,Kaitlyn Gonzalez,Ltd Chambers,Medicare,41620.95993842201,Elective,2022-11-18,Paracetamol,Abnormal,3,2022,11
55,Male,AB-,Obesity,2023-03-13,Dustin Williams,"Frazier and Wilkins, Thompson",Aetna,30468.43056625319,Elective,2023-03-18,Penicillin,Normal,5,2023,3
62,Male,O+,Diabetes,2020-01-07,Adam Bradley,Frye Inc,Cigna,45982.85966518884,Urgent,2020-01-25,Lipitor,Inconclusive,18,2020,1
29,Male,O-,Asthma,2022-03-06,Anne Park,Inc Erickson,UnitedHealthcare,8525.84477127109,Emergency,2022-03-20,Ibuprofen,Inconclusive,14,2022,3
21,Female,O+,Hypertension,2023-05-10,Daniel Rodriguez,Sons Williams and,UnitedHealthcare,8285.168134586034,Elective,2023-05-31,Penicillin,Inconclusive,21,2023,5
20,Female,B-,Obesity,2023-05-05,Kathy Thompson,Inc Hernandez,Blue Cross,24660.87942211038,Emergency,2023-05-18,Aspirin,Abnormal,13,2023,5
77,Female,B-,Diabetes,2022-02-11,Dean Powell,"Phelps, and Williams Briggs",Cigna,19703.452203523928,Elective,2022-03-04,Aspirin,Inconclusive,21,2022,2
82,Male,AB-,Diabetes,2021-06-04,Raymond Henry,Ltd Mccarty,UnitedHealthcare,41092.12647670139,Elective,2021-06-16,Penicillin,Normal,12,2021,6
74,Female,AB+,Cancer,2021-03-24,Maria Wells,Santiago-Martinez,Aetna,27896.7123642485,Elective,2021-04-13,Paracetamol,Inconclusive,20,2021,3
77,Male,AB+,Diabetes,2020-01-10,Jared Olson,Berry-Gonzales,Medicare,38251.68608159162,Emergency,2020-01-22,Penicillin,Inconclusive,12,2020,1
23,Male,AB-,Arthritis,2023-10-25,Hannah Powell,Schwartz-Jones,Cigna,29784.298291516687,Urgent,2023-11-19,Ibuprofen,Abnormal,25,2023,10
65,Female,AB+,Asthma,2021-09-19,Patricia Castro,Williams Group,Blue Cross,29051.731201288883,Emergency,2021-10-06,Penicillin,Inconclusive,17,2021,9
33,Male,B-,Asthma,2021-04-06,William Gonzalez,Inc Buchanan,Cigna,13781.522035785374,Elective,2021-04-30,Penicillin,Abnormal,24,2021,4
65,Male,B+,Obesity,2022-07-11,Stephen Hayes,"Miller Nguyen, Harris and",Cigna,34362.893724669935,Urgent,2022-07-22,Aspirin,Inconclusive,11,2022,7
64,Female,B+,Diabetes,2021-02-27,Stephen Salazar,"and Baldwin, King Stephens",UnitedHealthcare,10941.871272382745,Elective,2021-03-13,Aspirin,Inconclusive,14,2021,2
24,Male,AB-,Diabetes,2022-10-29,Christopher Sanders,Group Calderon,Aetna,7566.4276050717535,Elective,2022-11-21,Aspirin,Abnormal,23,2022,10
29,Female,B+,Hypertension,2020-08-09,Albert Gibson,"and Fleming, Powell Bryant",Aetna,17754.039840404814,Emergency,2020-08-18,Ibuprofen,Abnormal,9,2020,8
34,Female,B+,Cancer,2021-03-09,Keith Anderson,Hall-Mendoza,Aetna,49650.679476276106,Elective,2021-03-11,Lipitor,Inconclusive,2,2021,3
68,Male,O+,Obesity,2023-09-17,Paul Lee,Thompson PLC,Cigna,43462.814126202335,Elective,2023-09-19,Aspirin,Abnormal,2,2023,9
78,Male,AB-,Asthma,2021-01-19,Barry Golden,Stevenson LLC,Blue Cross,42693.65069800683,Emergency,2021-02-08,Ibuprofen,Normal,20,2021,1
22,Female,O+,Arthritis,2023-10-21,Shane Hayes,Ltd Richmond,Medicare,45593.40686300614,Elective,2023-10-27,Ibuprofen,Inconclusive,6,2023,10
20,Female,O-,Diabetes,2019-10-02,Derrick Hull,"and Palmer Schaefer, Sullivan",Blue Cross,42312.70796409092,Elective,2019-10-08,Paracetamol,Abnormal,6,2019,10
77,Male,AB-,Obesity,2023-03-17,Tracy Jimenez,"Ellison, and Williams Smith",Aetna,43039.33330463843,Emergency,2023-04-04,Lipitor,Inconclusive,18,2023,3
41,Female,AB-,Asthma,2020-08-15,Michelle Norman,Stewart and Sons,Blue Cross,17761.341870828073,Elective,2020-09-06,Paracetamol,Normal,22,2020,8
71,Male,B+,Hypertension,2022-01-06,Kevin Manning,Riggs-Gomez,UnitedHealthcare,38037.93546742242,Urgent,2022-01-17,Lipitor,Normal,11,2022,1
33,Male,A+,Diabetes,2023-07-11,Desiree Collins,and Sons Matthews,Aetna,44455.535991690165,Emergency,2023-07-26,Lipitor,Normal,15,2023,7
27,Female,A-,Hypertension,2022-10-24,Kelly Santiago,LLC Alvarez,Cigna,29648.6334127615,Emergency,2022-10-30,Aspirin,Normal,6,2022,10
50,Female,A-,Hypertension,2022-10-20,Michelle Cruz,Inc Blake,Blue Cross,21066.163553034035,Urgent,2022-11-13,Aspirin,Inconclusive,24,2022,10
67,Female,B-,Asthma,2020-04-05,Blake Barnes,Tran Group,Cigna,46525.28602500072,Urgent,2020-04-12,Aspirin,Normal,7,2020,4
76,Male,O+,Obesity,2022-12-14,Stephen Shields,LLC Garcia,UnitedHealthcare,41286.98628623965,Emergency,2022-12-21,Penicillin,Inconclusive,7,2022,12
69,Female,B-,Asthma,2021-03-21,Julie Lewis MD,Colon-Fisher,Aetna,27389.16278350989,Emergency,2021-04-12,Ibuprofen,Abnormal,22,2021,3
24,Male,AB-,Diabetes,2021-07-07,Chad Stevens,"Gilbert, Brooks Peterson and",Aetna,5544.369428350944,Elective,2021-08-04,Paracetamol,Abnormal,28,2021,7
44,Female,B+,Arthritis,2020-05-29,David Strickland,Arias-Allen,Blue Cross,35636.37703449842,Elective,2020-06-26,Aspirin,Abnormal,28,2020,5
70,Female,B+,Obesity,2021-07-16,Lisa Francis,and Tucker Sons,Medicare,3267.053241674148,Urgent,2021-07-25,Aspirin,Abnormal,9,2021,7
81,Female,AB+,Obesity,2021-09-20,Todd George,Medina-Bennett,Cigna,11862.202961460698,Urgent,2021-09-25,Ibuprofen,Inconclusive,5,2021,9
49,Female,B-,Diabetes,2023-01-26,Mary Mcdaniel,Inc Martin,Cigna,48514.544666863934,Elective,2023-02-01,Paracetamol,Inconclusive,6,2023,1
66,Male,O-,Cancer,2021-02-12,Kristin Ray,Peters Group,UnitedHealthcare,13761.518206463452,Urgent,2021-02-18,Aspirin,Normal,6,2021,2
56,Female,B+,Cancer,2022-12-01,Terry Campbell,Woodward PLC,UnitedHealthcare,13802.066256588065,Emergency,2022-12-15,Lipitor,Normal,14,2022,12
72,Male,O+,Cancer,2021-07-29,Denise Erickson,"Phillips and Conrad Herrera,",Aetna,21697.798390819346,Urgent,2021-08-22,Aspirin,Inconclusive,24,2021,7
22,Female,AB-,Obesity,2019-07-21,Julia Daniels,Myers LLC,UnitedHealthcare,29983.60449146781,Elective,2019-08-04,Penicillin,Inconclusive,14,2019,7
36,Female,B-,Diabetes,2022-08-06,Barbara Mendez,"and Williams Garza Smith,",Blue Cross,9176.54673490876,Elective,2022-08-25,Lipitor,Inconclusive,19,2022,8
69,Male,O+,Obesity,2020-04-30,Gabrielle Sutton,Perry-Bean,UnitedHealthcare,32091.8014532615,Emergency,2020-05-21,Lipitor,Inconclusive,21,2020,4
26,Female,A-,Obesity,2019-05-26,Jason Smith,"Nguyen Baker Walker, and",UnitedHealthcare,45077.89708659105,Urgent,2019-06-05,Paracetamol,Inconclusive,10,2019,5
70,Male,A-,Cancer,2020-12-16,Daniel Anderson,Jackson LLC,Blue Cross,4663.982180061658,Elective,2020-12-27,Paracetamol,Normal,11,2020,12
39,Female,O-,Cancer,2022-04-26,Danny Jackson,Williams-Fisher,UnitedHealthcare,11031.75004890182,Urgent,2022-04-28,Lipitor,Normal,2,2022,4
36,Male,AB+,Asthma,2023-08-06,Kelly Parrish,"and Curtis, Robles Adkins",Cigna,47716.65050176386,Urgent,2023-08-08,Ibuprofen,Normal,2,2023,8
47,Female,O-,Diabetes,2024-03-08,Robert Maldonado,and Golden Sons,Cigna,8507.744604252264,Emergency,2024-03-24,Lipitor,Normal,16,2024,3
57,Male,B+,Diabetes,2021-09-02,Hannah Hernandez,Vargas LLC,Aetna,39618.07800313061,Urgent,2021-09-03,Aspirin,Abnormal,1,2021,9
26,Male,A-,Diabetes,2019-06-23,Jacqueline Walters,Group Stevenson,Aetna,7359.456576805352,Elective,2019-07-15,Lipitor,Abnormal,22,2019,6
65,Female,O+,Hypertension,2024-03-22,Logan White,Pittman Group,UnitedHealthcare,1586.6824737532318,Elective,2024-03-30,Ibuprofen,Normal,8,2024,3
48,Female,AB-,Arthritis,2019-07-18,Emily Kelly,and Johnston Sons,Aetna,19086.662500879294,Urgent,2019-07-31,Lipitor,Inconclusive,13,2019,7
18,Male,A+,Diabetes,2019-09-26,Andrew Moore,"Richmond and Garcia, Choi",Aetna,11296.843022882678,Urgent,2019-10-08,Penicillin,Inconclusive,12,2019,9
64,Male,O-,Obesity,2019-09-02,Steven Williams,"Mckenzie Perry and Coleman,",UnitedHealthcare,17498.770262855007,Elective,2019-09-04,Lipitor,Abnormal,2,2019,9
38,Male,B+,Asthma,2022-12-08,Glenn Wilkinson,Barber-Lopez,UnitedHealthcare,33161.536012380864,Urgent,2023-01-04,Ibuprofen,Normal,27,2022,12
41,Female,B+,Arthritis,2022-07-04,Richard Singh,"and Gonzalez, James Kelly",Cigna,15328.96044599946,Elective,2022-07-24,Lipitor,Abnormal,20,2022,7
31,Female,A-,Obesity,2020-10-30,David Richards,Herrera-Shaw,Cigna,5728.488632198708,Urgent,2020-11-12,Penicillin,Abnormal,13,2020,10
44,Female,B-,Asthma,2023-10-09,Brenda Morris,Williams-Carr,UnitedHealthcare,3330.453849826086,Elective,2023-11-02,Lipitor,Abnormal,24,2023,10
48,Male,O+,Arthritis,2021-12-29,Dominique Kelly,Oneill-Calhoun,Medicare,44161.57270540499,Elective,2021-12-30,Paracetamol,Inconclusive,1,2021,12
81,Female,A-,Obesity,2019-11-05,Pamela Hall,"Rogers, French and Henry",Medicare,21638.00451310421,Urgent,2019-11-11,Paracetamol,Abnormal,6,2019,11
60,Female,A+,Hypertension,2022-10-07,Marie Mendoza,Sanders-Boyle,Medicare,49794.26309249824,Emergency,2022-10-21,Lipitor,Inconclusive,14,2022,10
20,Male,AB+,Cancer,2022-08-23,Jonathan Haynes,Williams-Gonzalez,UnitedHealthcare,28262.090215478973,Emergency,2022-09-04,Lipitor,Normal,12,2022,8
42,Male,O+,Diabetes,2024-01-17,Erika Lee,"Mcguire, Hicks Phillips and",Blue Cross,4795.820264916153,Urgent,2024-02-03,Aspirin,Normal,17,2024,1
23,Male,AB+,Arthritis,2020-08-01,Nicholas Simmons DDS,"Jones Miller and Williams,",Cigna,3181.348716264334,Emergency,2020-08-24,Ibuprofen,Abnormal,23,2020,8
54,Female,A-,Obesity,2024-01-27,Kimberly Rosario,"and Ortega, Andrade Tran",Blue Cross,37572.61671276392,Elective,2024-02-02,Lipitor,Normal,6,2024,1
47,Female,B-,Asthma,2019-12-15,Joan Peters,"and Castaneda Romero Powell,",Cigna,13940.66131830201,Urgent,2020-01-12,Penicillin,Inconclusive,28,2019,12
57,Male,A-,Asthma,2020-11-20,Jeremiah Rodgers,LLC Joseph,Blue Cross,33800.49716008106,Urgent,2020-12-18,Paracetamol,Abnormal,28,2020,11
77,Male,AB+,Cancer,2019-08-05,Gary Wilson,Dawson Group,Aetna,43253.5082776127,Elective,2019-09-02,Lipitor,Normal,28,2019,8
39,Female,O-,Asthma,2022-01-01,Jason Valenzuela,Ochoa LLC,UnitedHealthcare,39637.60696930751,Urgent,2022-01-10,Paracetamol,Inconclusive,9,2022,1
45,Female,A-,Arthritis,2021-08-21,Stephen Hess,"Foster, Bentley and Price",Aetna,27623.69484264052,Elective,2021-09-04,Lipitor,Normal,14,2021,8
21,Male,AB+,Arthritis,2019-11-10,Emily Taylor,"Hill, Norris Montgomery and",Aetna,24199.96960372091,Urgent,2019-12-09,Lipitor,Inconclusive,29,2019,11
33,Female,O+,Hypertension,2020-04-20,Anne Arnold,Compton PLC,Blue Cross,20328.67770435145,Emergency,2020-05-09,Aspirin,Inconclusive,19,2020,4
33,Male,O-,Hypertension,2021-09-19,Daniel Harrison,Sons and Barrett,Blue Cross,31264.855164910463,Urgent,2021-10-15,Ibuprofen,Inconclusive,26,2021,9
33,Male,A-,Cancer,2020-10-12,Donald Jackson,Webb Ltd,Cigna,32845.7964242236,Elective,2020-10-24,Ibuprofen,Inconclusive,12,2020,10
30,Male,B+,Diabetes,2020-05-27,Gina Gregory,Peterson-Ortiz,Medicare,49459.6227513428,Emergency,2020-06-21,Penicillin,Normal,25,2020,5
51,Male,A+,Hypertension,2021-08-29,Kathryn Hays,Shaw Inc,Blue Cross,21114.39742988837,Emergency,2021-09-06,Lipitor,Abnormal,8,2021,8
73,Male,O-,Asthma,2022-12-24,Patrick Johnson,"Guzman, and Krause Gray",Cigna,29194.69015576407,Urgent,2022-12-25,Paracetamol,Normal,1,2022,12
79,Female,O-,Cancer,2022-01-02,Jorge Parrish,Sons Cox and,Blue Cross,46661.68097735797,Elective,2022-01-30,Paracetamol,Normal,28,2022,1
20,Male,B+,Arthritis,2020-05-05,Linda Villa,Hendrix-Hobbs,Medicare,13359.863232889002,Elective,2020-05-11,Lipitor,Normal,6,2020,5
18,Male,AB+,Hypertension,2024-05-01,Kathy Scott,Hale-Franklin,UnitedHealthcare,44968.17138413095,Elective,2024-05-20,Ibuprofen,Abnormal,19,2024,5
39,Female,A+,Arthritis,2020-04-11,Richard Avery,Bowman-Molina,UnitedHealthcare,48522.92914571345,Elective,2020-05-11,Aspirin,Abnormal,30,2020,4
67,Male,AB-,Diabetes,2024-03-09,Erik Baird,Reyes-Diaz,UnitedHealthcare,4279.381659864344,Urgent,2024-03-18,Penicillin,Inconclusive,9,2024,3
30,Male,B+,Obesity,2023-05-06,Joshua Moore,"Olson, Smith Martin and",Aetna,10174.16323695062,Elective,2023-05-14,Ibuprofen,Abnormal,8,2023,5
58,Female,O+,Arthritis,2021-11-19,Jerry Garcia,Blankenship-Scott,Aetna,22374.22969273752,Elective,2021-12-02,Aspirin,Normal,13,2021,11
84,Male,O-,Hypertension,2023-04-23,Mario Gonzales,Garcia-Jacobs,Cigna,50288.99246300997,Urgent,2023-04-25,Lipitor,Inconclusive,2,2023,4
79,Female,O-,Cancer,2023-05-24,Benjamin Hamilton,"Walters and Orr Butler,",Cigna,10259.20022173271,Emergency,2023-05-30,Aspirin,Normal,6,2023,5
37,Female,A+,Obesity,2022-09-22,Danielle Rivera,"and Galvan, Villa Decker",Cigna,15035.768097539742,Elective,2022-10-11,Ibuprofen,Inconclusive,19,2022,9
49,Female,O-,Asthma,2021-02-03,Dale Chambers,"Brown Baldwin and David,",Medicare,12043.659508295024,Urgent,2021-02-04,Penicillin,Normal,1,2021,2
85,Female,O-,Cancer,2019-10-21,Corey Anderson,Garcia-Johnson,Medicare,32387.932894513604,Elective,2019-11-04,Aspirin,Abnormal,14,2019,10
60,Female,A-,Hypertension,2021-07-07,Sally Thompson,Johnson-Whitehead,Blue Cross,49236.85831370565,Urgent,2021-07-15,Ibuprofen,Inconclusive,8,2021,7
32,Male,O+,Arthritis,2022-04-09,Michael Conley,Martinez Ltd,Blue Cross,15887.28637060076,Elective,2022-05-01,Lipitor,Abnormal,22,2022,4
43,Male,A+,Asthma,2021-09-03,Katherine Roman,"and Garcia, Steele Christensen",Aetna,39417.57324712461,Emergency,2021-10-03,Penicillin,Normal,30,2021,9
73,Female,O+,Diabetes,2022-12-31,Alicia Williams,Ltd Burns,Blue Cross,47338.12626298895,Emergency,2023-01-17,Penicillin,Abnormal,17,2022,12
81,Male,O-,Obesity,2021-02-09,Christine Lopez,Larson PLC,Aetna,31352.938800864813,Elective,2021-02-17,Paracetamol,Normal,8,2021,2
47,Male,O-,Diabetes,2020-03-14,Lisa Obrien,Contreras-Johnson,UnitedHealthcare,37456.92807159032,Urgent,2020-03-28,Penicillin,Inconclusive,14,2020,3
80,Female,A-,Asthma,2022-06-19,Ashley Graves,Welch-Cole,Aetna,30297.525425920187,Emergency,2022-07-19,Lipitor,Abnormal,30,2022,6
70,Male,O+,Obesity,2020-06-14,Mrs. Elizabeth Wells DVM,Kerr LLC,UnitedHealthcare,11546.307042375498,Elective,2020-06-22,Lipitor,Normal,8,2020,6
67,Male,O-,Diabetes,2022-02-13,Rodney Hill,"Esparza Smith, Glass and",Cigna,11972.362782278886,Elective,2022-03-04,Lipitor,Inconclusive,19,2022,2
65,Female,A-,Arthritis,2020-12-30,Brandon Ward,Harris Group,Blue Cross,1421.891347124143,Emergency,2021-01-19,Lipitor,Normal,20,2020,12
75,Male,B+,Arthritis,2023-01-11,James Jenkins,Inc Graham,UnitedHealthcare,40283.80682165911,Emergency,2023-02-07,Paracetamol,Normal,27,2023,1
47,Female,A+,Cancer,2023-08-04,Brett Wells,Ltd Young,Cigna,21984.86224324173,Urgent,2023-08-19,Lipitor,Normal,15,2023,8
62,Female,B+,Arthritis,2020-12-21,Nicholas Hanna,Smith LLC,Aetna,26028.60244267516,Urgent,2021-01-20,Lipitor,Abnormal,30,2020,12
58,Male,B+,Hypertension,2022-07-01,Jennifer Howard,Bishop Inc,Blue Cross,3397.403181473157,Urgent,2022-07-04,Paracetamol,Abnormal,3,2022,7
34,Female,O-,Arthritis,2020-11-03,Gary Garza,Young Inc,Medicare,18811.0111033711,Elective,2020-11-16,Penicillin,Inconclusive,13,2020,11
57,Female,AB+,Diabetes,2023-04-04,Jaime Elliott,"and Vazquez, Burns Smith",Aetna,36443.23027606307,Elective,2023-04-27,Penicillin,Normal,23,2023,4
37,Female,B+,Diabetes,2023-10-01,Mark Paul,Lee-Miller,Aetna,20798.40122979119,Emergency,2023-10-28,Ibuprofen,Inconclusive,27,2023,10
63,Male,A-,Asthma,2022-12-27,Wendy Johnson,Allison PLC,Aetna,15593.004976999677,Urgent,2023-01-10,Lipitor,Inconclusive,14,2022,12
69,Female,O-,Diabetes,2021-09-05,Bradley Williams,"Hudson Reynolds, and Gonzalez",Medicare,44346.11128418454,Emergency,2021-09-10,Paracetamol,Inconclusive,5,2021,9
38,Male,O-,Diabetes,2020-10-18,John Benjamin,Adams Ltd,Cigna,24915.745886761444,Urgent,2020-11-14,Ibuprofen,Normal,27,2020,10
39,Male,O+,Obesity,2022-02-01,Ryan Leonard,LLC Wells,Blue Cross,16917.955364583184,Elective,2022-02-20,Paracetamol,Normal,19,2022,2
54,Female,B-,Diabetes,2021-04-13,Christopher Walker,"Wood Black, and Kelley",Blue Cross,43031.19296295528,Urgent,2021-05-13,Ibuprofen,Inconclusive,30,2021,4
71,Female,B-,Diabetes,2020-02-23,Kari Rush,Smith-Barr,Medicare,17692.50049846005,Elective,2020-03-22,Penicillin,Normal,28,2020,2
80,Male,A+,Arthritis,2019-12-11,Joshua Tate,Robertson-Glass,UnitedHealthcare,38707.623502942864,Elective,2019-12-26,Aspirin,Normal,15,2019,12
66,Male,AB-,Hypertension,2022-03-25,Michelle Richmond,"Garrett and Lawson, Quinn",Blue Cross,17106.99511900697,Emergency,2022-04-18,Paracetamol,Normal,24,2022,3
39,Male,A-,Arthritis,2020-07-15,Robert Lewis,Group Peters,UnitedHealthcare,6019.28189261108,Elective,2020-08-13,Ibuprofen,Inconclusive,29,2020,7
19,Female,B+,Asthma,2024-04-25,John Porter,"Hunt, and Alvarez Mendoza",UnitedHealthcare,6421.924223283514,Urgent,2024-05-04,Paracetamol,Abnormal,9,2024,4
18,Female,AB-,Hypertension,2023-03-22,Aimee Terry,"Rogers and Meza Callahan,",Blue Cross,28597.787018984072,Emergency,2023-04-05,Lipitor,Abnormal,14,2023,3
26,Male,A-,Obesity,2021-05-23,Brandon Cochran,Wallace-Chan,Medicare,44436.14698474525,Urgent,2021-06-01,Lipitor,Normal,9,2021,5
68,Female,O-,Arthritis,2022-10-26,Alicia Higgins,"Baker, and Padilla Mclaughlin",Blue Cross,12854.176410630993,Urgent,2022-11-12,Ibuprofen,Normal,17,2022,10
46,Female,A+,Hypertension,2019-06-06,Daniel Powers,Blackwell-Gilbert,Cigna,10182.010512845189,Urgent,2019-07-03,Lipitor,Normal,27,2019,6
24,Male,A-,Diabetes,2022-07-09,Gerald Brown,Scott Ltd,Cigna,28296.186681080937,Urgent,2022-08-03,Ibuprofen,Normal,25,2022,7
43,Female,B-,Diabetes,2022-12-28,James Roman,"Murillo and Sanders, Morris",Aetna,36946.386603282444,Emergency,2023-01-14,Aspirin,Abnormal,17,2022,12
52,Female,B-,Asthma,2023-07-06,April Hall,"Livingston, Allen and Burns",Blue Cross,49459.090827475055,Emergency,2023-07-08,Penicillin,Normal,2,2023,7
79,Female,AB+,Hypertension,2024-01-11,David Roach,Ltd Griffin,Medicare,15346.199667205256,Elective,2024-01-27,Aspirin,Normal,16,2024,1
41,Male,A-,Asthma,2019-08-05,Linda Smith,Torres-Hayden,Medicare,18999.32843405176,Urgent,2019-08-25,Penicillin,Abnormal,20,2019,8
79,Female,O-,Hypertension,2021-04-24,Brent Martinez,"Newman and Carroll Morrison,",Medicare,8203.50245225664,Urgent,2021-05-23,Paracetamol,Inconclusive,29,2021,4
45,Male,AB-,Diabetes,2020-05-18,Kathryn Baldwin,Fuentes-Calderon,Aetna,12558.592935563733,Emergency,2020-06-14,Ibuprofen,Inconclusive,27,2020,5
50,Female,O-,Obesity,2020-01-10,Amy Mcbride,"Martin, Nolan and Young",Aetna,35208.66953401717,Urgent,2020-01-14,Penicillin,Inconclusive,4,2020,1
56,Male,B-,Diabetes,2022-02-10,Jesse Flowers,"Marsh Michael Odom, and",Blue Cross,28317.3680897492,Emergency,2022-03-05,Lipitor,Inconclusive,23,2022,2
26,Male,AB-,Cancer,2024-04-14,Justin Brown,PLC Perez,Blue Cross,50459.91761379863,Urgent,2024-04-22,Lipitor,Normal,8,2024,4
60,Female,A-,Cancer,2021-11-26,Misty Brown,"Brown and Henry, Suarez",Aetna,34443.99373790026,Urgent,2021-12-13,Penicillin,Inconclusive,17,2021,11
69,Female,O+,Asthma,2019-12-13,Brian Sims,Franklin-Davis,Cigna,20791.54544427703,Urgent,2020-01-04,Ibuprofen,Normal,22,2019,12
32,Male,O-,Diabetes,2021-08-12,James Allen,Clark-Glass,Medicare,7796.639973763289,Urgent,2021-08-25,Lipitor,Abnormal,13,2021,8
68,Male,A-,Cancer,2019-10-31,Hannah Patel,Anderson Group,Medicare,10743.849059988994,Elective,2019-11-15,Lipitor,Abnormal,15,2019,10
54,Male,B+,Asthma,2021-08-01,Kevin Hill,Meza-Flores,Aetna,34753.23552655666,Emergency,2021-08-27,Paracetamol,Normal,26,2021,8
23,Male,B-,Cancer,2020-08-12,Vanessa Hoffman,LLC Curtis,Medicare,6261.3817310226905,Elective,2020-08-20,Aspirin,Inconclusive,8,2020,8
62,Male,B+,Asthma,2023-10-26,Kristy Huffman,Long LLC,Blue Cross,8906.197870733155,Urgent,2023-11-11,Lipitor,Normal,16,2023,10
27,Female,AB-,Obesity,2024-04-23,Ariel Hunt,Simmons-Patterson,Cigna,1178.6571521081476,Emergency,2024-05-10,Paracetamol,Abnormal,17,2024,4
60,Female,B+,Diabetes,2023-02-21,Diane Owens,Ltd Eaton,Blue Cross,15041.236279359462,Emergency,2023-03-18,Aspirin,Inconclusive,25,2023,2
75,Female,O-,Obesity,2023-07-17,Anthony Guerra,"Evans Michael, and Reyes",Aetna,34749.101639389824,Emergency,2023-07-23,Paracetamol,Inconclusive,6,2023,7
25,Female,AB+,Diabetes,2023-08-20,Emily Lang,PLC Smith,Medicare,3334.713023231093,Urgent,2023-09-18,Aspirin,Inconclusive,29,2023,8
51,Female,B+,Obesity,2020-03-16,Matthew Hall,"Bartlett, Baker and Fowler",Medicare,43082.90659232515,Emergency,2020-03-23,Paracetamol,Normal,7,2020,3
59,Female,B-,Arthritis,2019-10-20,Scott Bryan,White-Gonzalez,Cigna,2457.853237266704,Elective,2019-11-12,Ibuprofen,Inconclusive,23,2019,10
37,Male,B+,Asthma,2023-08-22,Deborah Harris,Burton LLC,Aetna,1966.1268738064011,Emergency,2023-09-08,Ibuprofen,Abnormal,17,2023,8
85,Female,O+,Arthritis,2021-02-08,Jerry Hopkins,"Cooper Brown Parks, and",Aetna,34500.01681732137,Elective,2021-02-20,Penicillin,Inconclusive,12,2021,2
71,Female,AB-,Obesity,2023-08-27,Brenda Hunt,Jones-Hunter,Blue Cross,8291.998206340239,Elective,2023-09-11,Aspirin,Inconclusive,15,2023,8
46,Female,O+,Obesity,2020-07-26,Nicole Brown,Velez Sons and,UnitedHealthcare,39436.2602784874,Emergency,2020-07-27,Paracetamol,Abnormal,1,2020,7
57,Female,B+,Obesity,2023-05-23,Casey Baker,"and Cisneros Jackson, Kelly",Blue Cross,6257.385756620008,Elective,2023-06-13,Penicillin,Abnormal,21,2023,5
33,Female,O-,Arthritis,2019-08-09,Jennifer Fox,LLC Berry,Medicare,11628.47838161328,Urgent,2019-08-17,Aspirin,Abnormal,8,2019,8
32,Male,A-,Hypertension,2019-07-22,Lindsay Obrien,"Williams Guerrero Robinson, and",Medicare,13650.856573142071,Urgent,2019-08-11,Lipitor,Inconclusive,20,2019,7
29,Female,A-,Diabetes,2020-01-07,Valerie Perez,"and Adams Brown, Fuller",Aetna,11235.251482319522,Elective,2020-01-23,Aspirin,Inconclusive,16,2020,1
79,Female,B-,Arthritis,2020-11-16,Jacob Roberson,Meyers-Jenkins,UnitedHealthcare,38471.76940095221,Urgent,2020-12-12,Paracetamol,Abnormal,26,2020,11
79,Female,AB-,Asthma,2021-08-13,Christopher Shepherd,Arnold-Nguyen,UnitedHealthcare,39686.34887917945,Urgent,2021-08-18,Aspirin,Abnormal,5,2021,8
68,Female,O+,Cancer,2020-10-16,Steven Parker,"Patterson, Walker Turner and",UnitedHealthcare,23843.80438645032,Emergency,2020-10-18,Paracetamol,Inconclusive,2,2020,10
24,Male,O-,Hypertension,2022-11-06,Dominique Torres,Bryant Group,Medicare,37324.26710356106,Urgent,2022-11-11,Penicillin,Inconclusive,5,2022,11
49,Male,O-,Cancer,2019-10-20,Brandon Carroll,LLC Moreno,Aetna,5864.241271967461,Elective,2019-10-25,Paracetamol,Normal,5,2019,10
58,Male,B-,Asthma,2021-06-02,Charles Young,Group Bolton,UnitedHealthcare,9516.370414057998,Elective,2021-06-29,Paracetamol,Normal,27,2021,6
78,Female,AB+,Arthritis,2023-08-07,Austin Austin,"Stewart Guzman Moore, and",UnitedHealthcare,12753.266006558444,Emergency,2023-08-20,Aspirin,Inconclusive,13,2023,8
27,Male,O+,Arthritis,2020-06-21,Stacey Rios,"Barber, Rojas Carlson and",Cigna,19147.981419945045,Emergency,2020-07-19,Paracetamol,Inconclusive,28,2020,6
66,Male,A-,Diabetes,2022-03-22,Nicole Martin,Ball-Brown,Blue Cross,19499.202716375657,Elective,2022-04-03,Lipitor,Inconclusive,12,2022,3
71,Female,O-,Cancer,2020-08-16,Matthew Fox,"Daniels Moore Lloyd, and",UnitedHealthcare,31408.159069391317,Elective,2020-09-13,Lipitor,Abnormal,28,2020,8
70,Male,A-,Asthma,2022-12-14,Andrew Parker III,Thomas Sons and,Blue Cross,28592.41276094037,Elective,2022-12-25,Lipitor,Abnormal,11,2022,12
35,Female,A+,Obesity,2021-03-10,Joe Johnson,Johnson-Larson,Blue Cross,2154.5983843657896,Emergency,2021-04-08,Aspirin,Abnormal,29,2021,3
30,Female,AB+,Obesity,2021-04-19,Heidi Sanchez,"Smith Jensen, Shaffer and",UnitedHealthcare,42524.70332796175,Urgent,2021-05-11,Ibuprofen,Inconclusive,22,2021,4
60,Female,A-,Diabetes,2020-03-13,David Wilson,Group Ward,Medicare,49649.94808005022,Elective,2020-04-01,Aspirin,Normal,19,2020,3
79,Female,A-,Asthma,2022-06-15,Jeff Paul,Hale-Johnson,UnitedHealthcare,37300.43284368145,Elective,2022-06-20,Ibuprofen,Abnormal,5,2022,6
85,Female,A+,Diabetes,2022-09-08,Nicole Perkins,LLC Jones,UnitedHealthcare,16199.78048327156,Urgent,2022-09-23,Penicillin,Abnormal,15,2022,9
56,Male,B+,Asthma,2023-01-25,Amanda Knox,Winters-Cochran,Cigna,39749.84111012328,Emergency,2023-02-16,Paracetamol,Inconclusive,22,2023,1
55,Male,B+,Obesity,2022-11-19,Jared Smith,"Ortiz, Franklin Freeman and",Cigna,30592.80185180128,Emergency,2022-12-17,Penicillin,Normal,28,2022,11
82,Female,O-,Asthma,2019-09-04,Rachel Underwood,and Sons Morton,UnitedHealthcare,35571.41624817852,Urgent,2019-09-26,Aspirin,Abnormal,22,2019,9
44,Female,A-,Diabetes,2023-03-01,Ricardo Watson,Middleton-Hill,Cigna,39764.57600979954,Emergency,2023-03-05,Lipitor,Abnormal,4,2023,3
18,Male,A-,Asthma,2019-11-27,Lisa Blake,Jackson-Warner,Aetna,21042.78707623329,Elective,2019-12-12,Paracetamol,Normal,15,2019,11
23,Male,B+,Obesity,2019-07-03,John Smith,Mcpherson-Bryant,Blue Cross,13816.212967999783,Urgent,2019-07-29,Lipitor,Inconclusive,26,2019,7
64,Female,A-,Diabetes,2023-10-05,Meghan Mitchell,"and Barber Johnson Coleman,",Aetna,33028.74246515039,Emergency,2023-10-08,Penicillin,Inconclusive,3,2023,10
66,Female,O+,Arthritis,2024-02-04,Sarah Vasquez,PLC Mcdaniel,Blue Cross,30434.143826811967,Elective,2024-02-18,Penicillin,Inconclusive,14,2024,2
76,Female,B-,Asthma,2023-09-16,Mathew Nunez,Hartman-Williams,Blue Cross,14532.916087812237,Elective,2023-09-30,Ibuprofen,Abnormal,14,2023,9
46,Male,A+,Obesity,2020-04-23,Jennifer Saunders,LLC Allen,Medicare,44965.217653549626,Urgent,2020-05-04,Paracetamol,Inconclusive,11,2020,4
42,Female,A-,Diabetes,2023-08-21,Brett Young,Hancock PLC,Blue Cross,5683.950226523266,Urgent,2023-09-15,Paracetamol,Normal,25,2023,8
54,Male,O-,Arthritis,2024-05-07,Theresa Nixon,Harvey-Wright,Medicare,41751.109646889374,Elective,2024-05-19,Ibuprofen,Abnormal,12,2024,5
56,Female,O+,Obesity,2020-01-12,Marc Salazar,Mayo Ltd,Aetna,7853.797910682608,Elective,2020-01-24,Aspirin,Normal,12,2020,1
21,Male,O-,Hypertension,2022-05-07,Nicole Craig,Ballard Ltd,Medicare,28104.40771220128,Elective,2022-05-10,Penicillin,Abnormal,3,2022,5
53,Female,AB+,Diabetes,2022-04-30,Rebecca Dyer,"and Brown English, Sullivan",Medicare,16635.40872071514,Urgent,2022-05-26,Penicillin,Normal,26,2022,4
80,Male,B+,Asthma,2023-05-28,Natalie Jensen,LLC Mccarty,Medicare,35509.36948181284,Emergency,2023-06-21,Lipitor,Normal,24,2023,5
45,Male,B-,Hypertension,2022-07-20,Taylor Fry,Lynch-Anthony,Medicare,34302.39626132039,Elective,2022-07-30,Aspirin,Inconclusive,10,2022,7
29,Male,A-,Cancer,2021-06-30,Mrs. Rebecca Johnson,Garcia-Bennett,Blue Cross,14425.888133569615,Elective,2021-07-09,Aspirin,Inconclusive,9,2021,6
45,Male,B-,Diabetes,2023-12-19,Joshua Johnson,"and Wall, Williams Jensen",UnitedHealthcare,39351.22495285918,Emergency,2023-12-31,Penicillin,Abnormal,12,2023,12
37,Female,A+,Arthritis,2020-05-31,Jennifer Hernandez,"Zuniga Rogers and Jones,",Medicare,11993.950729301516,Urgent,2020-06-20,Lipitor,Normal,20,2020,5
33,Female,AB+,Hypertension,2021-08-03,Wendy Carter,"Hughes and Ramirez, Gordon",Cigna,31564.253433486578,Elective,2021-08-06,Lipitor,Inconclusive,3,2021,8
34,Female,A-,Asthma,2020-06-12,Joseph Curtis,Ltd Thompson,Cigna,33385.39459283924,Elective,2020-07-12,Ibuprofen,Normal,30,2020,6
75,Female,O-,Hypertension,2022-06-18,Kevin Montgomery,"Booker Smith, Harrison and",UnitedHealthcare,38373.76279689268,Urgent,2022-06-21,Ibuprofen,Abnormal,3,2022,6
47,Male,O+,Asthma,2021-03-17,Bruce Martin,Stone-Gross,Aetna,34609.63133962324,Elective,2021-04-16,Ibuprofen,Inconclusive,30,2021,3
59,Female,B+,Arthritis,2021-05-23,Tammy Sosa,"Gutierrez, Massey Chaney and",Medicare,42840.4389842346,Elective,2021-06-07,Paracetamol,Abnormal,15,2021,5
41,Male,AB-,Cancer,2023-07-16,Elizabeth Montgomery,"Shepherd and Ho, Delgado",Aetna,4610.488991416458,Urgent,2023-08-11,Paracetamol,Abnormal,26,2023,7
19,Male,B-,Asthma,2020-11-05,Charles Williams,"and Maldonado Mora Gonzalez,",Medicare,35400.3830081902,Urgent,2020-11-18,Lipitor,Abnormal,13,2020,11
35,Female,AB+,Asthma,2020-08-06,Marissa Hampton,LLC Mayo,UnitedHealthcare,22963.145964014344,Emergency,2020-09-04,Lipitor,Abnormal,29,2020,8
69,Male,AB+,Arthritis,2019-10-27,Robert Taylor,Bowman-Owens,Blue Cross,45106.024517475904,Emergency,2019-10-30,Penicillin,Normal,3,2019,10
48,Male,A+,Cancer,2023-07-04,Robert Bryant,Cruz-Smith,Blue Cross,30799.600193963863,Urgent,2023-07-13,Aspirin,Normal,9,2023,7
33,Male,AB-,Hypertension,2022-07-25,Julie Fowler,"Curry Robbins, Reeves and",Aetna,32569.35507895076,Elective,2022-08-18,Lipitor,Inconclusive,24,2022,7
62,Male,O+,Diabetes,2022-01-21,Caroline Jackson,Diaz-Olsen,Cigna,25659.06569491364,Urgent,2022-02-15,Ibuprofen,Inconclusive,25,2022,1
26,Female,B-,Obesity,2019-08-04,Kathleen Cummings,"Lee, Kim and Gallagher",Aetna,23170.04619113036,Urgent,2019-08-18,Penicillin,Abnormal,14,2019,8
57,Male,O+,Asthma,2021-12-17,Andrew Taylor,"Harris Werner and Moore,",UnitedHealthcare,2608.3175266104827,Elective,2022-01-16,Penicillin,Abnormal,30,2021,12
38,Male,B+,Hypertension,2021-01-03,Regina Navarro,Smith-Anderson,Aetna,37135.10242605975,Elective,2021-01-14,Paracetamol,Inconclusive,11,2021,1
65,Male,A-,Asthma,2023-02-23,Ronald Davis,Robles Group,Aetna,37224.3732455394,Emergency,2023-03-04,Paracetamol,Normal,9,2023,2
75,Male,B+,Asthma,2020-09-16,Collin Sanchez,Jennings Group,Blue Cross,1561.1163798569155,Urgent,2020-09-28,Ibuprofen,Inconclusive,12,2020,9
69,Female,O+,Cancer,2020-10-02,Thomas Nelson,Mahoney-Fischer,Blue Cross,48162.9645746717,Elective,2020-10-31,Paracetamol,Normal,29,2020,10
73,Male,AB-,Diabetes,2024-01-18,Steven Blanchard MD,Mitchell-Hicks,Blue Cross,45644.74699046579,Elective,2024-02-16,Paracetamol,Abnormal,29,2024,1
42,Female,AB-,Obesity,2021-03-15,Kenneth Mcdaniel,Inc Clark,Medicare,45989.86253889219,Elective,2021-03-22,Lipitor,Abnormal,7,2021,3
31,Male,AB+,Obesity,2021-08-27,Maria Miller,"Walker Garcia, and Williams",Medicare,19335.88586252269,Elective,2021-09-05,Lipitor,Normal,9,2021,8
50,Female,O-,Obesity,2023-05-14,Rachel Potter,"Fuentes, Williams and Flores",Aetna,12984.9508459216,Urgent,2023-06-04,Ibuprofen,Inconclusive,21,2023,5
70,Female,AB-,Diabetes,2020-09-13,Cody Tucker,"Gomez and Norris Holloway,",Cigna,11439.70383974009,Urgent,2020-10-01,Paracetamol,Normal,18,2020,9
40,Female,A+,Arthritis,2024-04-05,Dr. David Mitchell PhD,"and Long Carr, Johnson",Blue Cross,19783.93740776781,Urgent,2024-04-08,Paracetamol,Inconclusive,3,2024,4
46,Female,AB+,Cancer,2020-09-04,Larry Allen,Bonilla and Sons,Aetna,6208.412764229897,Elective,2020-09-06,Lipitor,Normal,2,2020,9
35,Female,B-,Hypertension,2024-04-23,Robert Zavala,Dixon-Ponce,Medicare,20928.31270714953,Elective,2024-05-07,Aspirin,Abnormal,14,2024,4
55,Female,O-,Cancer,2020-02-03,Julian Palmer,"Higgins, and Martinez Stevens",Blue Cross,10873.840662247783,Urgent,2020-02-24,Ibuprofen,Inconclusive,21,2020,2
55,Female,A+,Cancer,2022-12-31,Heidi Flores,Ray Sons and,UnitedHealthcare,44581.14118413472,Elective,2023-01-11,Penicillin,Normal,11,2022,12
70,Male,O+,Hypertension,2020-06-15,Randy Morales,Walton PLC,Medicare,14641.504460876526,Urgent,2020-06-17,Penicillin,Abnormal,2,2020,6
44,Female,A+,Hypertension,2021-04-18,Dr. Valerie Guerrero,"Simmons Mathews, Martinez and",Aetna,3260.7013359526964,Urgent,2021-04-23,Ibuprofen,Inconclusive,5,2021,4
18,Female,B+,Hypertension,2021-01-24,Ashley Long,Mckenzie-Rivera,UnitedHealthcare,40767.15798847012,Urgent,2021-02-14,Ibuprofen,Inconclusive,21,2021,1
47,Female,B+,Obesity,2022-08-21,Melissa Williams,"and Harmon, Willis Frey",UnitedHealthcare,20610.92171431997,Urgent,2022-09-10,Penicillin,Inconclusive,20,2022,8
83,Male,A+,Obesity,2021-08-29,Jessica Herring,"Kerr, and Rhodes Miles",UnitedHealthcare,26162.76328670677,Elective,2021-09-13,Paracetamol,Inconclusive,15,2021,8
44,Female,O-,Arthritis,2022-07-20,Shannon Hines,Ltd Robles,Cigna,48082.08007616276,Elective,2022-08-09,Ibuprofen,Inconclusive,20,2022,7
56,Male,O+,Arthritis,2022-11-03,Krista Hartman,Thomas-Ballard,UnitedHealthcare,15654.830586632885,Urgent,2022-11-22,Aspirin,Inconclusive,19,2022,11
63,Male,O-,Obesity,2022-07-24,Douglas Campbell,Austin Ltd,UnitedHealthcare,44305.32067865277,Emergency,2022-08-23,Aspirin,Abnormal,30,2022,7
18,Female,A+,Obesity,2020-03-03,Samantha Scott,"and Huerta, Cox Price",Medicare,42349.10921939751,Urgent,2020-03-20,Ibuprofen,Normal,17,2020,3
28,Male,AB-,Obesity,2021-05-20,Mackenzie Glover,"Kennedy Scott, and Hamilton",Medicare,27148.24092245766,Urgent,2021-06-13,Lipitor,Normal,24,2021,5
36,Male,AB-,Hypertension,2020-07-02,Linda Mcintyre,"Gregory Crawford, and Gonzalez",Aetna,4449.587803567415,Elective,2020-07-19,Lipitor,Abnormal,17,2020,7
69,Female,A+,Diabetes,2023-05-20,Danielle Chavez,Martin-Booker,Aetna,45573.65609291127,Elective,2023-06-12,Ibuprofen,Abnormal,23,2023,5
48,Female,A-,Diabetes,2019-10-29,Jared Bentley,Davis-Waters,Medicare,25133.50933554,Urgent,2019-11-07,Paracetamol,Inconclusive,9,2019,10
73,Male,AB-,Arthritis,2024-02-05,Michelle Tran,Evans Ltd,Medicare,48104.291172199446,Elective,2024-03-04,Penicillin,Inconclusive,28,2024,2
35,Male,A-,Hypertension,2023-03-12,Lauren Liu,"and Burch White, Jackson",Aetna,17689.764787066317,Emergency,2023-03-21,Paracetamol,Inconclusive,9,2023,3
65,Female,O-,Obesity,2023-08-27,Jeremy Fox,Allen-Ferguson,Aetna,9818.957977737597,Emergency,2023-09-07,Ibuprofen,Abnormal,11,2023,8
31,Female,A+,Arthritis,2022-03-03,Crystal Brown,Gardner-Scott,Cigna,35688.108947196975,Urgent,2022-03-20,Penicillin,Normal,17,2022,3
27,Male,AB+,Obesity,2022-05-15,Keith Silva,Smith-Lucas,Medicare,24478.56123653755,Urgent,2022-05-16,Lipitor,Inconclusive,1,2022,5
84,Female,B-,Cancer,2021-01-05,Emily Newton,Martinez Inc,UnitedHealthcare,32050.66297024598,Urgent,2021-01-20,Aspirin,Inconclusive,15,2021,1
18,Female,A-,Hypertension,2020-11-18,Nicole Obrien,Brown-Rivera,UnitedHealthcare,32260.54925912304,Emergency,2020-11-21,Aspirin,Normal,3,2020,11
51,Male,AB+,Arthritis,2021-07-15,Jennifer Compton,"Herrera and Hughes Perkins,",UnitedHealthcare,44507.18319931792,Urgent,2021-08-06,Penicillin,Inconclusive,22,2021,7
72,Female,A+,Arthritis,2021-10-07,Eric Mccoy,"Long White, Wells and",Blue Cross,10795.411651229488,Emergency,2021-10-12,Paracetamol,Abnormal,5,2021,10
27,Female,A+,Hypertension,2019-11-03,Kristi White,Cantu LLC,Aetna,8522.86226041686,Elective,2019-11-28,Penicillin,Normal,25,2019,11
72,Female,O-,Diabetes,2019-10-31,Diana Garcia,Cooper-Mcdaniel,Blue Cross,11012.443872927894,Elective,2019-11-25,Ibuprofen,Abnormal,25,2019,10
27,Female,O+,Cancer,2022-12-13,Angela Turner,Moss PLC,Blue Cross,33878.153147293575,Urgent,2023-01-03,Ibuprofen,Inconclusive,21,2022,12
25,Male,AB+,Diabetes,2020-09-13,Emily Ramirez,Humphrey Group,UnitedHealthcare,14778.316564673016,Emergency,2020-10-12,Paracetamol,Inconclusive,29,2020,9
57,Male,A+,Obesity,2020-05-16,Dylan Rodriguez,"and Yoder Hayes Thomas,",UnitedHealthcare,30794.350554103334,Elective,2020-05-18,Penicillin,Normal,2,2020,5
76,Male,AB-,Asthma,2022-02-25,Travis Thompson,"Vargas, Morales and Banks",Aetna,40307.995171951305,Urgent,2022-03-24,Paracetamol,Normal,27,2022,2
72,Male,AB+,Cancer,2019-08-22,Tracy Shelton,and Gross Sons,Blue Cross,6259.834968658517,Urgent,2019-09-15,Aspirin,Inconclusive,24,2019,8
22,Female,O+,Obesity,2023-02-18,Katherine Garcia,Ross-Lopez,Medicare,45372.65743901295,Emergency,2023-03-19,Lipitor,Inconclusive,29,2023,2
65,Female,B+,Hypertension,2020-11-19,Stefanie Meyer,Ortega-Rice,Cigna,3847.974319072192,Elective,2020-11-25,Penicillin,Inconclusive,6,2020,11
85,Female,B-,Diabetes,2020-04-25,Matthew Conley,"and Morgan Jones, Matthews",Blue Cross,15207.54726194429,Emergency,2020-05-25,Penicillin,Inconclusive,30,2020,4
83,Male,O+,Cancer,2022-04-06,Barbara Baker,"Black, Carter Hendrix and",Aetna,8119.870874082757,Urgent,2022-04-30,Ibuprofen,Normal,24,2022,4
46,Female,AB-,Arthritis,2023-08-19,Kelly Garcia,Arnold-Johnson,Cigna,41188.21068948424,Emergency,2023-09-12,Paracetamol,Abnormal,24,2023,8
76,Male,A+,Asthma,2019-06-21,Amanda Summers,Cox-Sims,Medicare,27981.07215426928,Urgent,2019-07-14,Aspirin,Abnormal,23,2019,6
40,Female,O-,Cancer,2022-09-24,Teresa White,Hall-Hunt,Cigna,31086.73971246397,Emergency,2022-10-22,Lipitor,Inconclusive,28,2022,9
34,Female,O-,Cancer,2022-11-26,Beth Marshall,Hardin-Bennett,Cigna,28989.9014075151,Urgent,2022-12-21,Ibuprofen,Inconclusive,25,2022,11
44,Male,AB-,Arthritis,2019-06-18,Adam Raymond,"and Robbins, Baker Smith",Aetna,35862.35776133902,Urgent,2019-07-06,Penicillin,Inconclusive,18,2019,6
55,Female,O-,Asthma,2024-01-17,Donald Benjamin,"Wright Miller, Sanchez and",UnitedHealthcare,20246.089497692425,Urgent,2024-02-06,Lipitor,Abnormal,20,2024,1
52,Female,A-,Arthritis,2020-11-12,Katherine Hurley,Ltd Johnson,Cigna,12663.718754578542,Urgent,2020-12-02,Penicillin,Abnormal,20,2020,11
47,Male,B-,Obesity,2022-05-23,James Gutierrez,Smith-Davis,Cigna,28405.274682395186,Urgent,2022-06-22,Paracetamol,Abnormal,30,2022,5
24,Male,B+,Arthritis,2022-03-02,Mark Cuevas,"Murphy Smith, and Thomas",Blue Cross,36038.3849827063,Urgent,2022-03-07,Lipitor,Inconclusive,5,2022,3
69,Female,A-,Asthma,2022-01-09,John Dixon,"Kerr and Miller, Mayer",Cigna,27503.16614749346,Elective,2022-01-23,Paracetamol,Inconclusive,14,2022,1
64,Female,AB+,Arthritis,2019-10-11,Casey Harris,Murphy-Gonzales,Cigna,13142.53504480823,Emergency,2019-10-25,Ibuprofen,Abnormal,14,2019,10
66,Male,O-,Diabetes,2024-01-28,Alexander Fox,"Munoz Ward Benson, and",UnitedHealthcare,3990.874444718548,Elective,2024-02-08,Aspirin,Abnormal,11,2024,1
74,Male,O-,Asthma,2022-08-01,Timothy Silva,Thompson-Payne,Cigna,39968.442114139005,Elective,2022-08-25,Penicillin,Abnormal,24,2022,8
42,Male,A-,Hypertension,2023-05-24,Jordan Miller,"Bass Martinez Watson, and",Cigna,8415.263244819473,Emergency,2023-06-16,Ibuprofen,Normal,23,2023,5
40,Male,AB-,Obesity,2020-06-05,Jeffrey Young,Rodriguez-Collins,UnitedHealthcare,6603.615309435,Urgent,2020-06-13,Ibuprofen,Abnormal,8,2020,6
66,Female,O-,Arthritis,2021-10-26,Robyn Allen,Ltd Li,Blue Cross,8921.109844711482,Urgent,2021-10-27,Aspirin,Abnormal,1,2021,10
50,Female,B-,Obesity,2020-10-10,Amber Rush,Inc Murphy,UnitedHealthcare,16680.044625472558,Urgent,2020-10-26,Penicillin,Normal,16,2020,10
36,Male,AB+,Diabetes,2022-12-16,Darrell Edwards,Hughes-White,UnitedHealthcare,41741.26073746793,Elective,2023-01-04,Lipitor,Inconclusive,19,2022,12
36,Female,B+,Asthma,2023-12-13,Sandy Cruz,Sanchez-Miller,UnitedHealthcare,49443.13998208864,Emergency,2023-12-14,Ibuprofen,Abnormal,1,2023,12
40,Male,B-,Asthma,2024-01-07,Amanda Vaughn,Mendez-Rodriguez,Medicare,49689.03239105259,Emergency,2024-02-02,Lipitor,Normal,26,2024,1
68,Female,AB-,Cancer,2023-07-27,Scott Hayes,and Sons Bond,Aetna,40932.20441396739,Emergency,2023-08-23,Penicillin,Inconclusive,27,2023,7
74,Male,A+,Obesity,2023-04-06,Brittany Velasquez,Acevedo PLC,Medicare,18742.64815873972,Elective,2023-04-11,Penicillin,Abnormal,5,2023,4
46,Male,B+,Cancer,2020-10-06,Anthony Gaines,"Cox, Moore Pugh and",UnitedHealthcare,11421.13753117008,Emergency,2020-10-08,Lipitor,Inconclusive,2,2020,10
67,Male,A-,Asthma,2023-08-07,Chad Phelps,"Sellers and Evans Marshall,",Medicare,22157.78504412857,Emergency,2023-08-11,Paracetamol,Abnormal,4,2023,8
58,Female,O-,Diabetes,2024-03-12,Shawn Davis,Pena-Griffin,UnitedHealthcare,37913.47147015812,Elective,2024-04-09,Penicillin,Inconclusive,28,2024,3
60,Female,A+,Diabetes,2019-10-29,Susan Phillips,"and Hall, Lewis Ramirez",Aetna,16188.64315253905,Emergency,2019-11-14,Lipitor,Normal,16,2019,10
84,Male,B+,Obesity,2022-12-06,Mary Howell MD,Mendoza-Ewing,Aetna,2340.606405894518,Elective,2022-12-15,Penicillin,Inconclusive,9,2022,12
73,Male,AB+,Obesity,2022-04-03,Joseph Ray,"Soto Barrett, and Curry",Aetna,22579.40476963534,Urgent,2022-04-29,Paracetamol,Inconclusive,26,2022,4
74,Male,O-,Cancer,2021-12-15,Heather Hansen,Wilson Ltd,Medicare,40542.14797578496,Emergency,2021-12-18,Paracetamol,Normal,3,2021,12
19,Male,O-,Arthritis,2019-11-22,Andrea Johnson,"Perry Stewart and Vincent,",UnitedHealthcare,39406.22840441192,Urgent,2019-12-10,Paracetamol,Inconclusive,18,2019,11
76,Male,A-,Arthritis,2022-04-11,Michael Rubio,Murphy-Reyes,Cigna,2779.948898176934,Elective,2022-05-04,Lipitor,Inconclusive,23,2022,4
32,Female,AB+,Arthritis,2024-03-30,Judy Mccullough,Group Henson,Aetna,48720.20026532806,Urgent,2024-04-19,Ibuprofen,Normal,20,2024,3
67,Female,A-,Obesity,2022-09-01,Patrick Payne,Inc Nunez,Cigna,20433.335389896933,Urgent,2022-09-02,Penicillin,Abnormal,1,2022,9
38,Male,B-,Hypertension,2023-02-10,Patricia Donaldson,Vasquez-Wallace,UnitedHealthcare,46298.46322688202,Emergency,2023-03-04,Paracetamol,Inconclusive,22,2023,2
53,Male,AB+,Cancer,2019-11-10,Beverly Cordova,"Parker and Santos Williams,",Aetna,23032.18042124057,Elective,2019-11-30,Penicillin,Abnormal,20,2019,11
73,Male,A-,Arthritis,2024-02-05,Megan Brown,"Frank, Lawson Craig and",Blue Cross,21855.46771635318,Elective,2024-02-17,Aspirin,Abnormal,12,2024,2
26,Male,B-,Arthritis,2022-08-24,Randy Alexander,Ltd Stephenson,Blue Cross,36938.31911802522,Urgent,2022-09-09,Penicillin,Inconclusive,16,2022,8
57,Female,A+,Obesity,2023-09-04,Caitlyn Lee,Rodriguez-Sanchez,UnitedHealthcare,40177.929576924806,Elective,2023-09-27,Penicillin,Inconclusive,23,2023,9
34,Female,O+,Diabetes,2023-09-27,Ashley Smith,"Henry, and Guerrero Johnson",UnitedHealthcare,38943.66221782411,Emergency,2023-10-20,Ibuprofen,Inconclusive,23,2023,9
74,Male,B+,Asthma,2022-07-26,Calvin Estes,"Green Jenkins Weaver, and",Medicare,12657.179984471131,Elective,2022-08-11,Ibuprofen,Normal,16,2022,7
44,Male,O+,Hypertension,2021-10-10,Michelle Torres,Ingram Sons and,Aetna,35763.15222595607,Urgent,2021-10-27,Paracetamol,Inconclusive,17,2021,10
78,Male,AB+,Diabetes,2020-02-28,Donald Love,"Rasmussen Little, Campbell and",Medicare,43319.417777240094,Urgent,2020-03-18,Penicillin,Inconclusive,19,2020,2
43,Male,A-,Arthritis,2020-04-25,Raven Frazier,Perry-King,Aetna,36974.054351192106,Emergency,2020-05-11,Aspirin,Abnormal,16,2020,4
65,Female,O-,Obesity,2020-10-25,Monica Cole,"Sanchez Johnson, Gilbert and",Aetna,35568.02979513701,Emergency,2020-11-05,Ibuprofen,Inconclusive,11,2020,10
27,Male,AB-,Hypertension,2021-03-01,Tiffany Burke,"Garza and Escobar, Chavez",UnitedHealthcare,25785.302028302154,Elective,2021-03-25,Ibuprofen,Normal,24,2021,3
22,Male,A+,Obesity,2022-08-28,Victoria Foster,Blair-Butler,Blue Cross,8748.602263148916,Elective,2022-09-24,Lipitor,Inconclusive,27,2022,8
25,Male,A+,Diabetes,2021-04-15,Kelly Duncan,Fitzpatrick-Johnson,Cigna,36895.68656013518,Elective,2021-05-13,Penicillin,Abnormal,28,2021,4
25,Male,B+,Hypertension,2019-12-27,Lisa Nelson,Chapman-Barnett,UnitedHealthcare,38579.43468361073,Urgent,2019-12-30,Paracetamol,Inconclusive,3,2019,12
22,Female,AB+,Arthritis,2021-12-16,Rhonda Hunter,Rasmussen Ltd,UnitedHealthcare,41174.544806679,Urgent,2021-12-31,Paracetamol,Inconclusive,15,2021,12
41,Male,A-,Arthritis,2022-10-18,Eric Roberts,"Ford Hamilton, Ramsey and",Cigna,19651.285519438483,Urgent,2022-10-21,Ibuprofen,Inconclusive,3,2022,10
67,Male,O+,Asthma,2019-08-03,Brent Koch,Chambers-Barnett,Medicare,6146.601978310963,Elective,2019-09-01,Ibuprofen,Inconclusive,29,2019,8
70,Female,O+,Arthritis,2020-12-12,Jason Johnson,Greer Group,Medicare,33554.47762795472,Urgent,2021-01-05,Paracetamol,Abnormal,24,2020,12
27,Female,AB-,Obesity,2019-11-26,Courtney Garcia,Group Robinson,UnitedHealthcare,26037.852455733577,Elective,2019-12-26,Ibuprofen,Inconclusive,30,2019,11
83,Female,O-,Asthma,2022-08-28,Jennifer Odonnell,Decker Group,Cigna,42600.39923739819,Urgent,2022-09-14,Aspirin,Inconclusive,17,2022,8
71,Female,O+,Obesity,2022-07-13,Charles Harris,Ltd Vaughn,Cigna,6485.588215657591,Emergency,2022-07-28,Paracetamol,Abnormal,15,2022,7
69,Female,A+,Asthma,2020-10-22,Kayla Smith,Cordova-Vega,UnitedHealthcare,28090.909889792205,Elective,2020-11-17,Ibuprofen,Normal,26,2020,10
61,Female,A+,Arthritis,2021-10-08,Dean Guzman,Webb-Allen,UnitedHealthcare,48502.25429624652,Elective,2021-10-29,Aspirin,Inconclusive,21,2021,10
59,Male,O+,Asthma,2022-11-16,Sean Gonzales,"Cowan, James Rojas and",Aetna,22532.04920578388,Urgent,2022-12-09,Paracetamol,Inconclusive,23,2022,11
80,Male,A-,Obesity,2022-12-05,William Ray,Inc Barnes,Medicare,10628.615202407076,Urgent,2022-12-12,Aspirin,Abnormal,7,2022,12
18,Female,AB-,Cancer,2021-10-15,Laura Acevedo,May LLC,Blue Cross,3431.9500987547626,Urgent,2021-11-02,Paracetamol,Normal,18,2021,10
51,Female,AB-,Arthritis,2023-10-04,Angela Carter,Howard Inc,Blue Cross,41453.53733301929,Elective,2023-10-24,Aspirin,Inconclusive,20,2023,10
49,Female,A+,Obesity,2020-03-27,Kelly Martin,James-Barrett,Aetna,6152.603493366628,Elective,2020-04-01,Paracetamol,Inconclusive,5,2020,3
35,Female,AB-,Arthritis,2022-07-28,Heather Allen,Huff Ltd,Cigna,29431.24448410019,Elective,2022-08-12,Paracetamol,Abnormal,15,2022,7
58,Male,B-,Diabetes,2022-05-20,Zoe Khan,Hunter PLC,UnitedHealthcare,25569.200623149176,Emergency,2022-06-12,Lipitor,Inconclusive,23,2022,5
62,Male,AB-,Hypertension,2020-05-25,Megan Gamble,"Medina Ochoa Hall, and",Medicare,1248.2196071827857,Urgent,2020-06-03,Lipitor,Inconclusive,9,2020,5
28,Female,AB+,Arthritis,2023-01-29,Julie Leonard,Ltd Bennett,Aetna,20465.811743284707,Elective,2023-02-17,Ibuprofen,Inconclusive,19,2023,1
72,Female,B-,Arthritis,2023-07-07,Thomas Anderson,Group Scott,Cigna,33374.548686459246,Elective,2023-07-25,Aspirin,Inconclusive,18,2023,7
37,Male,O+,Asthma,2023-12-08,Randy Walsh MD,Ltd Warren,Aetna,32693.85899136165,Urgent,2024-01-05,Ibuprofen,Abnormal,28,2023,12
64,Female,AB+,Arthritis,2024-04-07,Jason Mcgee,"and Cain Wilcox Smith,",Medicare,2171.0729759030883,Emergency,2024-04-17,Paracetamol,Normal,10,2024,4
53,Female,O-,Cancer,2021-10-01,Eric Gonzalez DVM,"and Torres Evans, Kane",Blue Cross,28587.7145094876,Urgent,2021-10-14,Ibuprofen,Abnormal,13,2021,10
18,Female,B-,Diabetes,2019-08-23,Randy Berger,Wilson-Hayden,Aetna,48723.47076978207,Elective,2019-08-25,Aspirin,Inconclusive,2,2019,8
22,Female,B+,Hypertension,2022-02-19,Paul Acevedo,Bauer-Santos,Blue Cross,45238.6116422498,Elective,2022-03-08,Ibuprofen,Inconclusive,17,2022,2
41,Male,B-,Hypertension,2021-10-28,Nicole Rodgers,Gonzalez LLC,UnitedHealthcare,19407.44860918453,Urgent,2021-10-29,Penicillin,Inconclusive,1,2021,10
29,Female,O-,Asthma,2020-03-12,Richard Ross,"Griffith, and Shepherd Donaldson",Medicare,27060.20271179182,Elective,2020-04-10,Lipitor,Normal,29,2020,3
18,Female,O-,Cancer,2020-07-18,Suzanne Jones,"Davis Davis, and Davis",Cigna,22316.16932252641,Elective,2020-08-10,Ibuprofen,Abnormal,23,2020,7
43,Male,B+,Cancer,2022-11-19,Eric Harris,"and Valencia Gallagher, Salazar",UnitedHealthcare,14316.64889146013,Elective,2022-12-17,Lipitor,Abnormal,28,2022,11
73,Female,O+,Asthma,2020-03-02,Beverly Thomas,Brooks-Taylor,Blue Cross,703.8180201324333,Elective,2020-03-31,Lipitor,Normal,29,2020,3
76,Male,A+,Cancer,2022-11-21,Cynthia Hutchinson,Sons Flynn and,UnitedHealthcare,40646.91411844089,Elective,2022-12-16,Penicillin,Normal,25,2022,11
45,Male,AB-,Cancer,2021-07-28,Linda Nelson,Inc Todd,Blue Cross,34518.687230968964,Urgent,2021-08-18,Aspirin,Inconclusive,21,2021,7
80,Female,AB+,Hypertension,2021-03-30,Jamie Mathis,Casey-Young,Cigna,46993.18743532429,Elective,2021-04-18,Paracetamol,Normal,19,2021,3
35,Male,AB+,Hypertension,2019-06-26,Jay Marshall,"Villarreal King, Esparza and",UnitedHealthcare,46060.03425523865,Urgent,2019-07-11,Lipitor,Normal,15,2019,6
40,Male,B-,Asthma,2020-07-17,Bryan Castillo,Robinson Inc,Aetna,43979.6071472275,Urgent,2020-07-29,Penicillin,Inconclusive,12,2020,7
54,Male,AB-,Hypertension,2019-07-05,Brian Thomas,Wang-Torres,Blue Cross,31160.11559008716,Emergency,2019-07-28,Ibuprofen,Abnormal,23,2019,7
81,Male,A+,Arthritis,2022-09-01,Steven Rios,"Mann, Lee Martinez and",Medicare,11075.268520628932,Urgent,2022-09-18,Lipitor,Inconclusive,17,2022,9
50,Male,AB+,Asthma,2019-08-27,James Lopez,Inc Collins,Aetna,21908.287801616585,Urgent,2019-09-26,Penicillin,Normal,30,2019,8
20,Female,B-,Obesity,2019-11-18,Andrew Williams,Kim-Dodson,Medicare,5812.035044881891,Urgent,2019-11-24,Aspirin,Inconclusive,6,2019,11
20,Female,A-,Diabetes,2022-03-07,Denise Johnston,LLC Eaton,Medicare,6889.317185312193,Urgent,2022-03-25,Paracetamol,Abnormal,18,2022,3
67,Male,AB-,Obesity,2020-07-23,Amy Crane,Inc Stanley,UnitedHealthcare,25477.707349777764,Elective,2020-08-19,Aspirin,Abnormal,27,2020,7
67,Female,AB+,Arthritis,2023-01-19,Victoria Gay,Ross Group,Cigna,16788.806666717843,Emergency,2023-02-02,Ibuprofen,Abnormal,14,2023,1
79,Male,B+,Asthma,2023-02-07,Robert Price,"Wright, Pollard Kennedy and",Medicare,37961.173228243686,Emergency,2023-03-01,Lipitor,Inconclusive,22,2023,2
19,Male,AB+,Arthritis,2024-03-10,Travis Martin,Khan-Franklin,UnitedHealthcare,31050.21005622813,Urgent,2024-04-09,Aspirin,Abnormal,30,2024,3
23,Male,B+,Cancer,2021-11-27,Ross Mitchell,Morrison-Snyder,Medicare,28063.614618732256,Elective,2021-11-30,Penicillin,Normal,3,2021,11
57,Female,O+,Obesity,2023-10-22,Elizabeth Harrison,"Shaw, Solomon and Aguirre",Cigna,47281.78470950579,Elective,2023-11-03,Aspirin,Inconclusive,12,2023,10
34,Female,AB-,Cancer,2020-05-06,Tina Baker,Holmes Ltd,Blue Cross,11985.317360757368,Urgent,2020-06-03,Penicillin,Inconclusive,28,2020,5
57,Male,A-,Asthma,2024-03-30,Tina Williams,"Rangel Anderson and Snyder,",UnitedHealthcare,3041.139308051636,Emergency,2024-04-10,Penicillin,Normal,11,2024,3
66,Male,AB-,Hypertension,2021-04-18,John Kim,Wong-Stewart,Blue Cross,4015.407847507628,Urgent,2021-05-11,Penicillin,Normal,23,2021,4
70,Male,A-,Hypertension,2020-01-08,Lawrence Phillips,Beck-Kim,Blue Cross,22509.227379926288,Urgent,2020-01-31,Paracetamol,Normal,23,2020,1
72,Male,AB+,Asthma,2020-01-26,Brittany Davis,Burns-Branch,Blue Cross,13126.99943753752,Emergency,2020-02-23,Lipitor,Abnormal,28,2020,1
72,Male,A+,Arthritis,2022-03-05,Whitney Rodriguez,Stewart-Stanton,Blue Cross,2660.234598639555,Urgent,2022-03-13,Aspirin,Inconclusive,8,2022,3
28,Female,A+,Arthritis,2022-05-07,Melissa Atkins,Williams-Hoffman,Cigna,9686.747682946769,Urgent,2022-06-03,Ibuprofen,Normal,27,2022,5
39,Female,B-,Hypertension,2023-12-21,Stephanie Burke,"Mcfarland Diaz and Klein,",Blue Cross,46759.58764233928,Urgent,2024-01-11,Aspirin,Inconclusive,21,2023,12
39,Male,A-,Arthritis,2022-06-29,Savannah Hurst,"Valdez and Blair, Watson",Blue Cross,44578.82452242912,Urgent,2022-07-10,Penicillin,Abnormal,11,2022,6
25,Male,AB-,Hypertension,2024-04-06,Heather Villanueva,Group Davidson,Medicare,2499.4181669277623,Emergency,2024-04-19,Penicillin,Inconclusive,13,2024,4
66,Female,B-,Hypertension,2022-04-24,Luis Hamilton,Wade and Sons,Blue Cross,7952.623219866529,Elective,2022-04-30,Lipitor,Abnormal,6,2022,4
84,Female,A+,Diabetes,2022-08-23,Mr. William Haas,"Mcguire and Lopez Daniels,",Cigna,6099.378120179156,Urgent,2022-09-01,Ibuprofen,Inconclusive,9,2022,8
84,Male,B+,Hypertension,2023-11-21,Jonathan Rivera,Group Sanders,Cigna,7434.419500529065,Elective,2023-11-28,Ibuprofen,Abnormal,7,2023,11
39,Female,O-,Arthritis,2023-09-03,Dawn Miller,Buchanan-Gonzalez,UnitedHealthcare,47387.41328381824,Emergency,2023-10-02,Aspirin,Abnormal,29,2023,9
62,Female,AB+,Hypertension,2022-12-03,Mrs. Ashley Parrish,Clayton-Cunningham,Blue Cross,13573.995627535332,Elective,2022-12-26,Aspirin,Abnormal,23,2022,12
69,Male,A+,Asthma,2023-09-20,Mariah Murphy,Inc Acosta,UnitedHealthcare,6089.5713893021975,Elective,2023-10-01,Aspirin,Abnormal,11,2023,9
84,Female,A+,Hypertension,2023-07-26,Grant Wright II,Patel-Sanchez,Aetna,35516.674645464715,Urgent,2023-08-03,Paracetamol,Inconclusive,8,2023,7
68,Male,O+,Hypertension,2019-11-01,Diana Williams DDS,"Smith, Hayden and Smith",Medicare,41294.16990447709,Urgent,2019-11-28,Ibuprofen,Inconclusive,27,2019,11
45,Female,B-,Asthma,2020-04-10,William Moore,Green-Hill,Medicare,46729.7898634886,Elective,2020-05-10,Ibuprofen,Normal,30,2020,4
55,Male,A-,Diabetes,2022-10-10,Jason Valencia,Taylor-Sanchez,Medicare,39896.61229995021,Urgent,2022-11-09,Ibuprofen,Normal,30,2022,10
33,Male,O-,Hypertension,2020-03-09,Crystal Knight,Ltd Morgan,Blue Cross,33185.49561498704,Elective,2020-03-19,Penicillin,Abnormal,10,2020,3
44,Male,O+,Hypertension,2022-06-19,Jonathan Lane,Thomas-Bradley,Aetna,24336.105280164327,Elective,2022-06-26,Paracetamol,Normal,7,2022,6
82,Female,A-,Diabetes,2023-01-30,Willie Thompson,Savage-Hall,Medicare,25593.187524109653,Emergency,2023-02-02,Ibuprofen,Abnormal,3,2023,1
71,Male,B-,Cancer,2022-08-16,Andre Mills,"Ramirez and Vasquez Jones,",UnitedHealthcare,39796.10691216564,Elective,2022-08-30,Lipitor,Abnormal,14,2022,8
71,Male,O+,Diabetes,2022-11-01,Miss Lauren Huff,Hughes-Allen,Medicare,8022.672166499535,Emergency,2022-11-21,Aspirin,Normal,20,2022,11
81,Male,AB-,Cancer,2020-01-08,Mark Edwards,Smith-Stevens,Aetna,23792.38712802686,Emergency,2020-01-24,Aspirin,Normal,16,2020,1
34,Female,A+,Cancer,2021-09-23,Nicole Pugh,Wilson-Cohen,Blue Cross,16450.31256567572,Emergency,2021-09-27,Ibuprofen,Inconclusive,4,2021,9
34,Female,AB-,Obesity,2022-07-14,Dominique Rios,Oneill-Wilson,Aetna,23379.489044294187,Elective,2022-07-28,Penicillin,Inconclusive,14,2022,7
44,Male,B-,Cancer,2023-06-13,Austin Orr,"Allen and Gray, Scott",Cigna,7860.763929963256,Emergency,2023-07-06,Lipitor,Inconclusive,23,2023,6
49,Female,A+,Asthma,2021-11-11,Zachary Nielsen,Ryan Ltd,Cigna,3206.413543893665,Urgent,2021-11-22,Penicillin,Inconclusive,11,2021,11
52,Male,AB-,Arthritis,2019-11-24,Leonard Malone,"Chung Sherman, Adkins and",Blue Cross,42309.775733014925,Emergency,2019-12-12,Lipitor,Abnormal,18,2019,11
53,Female,AB+,Cancer,2020-06-05,Christine Nguyen,Kane-Haynes,Cigna,19393.634853155232,Urgent,2020-06-28,Ibuprofen,Normal,23,2020,6
57,Male,O-,Diabetes,2023-05-18,Eugene Fox,"Jackson, and Burns Russell",Aetna,21318.671540244875,Urgent,2023-05-28,Penicillin,Abnormal,10,2023,5
78,Female,B+,Cancer,2023-11-19,Amanda Lopez,Ochoa-Jennings,Cigna,11320.44723273239,Elective,2023-12-10,Lipitor,Inconclusive,21,2023,11
52,Male,A-,Diabetes,2022-03-26,Jeremy Morales,Wilson Group,Blue Cross,21511.04361943669,Emergency,2022-04-05,Ibuprofen,Inconclusive,10,2022,3
52,Female,B+,Cancer,2019-06-22,Elizabeth Hayden,"Edwards Gibson Wheeler, and",UnitedHealthcare,48097.611165776725,Urgent,2019-07-01,Paracetamol,Inconclusive,9,2019,6
46,Female,B+,Arthritis,2023-05-03,Matthew Pierce,"Lopez Nolan and Evans,",UnitedHealthcare,7275.606770524138,Elective,2023-05-16,Lipitor,Inconclusive,13,2023,5
73,Male,O-,Diabetes,2020-01-20,Benjamin Wade,"Cole Alvarez, Johnson and",Aetna,34590.48329148223,Elective,2020-02-19,Aspirin,Normal,30,2020,1
64,Male,B+,Cancer,2020-06-28,Larry Parker,"and Robertson Hernandez, Bridges",Blue Cross,38535.71661448468,Elective,2020-07-14,Penicillin,Inconclusive,16,2020,6
70,Male,B-,Asthma,2023-09-12,Cassandra Gates,Winters-Riley,Blue Cross,16327.623077601522,Elective,2023-10-07,Aspirin,Inconclusive,25,2023,9
47,Male,A-,Cancer,2021-12-04,Angel Moore,LLC Thomas,Aetna,11657.307963482624,Urgent,2021-12-06,Paracetamol,Abnormal,2,2021,12
69,Male,AB+,Arthritis,2020-12-03,Adam Sanders,Bowman-Jimenez,Aetna,51567.27767127847,Emergency,2020-12-29,Aspirin,Normal,26,2020,12
24,Female,O+,Asthma,2023-02-05,Hannah Richardson,Willis-Higgins,UnitedHealthcare,12479.080377150463,Elective,2023-02-23,Aspirin,Inconclusive,18,2023,2
41,Male,O+,Arthritis,2023-01-19,Tony Barron,Sullivan-Lewis,Aetna,2620.845932035569,Emergency,2023-01-26,Aspirin,Inconclusive,7,2023,1
35,Female,O-,Arthritis,2023-05-12,Rebecca Ruiz,Weaver-Thompson,Medicare,2242.9069014548045,Emergency,2023-05-15,Ibuprofen,Normal,3,2023,5
85,Female,A+,Diabetes,2022-01-14,Kimberly Leonard,"Chapman Harmon and Mcgee,",Aetna,45687.78009342808,Elective,2022-01-30,Lipitor,Normal,16,2022,1
30,Male,O+,Asthma,2021-05-16,Danny Smith,Patterson-Murphy,Cigna,21383.87179136698,Elective,2021-05-18,Lipitor,Abnormal,2,2021,5
83,Male,O-,Cancer,2022-07-14,Patricia Barnes,Tanner-Whitaker,Medicare,22356.45765212016,Emergency,2022-07-18,Penicillin,Inconclusive,4,2022,7
53,Male,A-,Diabetes,2022-09-02,Brandon Simon,"Davis Williams and Oconnell,",Medicare,6760.662733079234,Emergency,2022-09-11,Paracetamol,Normal,9,2022,9
38,Female,A-,Arthritis,2022-09-18,Christopher Mcbride,"Miller English Brady, and",UnitedHealthcare,34356.69266232397,Urgent,2022-09-26,Aspirin,Inconclusive,8,2022,9
36,Male,O-,Arthritis,2023-04-06,John Ramsey,Watson-Macdonald,UnitedHealthcare,21710.714206699773,Elective,2023-04-07,Ibuprofen,Inconclusive,1,2023,4
54,Male,A+,Cancer,2022-07-14,Zachary Edwards,"Johnson, and Gallagher English",Medicare,42856.63233821025,Urgent,2022-07-22,Aspirin,Normal,8,2022,7
38,Male,A+,Cancer,2022-02-03,Courtney Tran,Hayes-Rhodes,Blue Cross,2763.2933378325497,Elective,2022-02-13,Ibuprofen,Inconclusive,10,2022,2
20,Male,AB+,Arthritis,2021-04-08,Amanda Barton,Young-Hernandez,Blue Cross,8658.690277693131,Emergency,2021-05-08,Penicillin,Normal,30,2021,4
68,Male,A-,Arthritis,2023-11-29,Kathy Thompson,"and Nicholson, Payne Richmond",UnitedHealthcare,3753.4347875494864,Urgent,2023-12-17,Penicillin,Inconclusive,18,2023,11
76,Female,AB-,Hypertension,2023-12-27,Jessica Browning,"Boyd and Clark, Macias",Blue Cross,18577.37251356049,Emergency,2024-01-01,Aspirin,Abnormal,5,2023,12
28,Male,A-,Diabetes,2021-09-01,Andrea Chambers,"and Pratt Brown Thomas,",Blue Cross,7994.860068542144,Urgent,2021-10-01,Paracetamol,Normal,30,2021,9
45,Female,O-,Asthma,2020-09-13,John Martinez,Singh-Foley,Medicare,21618.98818298213,Elective,2020-10-11,Lipitor,Abnormal,28,2020,9
42,Male,O-,Diabetes,2019-08-07,William Lee,Perez-Robbins,UnitedHealthcare,13175.351631496764,Urgent,2019-08-13,Lipitor,Normal,6,2019,8
34,Female,A-,Arthritis,2023-01-04,Melissa Young,"Grant, Barnes Cameron and",Medicare,38649.21910010128,Emergency,2023-01-17,Ibuprofen,Inconclusive,13,2023,1
46,Male,A+,Cancer,2020-12-13,Nicholas Russell,and Sons Gray,Medicare,29298.46291939851,Emergency,2021-01-05,Penicillin,Abnormal,23,2020,12
82,Female,B+,Obesity,2021-08-24,Maria Torres,Farmer-Martin,Aetna,31475.157836323146,Urgent,2021-09-18,Lipitor,Normal,25,2021,8
75,Female,A+,Obesity,2020-01-20,Jessica Harrison,Sons and Hood,Cigna,10677.13989513385,Emergency,2020-02-15,Paracetamol,Inconclusive,26,2020,1
35,Male,B+,Obesity,2019-10-23,Kevin Bryant,Nguyen-Kennedy,Cigna,39062.21898413038,Urgent,2019-11-18,Penicillin,Inconclusive,26,2019,10
49,Male,B+,Asthma,2023-01-06,Benjamin Gross,"and Robles Burgess, Gibson",Blue Cross,28196.813767218988,Urgent,2023-01-09,Penicillin,Normal,3,2023,1
48,Female,O+,Diabetes,2020-08-21,John Sims,"Friedman, and Ryan Gilbert",UnitedHealthcare,8223.352870537297,Urgent,2020-08-31,Ibuprofen,Normal,10,2020,8
67,Female,A-,Diabetes,2022-05-17,Stephanie Cisneros,Group Roberts,Blue Cross,23670.48963620885,Elective,2022-05-28,Ibuprofen,Normal,11,2022,5
78,Female,O-,Hypertension,2021-08-13,Cindy Chang,"Ortiz, and Lawrence Cunningham",Medicare,40940.68334125454,Elective,2021-08-20,Aspirin,Normal,7,2021,8
66,Female,B-,Diabetes,2023-04-16,Andre Nicholson,"Snyder, and Kim Howard",Cigna,36673.70977468552,Elective,2023-05-04,Paracetamol,Normal,18,2023,4
57,Female,B-,Diabetes,2020-11-12,April Pham,Moore-Bowen,Cigna,18139.25477703869,Urgent,2020-11-29,Aspirin,Inconclusive,17,2020,11
20,Female,B-,Arthritis,2021-11-21,Raven Spencer,"Jenkins and Smith, Garcia",Aetna,31227.455240437343,Urgent,2021-12-13,Penicillin,Inconclusive,22,2021,11
47,Female,O+,Hypertension,2020-09-05,Ryan Johnson,Simpson-Stein,UnitedHealthcare,21369.62889604429,Urgent,2020-09-20,Ibuprofen,Normal,15,2020,9
53,Male,AB+,Cancer,2019-08-17,Kevin Farrell,Brown-Barrett,Cigna,7595.953804596888,Emergency,2019-09-14,Ibuprofen,Inconclusive,28,2019,8
41,Female,A+,Cancer,2020-12-01,Richard Peters,Case-Moore,Cigna,40642.62872496807,Urgent,2020-12-17,Penicillin,Normal,16,2020,12
43,Female,AB+,Cancer,2022-05-04,Keith Young,Harrison-Gardner,UnitedHealthcare,19928.5504808258,Elective,2022-05-28,Aspirin,Abnormal,24,2022,5
85,Male,AB-,Asthma,2021-04-03,Peter Allison,"Vaughn Perez and Gardner,",Medicare,22803.343392437997,Emergency,2021-04-10,Penicillin,Normal,7,2021,4
47,Female,O-,Asthma,2023-10-16,Chloe Smith,"and Santana Short Meza,",Blue Cross,26235.589589977924,Urgent,2023-10-23,Lipitor,Abnormal,7,2023,10
20,Male,A-,Hypertension,2021-12-10,Paul Ortega,Cox-Glenn,Blue Cross,5053.977182507765,Emergency,2022-01-04,Ibuprofen,Inconclusive,25,2021,12
43,Female,AB-,Asthma,2019-11-09,Christopher Garcia,"Vasquez, and Mcmillan Bautista",Blue Cross,23580.58290492196,Elective,2019-11-22,Penicillin,Inconclusive,13,2019,11
24,Female,AB+,Hypertension,2020-06-06,Christina Hughes,PLC Austin,Blue Cross,42344.62255720427,Urgent,2020-06-24,Paracetamol,Normal,18,2020,6
21,Female,B-,Hypertension,2023-10-03,Christine Lawson,Miller-Lopez,Aetna,16532.65551362734,Elective,2023-10-17,Penicillin,Abnormal,14,2023,10
66,Female,AB-,Hypertension,2020-11-18,Jody Henderson,Johnston-Malone,Cigna,30572.39424687694,Elective,2020-11-22,Penicillin,Inconclusive,4,2020,11
33,Male,A-,Diabetes,2020-04-22,Joseph Graham,Brown-Day,Cigna,7476.036216961933,Emergency,2020-04-27,Penicillin,Normal,5,2020,4
44,Female,AB-,Asthma,2022-02-22,Marcia Bailey,PLC Thornton,Cigna,23751.204871242822,Emergency,2022-03-24,Paracetamol,Inconclusive,30,2022,2
33,Female,AB+,Cancer,2022-06-05,Amber Henry,and Sons Beasley,Aetna,22655.09759432155,Urgent,2022-06-21,Aspirin,Normal,16,2022,6
69,Female,A+,Asthma,2019-08-27,Maria Harper,Orozco-Tucker,UnitedHealthcare,1683.9752742151177,Emergency,2019-09-21,Paracetamol,Inconclusive,25,2019,8
19,Male,AB-,Diabetes,2021-12-28,James Velazquez,and Sons Thompson,Blue Cross,4366.900894064615,Emergency,2022-01-11,Aspirin,Inconclusive,14,2021,12
18,Male,A+,Diabetes,2021-01-11,Tammy Smith,"Smith Neal, and Ramirez",Medicare,36585.77362495225,Urgent,2021-02-07,Ibuprofen,Inconclusive,27,2021,1
56,Male,O-,Arthritis,2024-05-07,Eric Robinson,Morrison-Wright,Medicare,26491.475682797416,Emergency,2024-06-01,Lipitor,Normal,25,2024,5
49,Female,B+,Cancer,2019-07-14,Ricky King,Webster-Tucker,UnitedHealthcare,42590.20388081958,Emergency,2019-08-12,Penicillin,Normal,29,2019,7
18,Male,B+,Diabetes,2023-07-18,Robin Wright,Inc Thomas,Aetna,40275.3720496063,Urgent,2023-08-11,Penicillin,Normal,24,2023,7
71,Female,A-,Obesity,2023-07-31,Mark Hanna,"and Torres Martinez Stewart,",Cigna,15944.285705105209,Elective,2023-08-30,Ibuprofen,Inconclusive,30,2023,7
20,Female,A+,Obesity,2023-08-07,Brittany Rodriguez,Walters-Weiss,Cigna,40171.95088553328,Urgent,2023-08-28,Ibuprofen,Normal,21,2023,8
27,Female,AB+,Obesity,2020-05-16,Jack Torres,Estes Inc,Aetna,28155.182856103514,Emergency,2020-06-01,Penicillin,Normal,16,2020,5
64,Female,AB+,Asthma,2019-10-14,Jennifer Haley,Ltd Ford,Aetna,37359.950841341546,Emergency,2019-11-09,Aspirin,Inconclusive,26,2019,10
37,Female,A-,Obesity,2021-06-20,Christopher Brady,Bonilla Ltd,Aetna,4472.822430426675,Urgent,2021-07-19,Lipitor,Inconclusive,29,2021,6
65,Female,AB+,Arthritis,2021-01-20,Anna Kennedy,Mullins Group,Medicare,45955.33700775144,Elective,2021-02-11,Penicillin,Abnormal,22,2021,1
58,Female,B+,Cancer,2022-09-27,Marvin Nelson,"and Carter Nolan Bates,",UnitedHealthcare,20083.542566158063,Urgent,2022-09-29,Penicillin,Abnormal,2,2022,9
62,Female,B+,Cancer,2020-02-27,Carl Hall,Logan-Lawson,Blue Cross,33828.70588351406,Emergency,2020-03-12,Penicillin,Abnormal,14,2020,2
74,Male,B-,Obesity,2021-08-21,David Silva,"Griffin, and Harvey Miller",Blue Cross,35048.61643177357,Emergency,2021-09-20,Aspirin,Abnormal,30,2021,8
61,Male,A+,Hypertension,2019-12-07,Sally James,Reilly and Sons,Medicare,8923.62257670328,Emergency,2019-12-13,Penicillin,Normal,6,2019,12
81,Female,B-,Obesity,2020-12-09,Michael Cruz,Hernandez Sons and,Blue Cross,49119.35858570173,Urgent,2020-12-28,Paracetamol,Inconclusive,19,2020,12
72,Female,AB-,Arthritis,2023-03-31,Brian Simpson,"and Martinez Skinner Good,",Aetna,47338.38751056518,Emergency,2023-04-25,Paracetamol,Inconclusive,25,2023,3
61,Male,A+,Asthma,2021-05-13,Johnny Tran,Diaz-Alexander,Blue Cross,37214.30728551532,Elective,2021-05-16,Penicillin,Normal,3,2021,5
54,Female,A+,Hypertension,2022-07-24,Dakota Boyd,Smith PLC,Blue Cross,30853.41719921426,Emergency,2022-08-06,Ibuprofen,Abnormal,13,2022,7
64,Female,AB-,Arthritis,2019-08-03,Thomas Pratt,"and Alvarez, Cox Powers",Cigna,392.9135481332535,Urgent,2019-08-15,Ibuprofen,Inconclusive,12,2019,8
65,Female,B-,Diabetes,2019-11-11,Sharon Miller,"Mcintyre Scott, Anthony and",Aetna,44912.85268226471,Urgent,2019-12-08,Lipitor,Abnormal,27,2019,11
71,Female,O-,Asthma,2021-05-24,Rebecca Brown,Ltd Lee,Aetna,19687.236054464494,Emergency,2021-05-29,Lipitor,Normal,5,2021,5
73,Male,AB+,Cancer,2020-02-21,Joe Weeks,Bennett-Murillo,Blue Cross,49699.61368016204,Elective,2020-03-11,Aspirin,Abnormal,19,2020,2
75,Female,A-,Obesity,2023-03-06,Nathan Nelson,Jennings PLC,Cigna,10295.969221613694,Elective,2023-04-03,Aspirin,Normal,28,2023,3
19,Female,B+,Obesity,2023-05-25,John Norton,"Garcia Morales and Pope,",Blue Cross,25049.6307079768,Urgent,2023-06-01,Paracetamol,Inconclusive,7,2023,5
48,Male,AB+,Diabetes,2020-03-16,William Gutierrez,PLC Gonzalez,Cigna,11105.494702239908,Urgent,2020-04-02,Aspirin,Abnormal,17,2020,3
28,Female,A-,Hypertension,2022-04-13,Jordan Johnson,Group Gonzalez,Aetna,46771.877814077336,Urgent,2022-05-10,Ibuprofen,Abnormal,27,2022,4
56,Female,B-,Arthritis,2020-09-20,Joseph Hunt,Parker-Foster,Medicare,35751.85925934769,Urgent,2020-10-01,Penicillin,Abnormal,11,2020,9
52,Female,B+,Obesity,2022-05-02,Brian Green,Inc Lawson,Blue Cross,11216.872157560343,Emergency,2022-05-03,Ibuprofen,Normal,1,2022,5
29,Female,A-,Hypertension,2019-06-03,Ricky Taylor,Ltd Knox,UnitedHealthcare,9456.042639705049,Emergency,2019-06-13,Penicillin,Normal,10,2019,6
71,Male,AB+,Diabetes,2021-08-06,Caitlin Keith,May-Michael,Blue Cross,17605.51814666318,Urgent,2021-08-31,Penicillin,Abnormal,25,2021,8
77,Male,A-,Arthritis,2020-09-02,Katie King,Chapman-Gibbs,Cigna,20147.46934307926,Urgent,2020-09-20,Ibuprofen,Normal,18,2020,9
43,Female,AB-,Asthma,2020-01-09,Gary Spears,Dougherty-Rogers,Blue Cross,26385.76151472695,Emergency,2020-01-15,Penicillin,Normal,6,2020,1
47,Male,O+,Hypertension,2023-01-31,Leonard Swanson,Davis Group,Blue Cross,9128.87891133736,Elective,2023-02-19,Lipitor,Abnormal,19,2023,1
38,Male,O-,Diabetes,2020-10-12,Michelle Collins,Quinn-Barrett,Medicare,24413.39224197217,Elective,2020-10-18,Paracetamol,Abnormal,6,2020,10
21,Male,B-,Hypertension,2023-04-22,Samantha Williams,Woods-Smith,Cigna,16415.77424974266,Elective,2023-04-28,Lipitor,Inconclusive,6,2023,4
63,Female,A-,Arthritis,2020-11-20,Miss Monica Reilly PhD,LLC Moreno,UnitedHealthcare,11552.00108739922,Urgent,2020-11-24,Penicillin,Abnormal,4,2020,11
77,Female,A+,Hypertension,2021-08-04,Cathy West,Stevens Ltd,Aetna,19315.35329063825,Emergency,2021-08-24,Paracetamol,Inconclusive,20,2021,8
39,Female,AB-,Hypertension,2021-06-12,Brian Mcmillan,"Wallace, Knight and Mills",Aetna,20715.320438061688,Emergency,2021-06-22,Lipitor,Normal,10,2021,6
45,Male,AB-,Asthma,2022-04-24,Kevin Hendricks,Williams-Mccoy,UnitedHealthcare,6606.344065414516,Urgent,2022-05-04,Paracetamol,Inconclusive,10,2022,4
53,Male,A-,Obesity,2022-10-23,Kevin Pope,Lutz-Hawkins,Blue Cross,13024.641245853032,Urgent,2022-10-24,Lipitor,Inconclusive,1,2022,10
21,Female,O+,Diabetes,2021-03-19,Phillip Bailey,Smith-Carter,UnitedHealthcare,7903.144173733342,Emergency,2021-04-16,Paracetamol,Abnormal,28,2021,3
38,Male,A+,Asthma,2024-03-14,Michael Sloan,Davis PLC,Aetna,45427.60977454319,Urgent,2024-04-07,Penicillin,Abnormal,24,2024,3
35,Male,A+,Cancer,2019-06-04,Ricky Velasquez,"Scott, Mitchell Wood and",UnitedHealthcare,2497.4865043153814,Urgent,2019-06-17,Ibuprofen,Abnormal,13,2019,6
55,Female,B-,Cancer,2020-08-14,Kristy Hartman,Jackson-Kim,UnitedHealthcare,42696.06444080248,Emergency,2020-08-22,Lipitor,Inconclusive,8,2020,8
50,Female,B-,Arthritis,2021-09-29,Susan Fisher,Hunt Ltd,Blue Cross,18152.02441012578,Emergency,2021-10-13,Penicillin,Normal,14,2021,9
35,Male,A+,Cancer,2023-08-12,Ashley Benson,Inc Cantu,Cigna,11111.322825056008,Elective,2023-08-28,Lipitor,Normal,16,2023,8
39,Female,AB+,Asthma,2019-09-09,Heather Smith,"Norton Ray Caldwell, and",UnitedHealthcare,26305.26129410585,Elective,2019-10-04,Penicillin,Normal,25,2019,9
69,Male,AB-,Diabetes,2021-03-02,Spencer Floyd,Ltd Moran,UnitedHealthcare,36458.48475520698,Elective,2021-03-26,Lipitor,Inconclusive,24,2021,3
19,Female,AB-,Hypertension,2021-11-18,Miguel Meza,Mitchell Sons and,UnitedHealthcare,3958.905853247909,Urgent,2021-11-27,Aspirin,Inconclusive,9,2021,11
58,Male,B+,Asthma,2022-06-29,Thomas Stewart,"Bennett, Mccarthy and Anderson",Cigna,14184.550597381778,Urgent,2022-07-17,Ibuprofen,Normal,18,2022,6
76,Female,O-,Hypertension,2021-01-10,Anthony Montgomery,Ruiz-Wilkinson,Cigna,16596.4765399344,Urgent,2021-02-09,Paracetamol,Normal,30,2021,1
71,Female,B+,Diabetes,2024-02-17,Terri Cherry,"Mcguire Valdez, White and",Blue Cross,29269.627725943745,Urgent,2024-02-27,Paracetamol,Inconclusive,10,2024,2
19,Female,A+,Cancer,2022-06-28,Christy Ford,Thompson-Tucker,Cigna,47852.71901825278,Urgent,2022-07-08,Lipitor,Abnormal,10,2022,6
69,Male,AB+,Asthma,2021-07-17,Stephanie Ingram,"Brown and Duran, Frank",UnitedHealthcare,28415.2849145893,Elective,2021-07-18,Penicillin,Inconclusive,1,2021,7
35,Male,O-,Asthma,2022-05-21,Mary Ramos,Mendez-Barker,Aetna,44030.4074958756,Urgent,2022-06-04,Aspirin,Abnormal,14,2022,5
29,Male,AB-,Diabetes,2020-08-22,Kimberly Ballard,PLC Hanson,Aetna,38653.27926652836,Elective,2020-09-08,Lipitor,Inconclusive,17,2020,8
27,Female,A+,Obesity,2023-01-16,Melanie Bowen,Ltd Hoffman,Cigna,34661.177434208614,Urgent,2023-02-05,Aspirin,Abnormal,20,2023,1
30,Female,A+,Cancer,2020-01-21,Victoria Cook MD,Barr Inc,Blue Cross,15809.498085478916,Urgent,2020-02-06,Penicillin,Abnormal,16,2020,1
46,Male,A-,Asthma,2023-05-10,Mario Hogan,"Nielsen, and Anderson Watson",Cigna,44342.08879355429,Elective,2023-06-02,Lipitor,Normal,23,2023,5
71,Female,B+,Hypertension,2023-05-17,Keith Meyer,Johnson-Lawson,Medicare,32430.15464540769,Urgent,2023-05-31,Lipitor,Inconclusive,14,2023,5
22,Female,B-,Hypertension,2021-06-14,Kayla Ramirez,Griffin PLC,Cigna,14998.802629208336,Emergency,2021-07-07,Paracetamol,Normal,23,2021,6
21,Male,AB+,Diabetes,2023-06-23,Rachel Brooks,Valdez-Ellis,Blue Cross,35587.62352439732,Urgent,2023-06-24,Ibuprofen,Inconclusive,1,2023,6
65,Female,O-,Diabetes,2024-03-08,Kimberly Nielsen,"Morrison, and Andrews Foley",UnitedHealthcare,36618.40542733235,Urgent,2024-03-29,Penicillin,Normal,21,2024,3
51,Male,A+,Cancer,2021-02-12,Daniel Cardenas,"Allen Stanley, Woods and",Cigna,10994.08164285203,Urgent,2021-02-24,Aspirin,Inconclusive,12,2021,2
75,Female,O+,Diabetes,2020-07-30,Kristin Marshall,"Taylor Torres Valenzuela, and",Blue Cross,45432.62293312626,Elective,2020-08-14,Aspirin,Normal,15,2020,7
40,Male,AB+,Asthma,2023-01-09,Brett Chapman,Ali-Warren,Aetna,37400.3340007884,Emergency,2023-02-06,Ibuprofen,Abnormal,28,2023,1
64,Female,O+,Arthritis,2022-11-21,Brett Haynes,Carter PLC,Aetna,20478.606358967176,Emergency,2022-12-03,Paracetamol,Normal,12,2022,11
51,Female,B+,Arthritis,2019-08-30,Antonio Jordan,"Schroeder, Day Swanson and",UnitedHealthcare,3196.149686678831,Emergency,2019-09-26,Paracetamol,Inconclusive,27,2019,8
85,Female,B+,Diabetes,2023-10-20,Lauren Oconnor,Mason-Krause,Medicare,22210.0798944206,Urgent,2023-11-18,Penicillin,Normal,29,2023,10
58,Male,AB-,Obesity,2021-02-22,David Duncan MD,"Williams, and Roman Chen",UnitedHealthcare,19299.88413320846,Urgent,2021-03-14,Penicillin,Inconclusive,20,2021,2
48,Female,AB+,Asthma,2024-03-16,Michelle White,and Sons Velasquez,Cigna,29473.960715492925,Elective,2024-03-22,Lipitor,Abnormal,6,2024,3
74,Male,B+,Obesity,2022-05-27,Mr. Ryan Adams DDS,Group Allen,Aetna,2894.9582816026864,Elective,2022-06-13,Ibuprofen,Normal,17,2022,5
39,Male,B-,Diabetes,2020-03-12,Stephanie Reyes,Inc Andrews,UnitedHealthcare,39041.63417680683,Emergency,2020-04-01,Aspirin,Inconclusive,20,2020,3
70,Male,A-,Diabetes,2020-08-23,Bryan Richmond,Alvarez LLC,Cigna,30826.494621405807,Urgent,2020-08-31,Paracetamol,Abnormal,8,2020,8
73,Female,O-,Obesity,2023-07-27,Mark Foley,PLC Kim,Medicare,25918.57512267744,Emergency,2023-08-17,Penicillin,Normal,21,2023,7
36,Male,A+,Arthritis,2020-11-17,Barry Smith,Group Rhodes,UnitedHealthcare,45532.23965251728,Elective,2020-12-09,Paracetamol,Abnormal,22,2020,11
31,Female,AB+,Hypertension,2024-03-13,Jacqueline Williams,Perez and Sons,Blue Cross,33003.179240688136,Urgent,2024-03-16,Paracetamol,Inconclusive,3,2024,3
48,Male,O-,Arthritis,2019-09-10,Maria Salazar,Group Lindsey,Aetna,1872.407211823764,Urgent,2019-09-13,Aspirin,Inconclusive,3,2019,9
59,Female,AB+,Obesity,2020-10-01,Robert Curry,PLC Johnson,Blue Cross,42990.96251596458,Elective,2020-10-18,Paracetamol,Abnormal,17,2020,10
70,Female,B+,Cancer,2020-02-02,Robin Martinez,Rivera-Wilson,Medicare,37262.28161312949,Urgent,2020-02-16,Aspirin,Inconclusive,14,2020,2
35,Female,A+,Hypertension,2020-01-25,Andrea Jones,Medina-Austin,Aetna,5531.337237376757,Urgent,2020-02-12,Penicillin,Normal,18,2020,1
75,Male,A-,Cancer,2022-04-30,Michael Reynolds,Phillips-Morales,Medicare,2384.659741135729,Emergency,2022-05-20,Lipitor,Inconclusive,20,2022,4
59,Male,B-,Hypertension,2023-11-11,Austin Berry,Adams-Best,UnitedHealthcare,35296.48395154554,Elective,2023-11-19,Paracetamol,Normal,8,2023,11
71,Female,B+,Diabetes,2023-11-29,Paul Smith,"Clark Scott, Sims and",Blue Cross,29404.911706888182,Urgent,2023-12-10,Aspirin,Abnormal,11,2023,11
74,Male,A+,Diabetes,2019-10-23,Jennifer King,"Norton Hill and Craig,",Cigna,34451.911949483125,Emergency,2019-11-13,Aspirin,Normal,21,2019,10
62,Male,B+,Asthma,2020-09-17,Brandy Douglas,"Williams Stephenson Curtis, and",Medicare,46288.631852749866,Emergency,2020-10-01,Aspirin,Normal,14,2020,9
34,Female,O-,Hypertension,2024-01-15,Ann Johnston,"Rogers Evans and Owen,",Blue Cross,38774.29389172724,Emergency,2024-02-10,Aspirin,Normal,26,2024,1
34,Female,AB-,Asthma,2020-01-23,Michelle Roberts,and Rivera Sons,UnitedHealthcare,49784.42912442697,Emergency,2020-02-06,Paracetamol,Normal,14,2020,1
75,Female,A-,Arthritis,2023-06-02,Francisco Diaz,Graham-Smith,Blue Cross,36134.15256799663,Elective,2023-06-07,Ibuprofen,Abnormal,5,2023,6
57,Male,B+,Hypertension,2021-12-18,Anna Gould,and Sons Lin,Cigna,4906.790181021695,Urgent,2022-01-01,Paracetamol,Abnormal,14,2021,12
77,Female,O-,Obesity,2021-08-05,Joseph Patel,"Cox Love, and Saunders",Aetna,35635.19842462985,Emergency,2021-08-08,Penicillin,Abnormal,3,2021,8
26,Male,AB+,Cancer,2021-01-11,Susan Haney,"James Harris and Morales,",Medicare,42920.61623490249,Elective,2021-02-05,Penicillin,Normal,25,2021,1
77,Male,AB-,Asthma,2023-06-20,Benjamin Lopez,Rodriguez-Smith,Aetna,41167.631038859625,Emergency,2023-06-25,Aspirin,Abnormal,5,2023,6
21,Male,AB-,Cancer,2021-08-05,Ronald Moyer,Murphy-Coleman,Cigna,32302.447474314933,Elective,2021-08-31,Paracetamol,Inconclusive,26,2021,8
22,Male,A+,Obesity,2023-12-14,Michele Gray,Dickerson Ltd,Aetna,31427.95072634241,Urgent,2023-12-30,Lipitor,Abnormal,16,2023,12
21,Female,O+,Obesity,2021-05-24,Joshua Bryant,"Estrada Burke, and Bernard",Blue Cross,43935.50614146159,Elective,2021-06-19,Ibuprofen,Inconclusive,26,2021,5
18,Male,A-,Cancer,2023-06-23,Tonya Castaneda,Johnson LLC,Cigna,35709.07288723922,Elective,2023-07-09,Paracetamol,Normal,16,2023,6
51,Male,O+,Hypertension,2024-04-24,Laura Porter,Rowe-Rivera,Blue Cross,10567.706417150164,Urgent,2024-05-18,Aspirin,Normal,24,2024,4
70,Male,B-,Asthma,2019-08-25,Andrea Glenn,"and Jordan Cowan, Glass",Cigna,25857.7137359905,Emergency,2019-09-24,Ibuprofen,Abnormal,30,2019,8
73,Male,A-,Asthma,2020-04-16,Jessica Stewart,Best-Davis,UnitedHealthcare,46750.660845473,Emergency,2020-05-09,Penicillin,Inconclusive,23,2020,4
83,Female,AB+,Hypertension,2023-11-15,Donna Huerta,"Davis Nguyen Wade, and",Aetna,46710.06194158325,Emergency,2023-12-10,Ibuprofen,Abnormal,25,2023,11
34,Male,O+,Hypertension,2020-04-19,Joshua Alvarez,Ford-Olson,UnitedHealthcare,46596.86810659713,Elective,2020-04-27,Paracetamol,Inconclusive,8,2020,4
52,Female,AB-,Cancer,2022-06-01,Laura Cobb,"Torres, Martin Bell and",Blue Cross,38361.09983960014,Urgent,2022-06-19,Paracetamol,Abnormal,18,2022,6
18,Female,A+,Diabetes,2020-07-23,Benjamin Perez,"Smith Harvey Wells, and",UnitedHealthcare,23840.31091664243,Elective,2020-08-09,Aspirin,Abnormal,17,2020,7
32,Female,A-,Cancer,2024-05-07,Mark Brown,and Sons Rodriguez,Medicare,10093.23569082348,Elective,2024-05-15,Paracetamol,Normal,8,2024,5
84,Female,AB+,Cancer,2022-03-28,Kimberly Boyer,"Goodwin Walker, Gamble and",Blue Cross,4143.67101035682,Emergency,2022-04-14,Penicillin,Normal,17,2022,3
53,Female,AB+,Obesity,2022-06-30,Kimberly Howard,Williams PLC,Aetna,11344.137974390234,Urgent,2022-07-20,Penicillin,Inconclusive,20,2022,6
63,Female,A-,Cancer,2019-09-02,Mrs. Monique Newman,"Robinson and Russell Ramirez,",Cigna,39981.904312399485,Elective,2019-09-07,Aspirin,Inconclusive,5,2019,9
43,Male,AB-,Cancer,2021-01-27,Kevin Valdez,Thornton-Keller,Blue Cross,30330.840082728388,Urgent,2021-02-04,Paracetamol,Abnormal,8,2021,1
41,Male,A+,Obesity,2019-07-19,Phillip Lopez,Sexton Group,Cigna,32826.41798546768,Urgent,2019-08-02,Penicillin,Normal,14,2019,7
76,Male,A+,Diabetes,2020-09-25,Andrea Compton,Walker-Jones,Aetna,6586.962592194948,Urgent,2020-10-23,Aspirin,Inconclusive,28,2020,9
71,Female,O+,Cancer,2023-01-30,Rebecca Williamson,Taylor-Bradley,Blue Cross,34898.95287963734,Emergency,2023-02-01,Penicillin,Abnormal,2,2023,1
53,Male,B+,Arthritis,2022-11-25,Jennifer Ward,Galvan-Huber,Medicare,31677.646292041056,Elective,2022-11-28,Lipitor,Abnormal,3,2022,11
71,Male,B-,Obesity,2022-03-07,Olivia Sanders,Odom-Howard,UnitedHealthcare,13763.869256848167,Elective,2022-03-20,Paracetamol,Abnormal,13,2022,3
39,Male,B-,Obesity,2022-09-28,Jeffrey Morales,Gilbert-Singleton,Cigna,48359.01059758572,Urgent,2022-10-13,Lipitor,Inconclusive,15,2022,9
25,Male,B-,Obesity,2019-10-19,Tara King,Ltd Williams,Medicare,34773.743600729154,Urgent,2019-11-12,Penicillin,Inconclusive,24,2019,10
83,Male,B-,Arthritis,2021-09-23,John Crawford,Peterson-Moore,Blue Cross,28396.663965220603,Emergency,2021-10-12,Paracetamol,Inconclusive,19,2021,9
42,Male,O+,Cancer,2022-02-09,Vicki Levine,LLC Dorsey,UnitedHealthcare,44404.47394342071,Urgent,2022-02-24,Ibuprofen,Inconclusive,15,2022,2
24,Female,O+,Cancer,2019-09-12,Alicia Moore,Thompson and Sons,Blue Cross,22096.786634479267,Elective,2019-10-08,Ibuprofen,Abnormal,26,2019,9
58,Male,AB-,Asthma,2019-10-21,Amy Wallace,"Campbell, Smith Lewis and",Medicare,26248.86811119901,Elective,2019-11-07,Paracetamol,Abnormal,17,2019,10
70,Female,O-,Asthma,2020-10-13,Mary Fletcher,Johnson Inc,Medicare,18300.93234718101,Emergency,2020-11-06,Paracetamol,Abnormal,24,2020,10
48,Female,AB-,Obesity,2021-07-12,Jasmine Fuentes,Smith-Collins,Medicare,9622.011427484566,Emergency,2021-08-08,Aspirin,Normal,27,2021,7
60,Male,A+,Diabetes,2020-03-07,Marvin Hartman,Greene LLC,UnitedHealthcare,41594.15501202581,Urgent,2020-04-02,Penicillin,Inconclusive,26,2020,3
33,Female,AB-,Diabetes,2020-10-15,Megan Ibarra,"Williams Palmer Miller, and",Aetna,28209.165614411853,Elective,2020-10-16,Ibuprofen,Normal,1,2020,10
35,Male,AB+,Hypertension,2021-09-24,Bryan Jones,Brown-Lopez,Blue Cross,10700.683235801162,Urgent,2021-10-06,Ibuprofen,Abnormal,12,2021,9
78,Female,A+,Asthma,2024-04-01,Jasmine Green,"Hill Allen, Mitchell and",Medicare,33539.11238602548,Emergency,2024-04-11,Penicillin,Abnormal,10,2024,4
18,Male,B-,Obesity,2022-07-06,Jonathan Meadows,Conrad-Lee,UnitedHealthcare,21660.254674155956,Urgent,2022-07-27,Paracetamol,Normal,21,2022,7
74,Male,B+,Cancer,2021-03-08,Kristen King,Hernandez-Thompson,Blue Cross,31034.56214334736,Emergency,2021-03-25,Aspirin,Abnormal,17,2021,3
57,Male,O-,Hypertension,2022-09-23,Melanie Rhodes,"Jenkins, Brown Phillips and",Medicare,40307.03192845449,Elective,2022-10-20,Penicillin,Inconclusive,27,2022,9
82,Male,O-,Arthritis,2019-09-21,David Moore,"Allen, and Parker Lynch",Aetna,17077.983086516724,Emergency,2019-09-24,Penicillin,Inconclusive,3,2019,9
18,Female,A+,Diabetes,2019-10-16,Andrea Calderon,Rich Ltd,Cigna,39421.80190823727,Urgent,2019-10-18,Lipitor,Inconclusive,2,2019,10
66,Male,O+,Asthma,2022-04-27,Samantha Roman,Group Walter,UnitedHealthcare,46153.53810718414,Urgent,2022-05-20,Ibuprofen,Inconclusive,23,2022,4
46,Female,A+,Cancer,2022-07-13,Jeffery Ryan,Ramirez-Harvey,UnitedHealthcare,37313.92436092385,Emergency,2022-08-12,Ibuprofen,Normal,30,2022,7
73,Female,O-,Obesity,2023-07-03,Thomas Gentry,Wolfe-Richardson,UnitedHealthcare,16671.292512224794,Elective,2023-07-14,Penicillin,Inconclusive,11,2023,7
74,Female,O-,Obesity,2021-01-07,Christopher White,PLC Norton,UnitedHealthcare,28765.82612892556,Urgent,2021-01-31,Lipitor,Normal,24,2021,1
42,Female,A-,Arthritis,2021-06-27,Brian Riley,Walker-Garcia,Cigna,52170.03685355641,Urgent,2021-06-29,Penicillin,Normal,2,2021,6
82,Male,A+,Cancer,2022-04-16,James Martin,Sanchez-Thompson,Blue Cross,45511.16633869235,Urgent,2022-05-16,Lipitor,Inconclusive,30,2022,4
76,Female,AB-,Hypertension,2019-11-06,Cheryl Williams,"Torres Montgomery and Torres,",Medicare,15160.732542987558,Elective,2019-11-28,Lipitor,Inconclusive,22,2019,11
47,Female,O-,Diabetes,2022-10-21,Tanner Schroeder,"Smith, Ortiz and Sanchez",Cigna,33891.65665545992,Urgent,2022-10-24,Lipitor,Abnormal,3,2022,10
27,Female,AB-,Cancer,2021-04-19,Todd Barr,Lewis-Martinez,UnitedHealthcare,42077.01948955258,Urgent,2021-04-25,Paracetamol,Abnormal,6,2021,4
19,Male,B+,Asthma,2019-10-23,David Chavez,"Cole, Shaw Boyd and",Medicare,44779.59354503456,Urgent,2019-11-02,Ibuprofen,Inconclusive,10,2019,10
52,Male,B-,Hypertension,2020-09-18,Michael Grimes,"and Edwards, Hancock Owens",Cigna,25984.66845629525,Elective,2020-09-21,Aspirin,Inconclusive,3,2020,9
29,Female,AB-,Asthma,2022-07-09,Earl Bradshaw,"and Freeman Zimmerman, Salazar",Blue Cross,36944.99827301639,Emergency,2022-07-26,Aspirin,Inconclusive,17,2022,7
44,Female,A+,Obesity,2024-02-18,Brittany Terry,Barker Ltd,Blue Cross,24016.632135985976,Elective,2024-03-18,Aspirin,Normal,29,2024,2
22,Male,O+,Obesity,2024-04-23,Kevin Dixon,Wright-Myers,Medicare,29213.58952220525,Urgent,2024-05-07,Lipitor,Normal,14,2024,4
19,Female,O+,Arthritis,2020-02-24,Angelica Barron DDS,Reyes-Lopez,Medicare,22812.3719157118,Emergency,2020-02-28,Paracetamol,Abnormal,4,2020,2
37,Female,O+,Obesity,2020-02-22,Jeffrey Johnson,"Carlson Sutton, and Beasley",Cigna,8263.825088004009,Elective,2020-03-04,Penicillin,Inconclusive,11,2020,2
82,Male,A+,Obesity,2021-05-05,Mark Price,Inc Carlson,Blue Cross,30670.55137949254,Emergency,2021-05-29,Penicillin,Normal,24,2021,5
53,Female,O-,Cancer,2023-10-25,Carlos Rivera,"Nelson, Thomas Perez and",Medicare,45560.29566311024,Elective,2023-11-02,Ibuprofen,Normal,8,2023,10
59,Male,O+,Obesity,2022-12-25,Anthony Pugh,Reed-Reese,Blue Cross,46541.7386421687,Urgent,2023-01-18,Aspirin,Abnormal,24,2022,12
75,Female,A-,Obesity,2019-07-03,Gina Schmitt,"Allen, Davies and Mcintyre",Blue Cross,34612.995379515145,Elective,2019-07-18,Penicillin,Abnormal,15,2019,7
64,Male,A-,Obesity,2023-06-02,Matthew Smith,Sherman LLC,Blue Cross,37955.420180033376,Urgent,2023-06-06,Paracetamol,Abnormal,4,2023,6
21,Male,A-,Cancer,2023-08-15,Carla Bradford,"and Lewis Fischer, Harrell",Medicare,4748.537990700985,Urgent,2023-08-28,Paracetamol,Abnormal,13,2023,8
81,Male,A-,Diabetes,2021-10-27,Dorothy Meadows,Nichols-Hart,UnitedHealthcare,7272.24040125502,Elective,2021-11-03,Lipitor,Abnormal,7,2021,10
22,Female,A-,Arthritis,2023-08-10,Vincent Jones,"Simmons Henderson Smith, and",UnitedHealthcare,11536.33798753241,Elective,2023-08-22,Paracetamol,Normal,12,2023,8
70,Female,AB+,Asthma,2020-05-25,Tamara Hammond,Taylor PLC,Cigna,26704.44289929349,Urgent,2020-06-23,Aspirin,Abnormal,29,2020,5
77,Male,B-,Diabetes,2021-02-26,Daniel Dunn,Kelly Ltd,Medicare,41707.7267157827,Emergency,2021-03-26,Ibuprofen,Normal,28,2021,2
69,Male,A+,Obesity,2023-07-11,Nicole Berry,LLC Williams,Blue Cross,16120.673184374173,Elective,2023-07-30,Aspirin,Abnormal,19,2023,7
52,Male,B+,Diabetes,2024-01-12,John Smith,"Church, Ochoa and Johnson",UnitedHealthcare,41676.963951211066,Urgent,2024-01-24,Aspirin,Normal,12,2024,1
35,Female,B+,Cancer,2019-07-01,Joshua Arias,and Sons Hutchinson,Aetna,22619.116380824507,Urgent,2019-07-13,Lipitor,Normal,12,2019,7
31,Female,B-,Arthritis,2023-03-05,Kimberly Gomez,Nielsen PLC,UnitedHealthcare,35531.564218660395,Elective,2023-03-10,Penicillin,Inconclusive,5,2023,3
37,Female,A-,Diabetes,2019-11-29,Mary Simmons,Jones-Wall,Blue Cross,32161.849586305365,Urgent,2019-12-07,Paracetamol,Normal,8,2019,11
44,Female,AB+,Asthma,2020-12-04,Raymond Santiago,"Brown Vazquez, Oconnor and",Blue Cross,22501.78628825368,Urgent,2020-12-20,Ibuprofen,Abnormal,16,2020,12
55,Male,AB-,Asthma,2023-05-22,Jill Munoz,Williams Group,Blue Cross,16817.96263675736,Urgent,2023-06-20,Aspirin,Normal,29,2023,5
66,Female,A-,Hypertension,2020-02-18,Sally Nguyen,"Trevino Williams, Hodge and",Cigna,44334.24697341608,Urgent,2020-02-20,Aspirin,Inconclusive,2,2020,2
31,Male,A-,Arthritis,2020-07-31,Mrs. Katherine Gregory,Inc Nelson,Aetna,23538.37264002365,Elective,2020-08-05,Paracetamol,Inconclusive,5,2020,7
84,Female,A-,Hypertension,2021-07-17,Marc Evans,Kelley-Johnston,Blue Cross,28831.63718653037,Urgent,2021-07-21,Penicillin,Abnormal,4,2021,7
79,Male,B+,Asthma,2021-08-31,Brian Phelps,"Franklin, Dickerson and Logan",Cigna,43221.59996628002,Emergency,2021-09-06,Lipitor,Inconclusive,6,2021,8
58,Female,B-,Obesity,2020-09-18,Cynthia Riley,Collins-Jones,UnitedHealthcare,23744.260122749016,Elective,2020-10-08,Penicillin,Abnormal,20,2020,9
79,Male,AB-,Arthritis,2020-11-10,Blake Gardner,Inc Jackson,Cigna,30259.7379249056,Urgent,2020-11-24,Paracetamol,Inconclusive,14,2020,11
56,Male,O-,Diabetes,2021-01-12,Katherine Cole,Ltd Castro,Blue Cross,35971.12795150951,Urgent,2021-01-25,Lipitor,Normal,13,2021,1
76,Male,AB-,Cancer,2022-12-21,Sandra Hayes,Sons Whitaker and,UnitedHealthcare,10327.63746431017,Elective,2023-01-01,Penicillin,Abnormal,11,2022,12
70,Female,AB+,Diabetes,2022-09-20,Brandon Jones,Brooks Ltd,Aetna,30906.188901666395,Elective,2022-09-26,Lipitor,Abnormal,6,2022,9
59,Male,AB+,Cancer,2021-01-16,James Jensen,Inc Rubio,UnitedHealthcare,47449.32097295299,Elective,2021-01-29,Paracetamol,Normal,13,2021,1
65,Male,B+,Diabetes,2022-05-11,Melissa Johnston,Williams-Herrera,Medicare,40468.79460011964,Urgent,2022-06-06,Penicillin,Abnormal,26,2022,5
67,Male,AB-,Hypertension,2020-08-23,Marissa Allen,Ayala-Lewis,Blue Cross,31254.16827079073,Elective,2020-09-06,Ibuprofen,Abnormal,14,2020,8
72,Female,AB+,Hypertension,2021-01-27,Jacob Sanders,"Cochran and Rogers Brock,",UnitedHealthcare,15577.302409544456,Elective,2021-02-24,Paracetamol,Inconclusive,28,2021,1
75,Male,A+,Diabetes,2023-04-17,Tyler Moses,Rich LLC,Medicare,33300.13648632495,Emergency,2023-05-06,Ibuprofen,Normal,19,2023,4
58,Male,B+,Hypertension,2020-01-14,Alexandra Richard,Holt-Barnes,Aetna,37977.474151618575,Elective,2020-01-21,Lipitor,Inconclusive,7,2020,1
31,Male,AB-,Diabetes,2022-12-14,William Simmons,LLC Lee,Medicare,21646.642088408094,Emergency,2023-01-06,Aspirin,Abnormal,23,2022,12
39,Male,AB+,Hypertension,2022-08-24,Nicholas Henry,"Hernandez and Marsh, Kim",UnitedHealthcare,39492.46709654826,Emergency,2022-09-08,Penicillin,Inconclusive,15,2022,8
84,Male,O+,Hypertension,2020-08-20,Amber Dillon,Barker Group,UnitedHealthcare,46753.39344179616,Elective,2020-08-25,Penicillin,Abnormal,5,2020,8
80,Male,O-,Cancer,2019-08-24,Laurie Holland,Burns-Drake,Aetna,47173.56777664726,Urgent,2019-09-20,Paracetamol,Abnormal,27,2019,8
28,Female,B-,Arthritis,2024-02-11,Paige David,"Montgomery and Morris Morgan,",Cigna,39355.429582713376,Elective,2024-03-05,Paracetamol,Normal,23,2024,2
18,Male,B-,Hypertension,2023-04-05,Brandy Henderson,LLC Perkins,Aetna,33214.29248701759,Urgent,2023-04-24,Lipitor,Abnormal,19,2023,4
20,Male,A+,Asthma,2021-07-16,Cody Jefferson,"Wiggins Garcia, Wheeler and",Aetna,49495.18046647137,Urgent,2021-08-01,Penicillin,Normal,16,2021,7
20,Male,O+,Cancer,2019-08-24,Jennifer Zimmerman,"Lozano, Foster Taylor and",Cigna,4938.823328745619,Elective,2019-09-22,Paracetamol,Inconclusive,29,2019,8
67,Male,AB-,Hypertension,2024-02-01,Catherine Williamson,"White, Marshall and Durham",UnitedHealthcare,41244.89812474456,Elective,2024-02-27,Ibuprofen,Abnormal,26,2024,2
84,Female,A+,Obesity,2022-12-15,Eileen Walker,"and Shannon Glenn, Morrow",Aetna,26514.89093606622,Elective,2022-12-28,Lipitor,Inconclusive,13,2022,12
38,Female,O-,Hypertension,2019-08-13,Mark Johns,Mcconnell-Brock,Blue Cross,42048.21744957424,Elective,2019-09-03,Lipitor,Normal,21,2019,8
71,Female,A-,Diabetes,2020-07-26,Walter Hill,"and Willis Leblanc Turner,",Medicare,4061.167250666993,Emergency,2020-08-19,Paracetamol,Inconclusive,24,2020,7
38,Female,AB+,Hypertension,2020-05-24,Megan Mitchell,"Weaver Smith, and Jackson",Cigna,3939.093686562921,Emergency,2020-06-12,Aspirin,Abnormal,19,2020,5
59,Male,B-,Arthritis,2022-08-02,Christine Powell,Brown-Landry,Aetna,44140.121660300494,Urgent,2022-08-27,Lipitor,Abnormal,25,2022,8
41,Female,B+,Obesity,2020-08-21,Michelle Peterson,Lee Sons and,Cigna,35802.47453249289,Emergency,2020-08-26,Paracetamol,Inconclusive,5,2020,8
61,Female,A-,Obesity,2021-12-22,Leslie Hernandez,"Grimes Romero and Davis,",Cigna,8011.187628605039,Elective,2022-01-17,Lipitor,Normal,26,2021,12
20,Female,A-,Diabetes,2020-03-03,Michael Houston,Ramirez-Santiago,Cigna,6083.12165267288,Elective,2020-03-09,Penicillin,Abnormal,6,2020,3
60,Male,A-,Diabetes,2023-03-24,Jeffrey Ayers,"and Bryant Sanders Fields,",Blue Cross,23489.78697069041,Urgent,2023-04-18,Lipitor,Abnormal,25,2023,3
79,Male,AB+,Asthma,2023-07-07,Anthony Fox,"Ramirez, and Walsh Snyder",UnitedHealthcare,25679.773606090384,Elective,2023-07-14,Ibuprofen,Normal,7,2023,7
78,Male,A+,Diabetes,2023-05-13,Jonathan Zamora,"Kim and Velazquez, Morris",Blue Cross,30212.92265193085,Urgent,2023-05-25,Penicillin,Abnormal,12,2023,5
77,Female,AB-,Cancer,2020-02-26,Keith Wilson,"Romero Perez Warren, and",Aetna,44285.42690736056,Urgent,2020-03-16,Penicillin,Normal,19,2020,2
20,Female,A-,Hypertension,2022-03-21,Anthony Mills,"and Small Gonzalez Smith,",Blue Cross,29410.585293943303,Emergency,2022-04-08,Ibuprofen,Abnormal,18,2022,3
19,Male,O+,Hypertension,2021-08-17,James Knox,"Arellano, and Burch Walsh",Aetna,44430.21079222895,Emergency,2021-09-08,Aspirin,Normal,22,2021,8
44,Female,A-,Obesity,2021-11-27,Teresa Swanson,Clements-Allen,Aetna,27358.081012639468,Emergency,2021-12-21,Ibuprofen,Abnormal,24,2021,11
55,Female,AB+,Diabetes,2023-12-05,Scott Johnson MD,"Pena Lee Franklin, and",Cigna,27164.509745578755,Elective,2023-12-06,Ibuprofen,Inconclusive,1,2023,12
80,Male,A+,Cancer,2019-07-18,Rita Gonzalez,Inc Chambers,Cigna,33237.62042690008,Elective,2019-08-01,Penicillin,Normal,14,2019,7
74,Male,AB+,Cancer,2023-02-23,Brian Williams,Garner Group,Medicare,9654.333820904783,Urgent,2023-03-17,Ibuprofen,Inconclusive,22,2023,2
29,Male,O+,Hypertension,2023-05-15,Maria Harper,"Gomez, and Grant Harris",Blue Cross,30535.4771441082,Urgent,2023-05-21,Penicillin,Inconclusive,6,2023,5
78,Male,O+,Arthritis,2020-01-04,Marcia Diaz,Thompson-Rodriguez,UnitedHealthcare,45305.35832693757,Emergency,2020-01-12,Lipitor,Inconclusive,8,2020,1
21,Female,A+,Asthma,2023-05-10,Christy Lane,Cooper-Burgess,UnitedHealthcare,25814.928504065338,Emergency,2023-05-20,Paracetamol,Inconclusive,10,2023,5
37,Male,B+,Arthritis,2020-11-22,Brenda Maldonado,Williams-Richards,UnitedHealthcare,38990.1493316105,Urgent,2020-12-18,Penicillin,Normal,26,2020,11
45,Female,O+,Arthritis,2022-09-19,Cameron Clark,"Willis, and Mckinney Holmes",Blue Cross,37496.70472741902,Urgent,2022-09-30,Lipitor,Inconclusive,11,2022,9
33,Female,A-,Asthma,2021-09-09,Diana Simmons,Mitchell-Cline,Medicare,8495.552341992556,Elective,2021-09-28,Paracetamol,Abnormal,19,2021,9
25,Female,O-,Diabetes,2021-04-16,Kathryn Anderson,Cummings Group,Aetna,26665.617922126174,Urgent,2021-05-06,Ibuprofen,Normal,20,2021,4
69,Male,A+,Arthritis,2023-12-08,Brian Morgan,Stewart LLC,Aetna,14265.865090369804,Urgent,2023-12-28,Lipitor,Inconclusive,20,2023,12
62,Male,AB+,Cancer,2023-01-12,Tammy Johnson,Hernandez-Ochoa,Blue Cross,24092.984444105183,Emergency,2023-01-30,Lipitor,Normal,18,2023,1
36,Female,O+,Asthma,2022-03-08,Jason Jones,PLC Norton,Medicare,35843.71552892601,Urgent,2022-03-16,Penicillin,Normal,8,2022,3
53,Female,A+,Diabetes,2020-05-17,Amanda Orr,Baird-Young,Blue Cross,27725.052985326067,Elective,2020-05-28,Paracetamol,Normal,11,2020,5
63,Male,B-,Arthritis,2021-10-04,Ryan Gibson,Greene-Ramirez,Aetna,16300.98816553736,Emergency,2021-10-18,Ibuprofen,Abnormal,14,2021,10
52,Female,AB+,Hypertension,2022-05-11,Meghan Esparza,Group Ford,Medicare,22896.164264286843,Urgent,2022-05-21,Ibuprofen,Abnormal,10,2022,5
31,Female,AB-,Cancer,2020-08-10,Bradley Kelly,"and Hester Swanson, Glenn",UnitedHealthcare,36877.53082587188,Elective,2020-08-29,Ibuprofen,Abnormal,19,2020,8
66,Female,B-,Asthma,2024-01-21,Carlos Fernandez,and Sons Moore,Blue Cross,3626.506612908614,Urgent,2024-01-22,Paracetamol,Abnormal,1,2024,1
22,Male,A-,Asthma,2023-08-01,Jill Harvey,Mcknight-Jordan,Aetna,48745.739918711406,Urgent,2023-08-27,Penicillin,Abnormal,26,2023,8
35,Female,A+,Arthritis,2022-04-19,Shannon Cameron,Bishop PLC,Blue Cross,5676.235087283081,Elective,2022-05-10,Aspirin,Inconclusive,21,2022,4
49,Male,O+,Hypertension,2021-10-10,Adam Anderson,Butler-Powell,Medicare,3933.47911486626,Emergency,2021-10-16,Paracetamol,Normal,6,2021,10
78,Female,B+,Asthma,2022-11-12,Elizabeth Hill,Lee Group,Cigna,40541.35898798773,Elective,2022-12-05,Paracetamol,Abnormal,23,2022,11
84,Male,O-,Cancer,2020-09-14,Richard Harrison,Ltd Finley,Aetna,4831.382700035747,Emergency,2020-09-17,Paracetamol,Abnormal,3,2020,9
41,Female,AB+,Asthma,2020-05-03,Steven Harris,Gonzalez Inc,UnitedHealthcare,11418.565126224648,Urgent,2020-05-09,Aspirin,Inconclusive,6,2020,5
30,Female,O-,Cancer,2020-02-28,Sandra Garcia,Lewis-Smith,Blue Cross,16698.672344367762,Urgent,2020-03-23,Penicillin,Inconclusive,24,2020,2
19,Male,O+,Cancer,2021-12-03,Steven Stephens,"Orr Turner, and Foley",Cigna,10565.589399885845,Elective,2021-12-04,Lipitor,Abnormal,1,2021,12
62,Male,A+,Hypertension,2020-04-14,Suzanne Sandoval,Rivera-Wolf,Aetna,6769.057592260325,Elective,2020-05-12,Lipitor,Abnormal,28,2020,4
75,Male,AB+,Obesity,2021-02-10,Jason Knight,Franklin-Buckley,Medicare,31318.04194852917,Emergency,2021-03-05,Penicillin,Inconclusive,23,2021,2
68,Female,B-,Arthritis,2020-10-23,Zachary Mack,Brandt-Austin,Medicare,40379.128270631525,Emergency,2020-11-14,Penicillin,Abnormal,22,2020,10
63,Female,A+,Arthritis,2024-04-18,Alicia Acosta,Anderson-Cook,UnitedHealthcare,18592.894500679697,Emergency,2024-05-11,Ibuprofen,Inconclusive,23,2024,4
77,Female,O-,Asthma,2020-09-10,Joseph Dunlap,Sons and Edwards,Medicare,6846.402474378428,Elective,2020-09-16,Paracetamol,Abnormal,6,2020,9
44,Female,B-,Asthma,2022-11-02,Richard Schneider,"Patterson Miller and Johnston,",Medicare,8776.134451714952,Urgent,2022-11-21,Paracetamol,Inconclusive,19,2022,11
72,Female,B+,Cancer,2024-05-03,Amanda Griffith,Leonard PLC,UnitedHealthcare,17118.58971098669,Emergency,2024-05-29,Paracetamol,Abnormal,26,2024,5
48,Male,B-,Asthma,2022-06-30,David Hicks,"Smith, and Knight Marshall",Aetna,17387.448137476153,Elective,2022-07-18,Ibuprofen,Inconclusive,18,2022,6
46,Female,A-,Arthritis,2020-06-09,Matthew Mayo,Brooks-Turner,Aetna,16500.351540812317,Elective,2020-06-13,Aspirin,Abnormal,4,2020,6
69,Female,A+,Asthma,2020-09-28,Lance Ali,Jackson-Burnett,Cigna,48561.30519063602,Emergency,2020-10-11,Ibuprofen,Abnormal,13,2020,9
32,Male,A-,Obesity,2023-11-05,Amanda Stephenson,and Sons Gomez,Aetna,20948.062311665115,Emergency,2023-11-30,Lipitor,Normal,25,2023,11
63,Female,AB-,Obesity,2023-03-27,Cassandra Hatfield,"Landry, Jones Marquez and",Cigna,5376.830260669698,Urgent,2023-03-28,Aspirin,Normal,1,2023,3
34,Male,AB-,Arthritis,2022-09-16,Rachel Sparks,Hood LLC,Blue Cross,30670.475012310297,Elective,2022-10-14,Aspirin,Inconclusive,28,2022,9
34,Male,O+,Obesity,2020-09-20,Mr. Larry Torres Jr.,Lopez Sons and,Blue Cross,32853.08078840926,Elective,2020-09-24,Aspirin,Inconclusive,4,2020,9
26,Male,AB+,Obesity,2019-11-04,Mark Williams,Inc Bell,Cigna,42063.45180145845,Urgent,2019-11-22,Lipitor,Normal,18,2019,11
65,Male,O-,Arthritis,2023-02-07,Michelle Rogers,"Reese Olson Patterson, and",Medicare,11134.394881727882,Elective,2023-02-14,Lipitor,Normal,7,2023,2
35,Male,O-,Cancer,2020-11-19,Andrew Graham,Miles-Melendez,Blue Cross,48426.7203181725,Urgent,2020-12-07,Lipitor,Normal,18,2020,11
28,Male,A-,Asthma,2019-11-09,Cynthia Flynn,PLC Snyder,UnitedHealthcare,37994.088712136014,Urgent,2019-11-11,Lipitor,Abnormal,2,2019,11
80,Male,A+,Obesity,2023-02-20,Michael Ramos,"Sawyer and Velez Christensen,",UnitedHealthcare,33636.14371117686,Emergency,2023-03-03,Paracetamol,Normal,11,2023,2
76,Male,O+,Asthma,2019-05-14,Linda Brown,Vasquez LLC,Medicare,49565.8451247012,Emergency,2019-06-05,Penicillin,Normal,22,2019,5
78,Female,O+,Asthma,2019-11-21,Danielle Hernandez,"Price Cole Davis, and",Medicare,17863.829125790176,Elective,2019-12-21,Aspirin,Abnormal,30,2019,11
44,Female,B-,Hypertension,2023-06-05,Nicole Boyer,and Sons Pitts,UnitedHealthcare,4147.181532085825,Emergency,2023-07-04,Lipitor,Normal,29,2023,6
49,Female,B-,Diabetes,2019-06-21,Colleen Perez,Miranda Inc,UnitedHealthcare,27645.36067202557,Urgent,2019-06-22,Lipitor,Inconclusive,1,2019,6
23,Male,O+,Hypertension,2019-06-01,William Patel,"Morgan Lee, and Young",Aetna,16751.424857401405,Elective,2019-06-22,Penicillin,Inconclusive,21,2019,6
52,Female,A+,Asthma,2021-10-17,John Pope,"Lambert, and Joseph Holland",UnitedHealthcare,25087.391480064296,Elective,2021-11-14,Penicillin,Inconclusive,28,2021,10
28,Female,A+,Hypertension,2021-05-26,Kelly James,Bell-Smith,Blue Cross,27627.72868679313,Elective,2021-06-12,Lipitor,Inconclusive,17,2021,5
21,Male,O-,Obesity,2021-03-04,Charles Johnson,"and Lloyd Wells Smith,",Aetna,10570.87243916768,Elective,2021-03-09,Ibuprofen,Normal,5,2021,3
30,Male,O+,Hypertension,2022-11-18,Courtney Evans,Silva-Obrien,Blue Cross,3060.8588029046928,Urgent,2022-11-25,Aspirin,Normal,7,2022,11
53,Male,A-,Cancer,2023-11-24,Kayla Turner,Walker-Jackson,Medicare,44253.676737305424,Urgent,2023-12-07,Penicillin,Abnormal,13,2023,11
56,Female,B-,Cancer,2022-04-03,Gabrielle Johnson,James LLC,UnitedHealthcare,28694.199220872408,Urgent,2022-04-17,Penicillin,Abnormal,14,2022,4
56,Male,A-,Hypertension,2019-08-22,Ronald Mata,"Henry, Cervantes and Garcia",Medicare,35907.58287010162,Emergency,2019-08-26,Penicillin,Normal,4,2019,8
74,Female,O+,Arthritis,2020-02-08,Megan Wood DDS,"Ross, and Ross Ballard",UnitedHealthcare,2802.897612238612,Urgent,2020-02-28,Paracetamol,Abnormal,20,2020,2
27,Male,A-,Arthritis,2022-02-16,Emily Booth,"Neal Meyer and Gonzales,",UnitedHealthcare,42876.605301302414,Urgent,2022-02-27,Ibuprofen,Abnormal,11,2022,2
71,Male,O-,Diabetes,2022-06-13,Kimberly Campbell,Santiago Sons and,Cigna,9234.08646721008,Urgent,2022-06-24,Lipitor,Inconclusive,11,2022,6
71,Male,B-,Obesity,2021-11-26,Darrell Santos,"and Thomas Brooks Owens,",Cigna,35560.35440817617,Emergency,2021-12-17,Penicillin,Inconclusive,21,2021,11
76,Female,AB+,Obesity,2023-07-09,Seth Beck,"Cook Griffin Price, and",Blue Cross,15761.717692292556,Elective,2023-07-13,Penicillin,Abnormal,4,2023,7
67,Female,O-,Obesity,2020-10-02,Roy Andrews,Cruz-Rasmussen,Aetna,45061.207233968526,Elective,2020-10-03,Ibuprofen,Abnormal,1,2020,10
19,Female,B-,Obesity,2022-07-03,Ronald Francis,King Group,Aetna,40363.63010648664,Urgent,2022-07-29,Aspirin,Inconclusive,26,2022,7
64,Female,A+,Obesity,2022-05-06,William Rodriguez,"Mayer Jones and Richards,",Aetna,31536.331826927137,Emergency,2022-05-24,Aspirin,Abnormal,18,2022,5
82,Male,B+,Arthritis,2022-08-26,Steven Ortiz,Boyd-Simmons,UnitedHealthcare,28773.301505745058,Emergency,2022-09-25,Aspirin,Abnormal,30,2022,8
35,Female,B+,Cancer,2022-06-01,Lindsay Arias MD,"Williams Reeves, Thompson and",Medicare,13462.119081333329,Urgent,2022-06-14,Penicillin,Inconclusive,13,2022,6
26,Female,AB-,Diabetes,2023-04-24,Philip Jackson,"Olson and Blake, Martin",Medicare,45328.70318348501,Emergency,2023-05-06,Penicillin,Inconclusive,12,2023,4
56,Male,A-,Asthma,2020-01-21,Sarah Clark,Green PLC,UnitedHealthcare,25273.256622189278,Emergency,2020-02-17,Penicillin,Inconclusive,27,2020,1
58,Female,O-,Hypertension,2021-02-10,Craig Carter,"Rodriguez and Anderson Carter,",Blue Cross,27834.96227187408,Emergency,2021-02-25,Aspirin,Inconclusive,15,2021,2
22,Male,A-,Obesity,2023-12-31,Gregory Wolf,"Bryant, and Peterson Evans",UnitedHealthcare,28478.280257674203,Urgent,2024-01-13,Aspirin,Normal,13,2023,12
44,Male,A+,Arthritis,2022-02-03,Lisa Vazquez,Sons Mcclure and,Cigna,12072.869033711471,Emergency,2022-02-12,Penicillin,Abnormal,9,2022,2
44,Male,B-,Asthma,2020-09-04,Joseph Brown,"Ware Arnold, Vega and",Aetna,27202.886684468074,Emergency,2020-09-25,Aspirin,Inconclusive,21,2020,9
23,Female,A-,Asthma,2020-09-23,Eric Ball,Anderson-Norris,Cigna,47854.58601537112,Emergency,2020-10-06,Paracetamol,Abnormal,13,2020,9
72,Female,A-,Arthritis,2021-11-01,Christopher Cooper,"and Bryant Burton, Perry",Cigna,39027.01226522363,Emergency,2021-11-17,Paracetamol,Abnormal,16,2021,11
21,Female,A-,Diabetes,2022-11-07,Robert Miller,"Estrada Ramos Jones, and",Aetna,34419.86934534658,Emergency,2022-11-19,Paracetamol,Inconclusive,12,2022,11
38,Male,B-,Diabetes,2024-04-17,Jeffrey Campos,"Rogers, and Sanford Henry",Medicare,6366.410182955141,Urgent,2024-05-12,Paracetamol,Abnormal,25,2024,4
50,Female,O+,Diabetes,2022-04-22,Mark Conley,Cooper-Carrillo,Medicare,41881.350719106085,Elective,2022-05-07,Ibuprofen,Abnormal,15,2022,4
42,Male,B+,Obesity,2023-04-26,Cheryl Bailey,Deleon-Stanley,UnitedHealthcare,26659.924601037925,Emergency,2023-05-15,Lipitor,Inconclusive,19,2023,4
30,Male,AB+,Cancer,2022-08-02,Richard Vazquez,Ltd Ramirez,Aetna,17889.213674874874,Elective,2022-08-25,Lipitor,Abnormal,23,2022,8
37,Male,B+,Obesity,2022-10-26,Jeffrey Harris,Inc Short,Cigna,40495.6246899613,Urgent,2022-11-25,Paracetamol,Inconclusive,30,2022,10
75,Female,A+,Obesity,2020-09-23,Dr. Brenda Thornton,Johnson-Stout,UnitedHealthcare,41882.1244519571,Emergency,2020-10-17,Paracetamol,Abnormal,24,2020,9
38,Female,AB-,Hypertension,2024-03-16,Angela Charles,Mcgee-Lopez,Aetna,45939.03367368618,Urgent,2024-04-08,Lipitor,Abnormal,23,2024,3
70,Female,AB+,Arthritis,2020-01-12,John Cross,"and Harris Underwood Hernandez,",Cigna,6202.070169031206,Emergency,2020-01-18,Paracetamol,Abnormal,6,2020,1
20,Male,B+,Asthma,2020-03-08,Erica Moore,Matthews-Watson,Medicare,47988.46163607781,Urgent,2020-03-28,Ibuprofen,Abnormal,20,2020,3
25,Male,B+,Hypertension,2022-07-16,Mark Francis,"Scott Landry Wright, and",Aetna,22918.04166328136,Elective,2022-08-10,Ibuprofen,Abnormal,25,2022,7
25,Female,A+,Obesity,2022-10-07,Sierra Adams,"Miller, and Huber Archer",Blue Cross,29027.502366072596,Urgent,2022-10-26,Paracetamol,Inconclusive,19,2022,10
32,Male,AB-,Diabetes,2021-03-20,Kelly Carter,"Jackson Harmon and Brewer,",Blue Cross,47724.82905357495,Elective,2021-03-31,Lipitor,Abnormal,11,2021,3
59,Female,B+,Hypertension,2023-12-30,Richard Jones,Pratt-Rodriguez,UnitedHealthcare,6219.57277482445,Elective,2024-01-13,Paracetamol,Inconclusive,14,2023,12
71,Male,A+,Cancer,2024-03-25,Donald Cobb,"and Fisher Doyle Kennedy,",Cigna,45780.66351855516,Elective,2024-03-29,Ibuprofen,Inconclusive,4,2024,3
34,Female,AB+,Hypertension,2020-03-20,John Gibson,Ltd Thompson,Medicare,5129.0673166286215,Urgent,2020-04-05,Ibuprofen,Abnormal,16,2020,3
53,Female,A+,Diabetes,2021-07-03,Chad Curtis,Inc Rasmussen,UnitedHealthcare,26750.405255399543,Emergency,2021-07-31,Aspirin,Abnormal,28,2021,7
82,Male,O+,Arthritis,2024-01-21,Matthew Morris,Rodriguez-Bond,Aetna,14897.241759675024,Urgent,2024-02-07,Ibuprofen,Abnormal,17,2024,1
77,Female,B-,Hypertension,2020-01-08,Carrie Padilla,Reed-Gonzalez,Aetna,14371.123706926664,Emergency,2020-01-20,Lipitor,Normal,12,2020,1
39,Female,O+,Obesity,2019-10-31,Angela Haley,Huffman-Mooney,Medicare,19934.256885014664,Emergency,2019-11-15,Paracetamol,Normal,15,2019,10
35,Female,A-,Cancer,2023-12-14,Aaron Jacobs,Hernandez-Prince,Medicare,6824.117147064133,Emergency,2023-12-22,Lipitor,Inconclusive,8,2023,12
27,Male,AB-,Obesity,2023-08-28,Manuel Lopez,"Lopez and Peterson Mitchell,",Cigna,27108.344378219583,Urgent,2023-08-31,Ibuprofen,Normal,3,2023,8
22,Female,O-,Asthma,2023-09-28,Anna Arnold,Finley-Snyder,Cigna,7826.5511363074,Urgent,2023-10-22,Aspirin,Normal,24,2023,9
52,Male,O+,Cancer,2021-05-05,Danielle Robbins,Group Bennett,Blue Cross,23114.79621558488,Emergency,2021-06-03,Penicillin,Inconclusive,29,2021,5
38,Female,O+,Arthritis,2020-10-01,Annette Palmer,Maxwell-Grimes,Medicare,18636.339418605297,Urgent,2020-10-17,Ibuprofen,Normal,16,2020,10
38,Female,A-,Diabetes,2022-06-07,Allison Johnson,Jones PLC,UnitedHealthcare,2353.911728997452,Urgent,2022-07-03,Aspirin,Normal,26,2022,6
20,Female,AB-,Asthma,2022-06-06,Aaron Higgins,King Ltd,Aetna,19013.6903017968,Emergency,2022-06-28,Ibuprofen,Normal,22,2022,6
49,Female,A+,Hypertension,2023-10-07,Melissa Duke,"Burke and Moore Lee,",Cigna,4462.18926816473,Urgent,2023-10-27,Penicillin,Abnormal,20,2023,10
24,Female,A+,Arthritis,2019-11-03,Gerald Marquez,Brown-Ruiz,Aetna,39503.8658560402,Emergency,2019-11-24,Penicillin,Abnormal,21,2019,11
18,Female,O+,Hypertension,2019-09-15,Clayton Franklin,Ibarra-Garcia,Cigna,12619.555173714987,Urgent,2019-09-29,Ibuprofen,Inconclusive,14,2019,9
41,Female,O-,Obesity,2023-11-15,Daniel Bradley,"Barrett Johnson King, and",Medicare,7710.923535818494,Elective,2023-12-09,Aspirin,Abnormal,24,2023,11
76,Female,B+,Asthma,2021-05-06,Katrina Nicholson,Henderson-Vasquez,Blue Cross,1638.8676773331204,Elective,2021-05-13,Ibuprofen,Inconclusive,7,2021,5
43,Female,B-,Hypertension,2024-01-16,Juan Woods,"Chapman, and Edwards Bush",Blue Cross,16053.524203853009,Urgent,2024-02-14,Aspirin,Abnormal,29,2024,1
38,Female,A-,Hypertension,2020-10-17,Megan Simon,Vargas-Reeves,Aetna,15446.30514921983,Elective,2020-10-24,Paracetamol,Normal,7,2020,10
76,Female,AB-,Asthma,2024-03-22,Kathryn Jackson,"and Burns Shields, Elliott",Cigna,32791.44611318238,Emergency,2024-04-19,Paracetamol,Inconclusive,28,2024,3
79,Male,AB-,Asthma,2023-07-25,Michael Williams,Ltd Wheeler,Cigna,36387.40475518603,Elective,2023-08-17,Aspirin,Abnormal,23,2023,7
82,Male,O-,Asthma,2019-11-27,Shelby Peters,Perez-Anderson,Blue Cross,19372.936487530736,Elective,2019-12-23,Paracetamol,Abnormal,26,2019,11
32,Male,A+,Asthma,2023-10-06,Mr. Donald Murray PhD,Gaines-Mitchell,UnitedHealthcare,20900.55545146324,Emergency,2023-10-20,Ibuprofen,Inconclusive,14,2023,10
74,Male,AB-,Arthritis,2019-05-16,Rebecca Miller,"and Jones Stevens Tyler,",Cigna,28079.59080819708,Urgent,2019-05-20,Ibuprofen,Abnormal,4,2019,5
72,Female,A+,Diabetes,2021-05-12,Holly Parker,Baker Inc,Blue Cross,34771.793346029,Urgent,2021-05-19,Paracetamol,Abnormal,7,2021,5
70,Female,B+,Cancer,2021-03-08,Stephanie Mathis,Group Coleman,Aetna,21524.08712933408,Elective,2021-03-15,Ibuprofen,Inconclusive,7,2021,3
70,Female,O-,Diabetes,2021-10-07,Nicole Schultz,Grimes-Ramsey,Aetna,34418.679991883415,Elective,2021-10-29,Penicillin,Normal,22,2021,10
29,Male,A-,Cancer,2022-12-20,Connie Matthews,"Johnson Padilla and Garcia,",Medicare,16882.55130135983,Elective,2022-12-27,Ibuprofen,Abnormal,7,2022,12
26,Female,B-,Obesity,2023-02-17,David Edwards,Taylor-Flores,Medicare,19362.083631406367,Emergency,2023-02-23,Paracetamol,Inconclusive,6,2023,2
81,Female,O-,Obesity,2024-04-28,Jennifer Baldwin,"and Bailey Sawyer, Weiss",Aetna,4508.969057358538,Elective,2024-05-04,Aspirin,Abnormal,6,2024,4
46,Male,AB-,Arthritis,2020-10-22,Robyn Livingston,"Dyer Smith, and Lin",UnitedHealthcare,15780.378581978372,Urgent,2020-11-18,Penicillin,Normal,27,2020,10
49,Male,O+,Asthma,2019-12-20,Michael Jackson,Inc Yu,Medicare,35006.19007004213,Elective,2020-01-01,Aspirin,Abnormal,12,2019,12
26,Male,O+,Cancer,2023-12-30,Tammie White,Weaver-Watkins,UnitedHealthcare,12775.680440129452,Urgent,2024-01-23,Lipitor,Abnormal,24,2023,12
67,Male,A-,Cancer,2022-06-15,Jackie Hall,"Sanchez Cruz and Rose,",Cigna,22894.728056271648,Elective,2022-07-01,Ibuprofen,Abnormal,16,2022,6
83,Male,B+,Obesity,2023-09-21,Tina Heath,Allen PLC,Cigna,31416.71539427929,Elective,2023-09-23,Lipitor,Normal,2,2023,9
55,Male,A+,Diabetes,2020-06-07,Richard Williams,Gray-Joyce,Cigna,30366.88809028577,Elective,2020-06-08,Paracetamol,Abnormal,1,2020,6
41,Female,AB+,Hypertension,2021-09-01,Gregory Taylor,Ellis-Flores,UnitedHealthcare,25503.51106996956,Elective,2021-09-06,Lipitor,Normal,5,2021,9
40,Female,B+,Arthritis,2021-05-01,Michelle Lopez,Hooper-Holt,Cigna,22983.565240987216,Emergency,2021-05-31,Ibuprofen,Abnormal,30,2021,5
75,Male,AB+,Asthma,2021-07-30,Melissa Giles,Young-Perez,Cigna,3712.404991598673,Urgent,2021-08-26,Penicillin,Normal,27,2021,7
80,Female,AB+,Asthma,2021-05-15,Ellen Perry,Cook-Rogers,Cigna,36915.57717489071,Emergency,2021-06-14,Ibuprofen,Normal,30,2021,5
65,Male,B+,Obesity,2022-08-15,Lisa Johnson,Smith-Ramsey,Aetna,6834.185376228379,Elective,2022-08-25,Ibuprofen,Normal,10,2022,8
23,Female,AB+,Obesity,2022-02-03,Timothy Bernard,"Miller, Miller and Cole",UnitedHealthcare,30429.21239437057,Emergency,2022-02-15,Ibuprofen,Normal,12,2022,2
70,Female,A+,Arthritis,2022-02-27,Amanda Garrett,"Collier Grant Jacobs, and",Medicare,30905.387004487824,Elective,2022-03-14,Ibuprofen,Normal,15,2022,2
25,Female,B-,Asthma,2024-03-19,Kelly Velasquez,Parsons-Villa,Aetna,38803.33759312379,Elective,2024-04-01,Ibuprofen,Normal,13,2024,3
56,Male,B-,Cancer,2023-05-02,Katrina Ellis,Sanchez-Fischer,Blue Cross,38895.94363005254,Elective,2023-05-17,Ibuprofen,Abnormal,15,2023,5
64,Male,AB-,Hypertension,2019-09-08,Martin Rice,"Bauer, and Watson Little",UnitedHealthcare,18190.17851153117,Elective,2019-09-20,Penicillin,Normal,12,2019,9
48,Female,O-,Arthritis,2023-07-16,Michele Dunn,Ltd Lewis,UnitedHealthcare,49030.10758227823,Elective,2023-08-01,Ibuprofen,Inconclusive,16,2023,7
63,Male,A-,Hypertension,2020-09-28,Ann Green,"Rodriguez and Robinson, Church",Blue Cross,32132.015535372477,Emergency,2020-10-15,Penicillin,Inconclusive,17,2020,9
75,Male,AB-,Hypertension,2020-07-25,Jeremy Jones,Zhang-Trevino,Cigna,27219.59814600136,Urgent,2020-08-08,Ibuprofen,Normal,14,2020,7
61,Male,B-,Asthma,2022-02-09,Taylor Baker,Group Fleming,Cigna,40028.29570409599,Elective,2022-03-09,Penicillin,Abnormal,28,2022,2
60,Female,AB+,Cancer,2021-11-24,Shane Owen,"Gonzalez Anderson and Decker,",Cigna,26738.813915471077,Elective,2021-12-02,Paracetamol,Inconclusive,8,2021,11
64,Male,A-,Diabetes,2022-01-27,Alejandro Hernandez,Group Hunt,Cigna,15094.035478507309,Elective,2022-02-01,Lipitor,Inconclusive,5,2022,1
56,Female,O+,Asthma,2022-12-09,Dr. David Evans,"Sanders Burton and Stewart,",UnitedHealthcare,15278.625236241942,Urgent,2022-12-10,Ibuprofen,Abnormal,1,2022,12
21,Male,B+,Diabetes,2022-07-10,Alan Long,"Adams West and Poole,",Blue Cross,31473.65280748393,Emergency,2022-07-28,Penicillin,Normal,18,2022,7
83,Male,A-,Cancer,2022-05-20,Dylan Patton,"and Beck, Scott Leblanc",Aetna,11191.023729271768,Urgent,2022-05-26,Penicillin,Inconclusive,6,2022,5
35,Female,A-,Obesity,2022-01-27,Jeffrey Adams,Schneider-Bell,Blue Cross,13182.45230721866,Elective,2022-02-14,Ibuprofen,Normal,18,2022,1
80,Female,B-,Hypertension,2021-10-10,Natasha Watson,and Sons Marshall,Medicare,20832.089371225364,Urgent,2021-10-22,Penicillin,Abnormal,12,2021,10
76,Female,B-,Diabetes,2019-10-21,Darlene Rodriguez,Williams Group,Medicare,36792.38588209641,Elective,2019-10-25,Penicillin,Normal,4,2019,10
23,Male,B-,Arthritis,2024-04-09,Gary Nguyen,Fuller-Jones,Cigna,44734.19117601085,Elective,2024-04-26,Penicillin,Inconclusive,17,2024,4
52,Female,O-,Asthma,2023-10-23,Stacy Holt,LLC Flores,Medicare,32722.380779477484,Emergency,2023-11-09,Aspirin,Inconclusive,17,2023,10
61,Male,B-,Diabetes,2020-03-09,Kyle Blackwell,Payne-Lynch,Cigna,14277.842049906105,Elective,2020-03-13,Paracetamol,Abnormal,4,2020,3
80,Male,AB-,Obesity,2021-01-20,James Goodwin,"Kline, Davis Thomas and",Cigna,15548.695264913877,Urgent,2021-02-10,Lipitor,Inconclusive,21,2021,1
76,Male,AB-,Hypertension,2023-10-03,Jenna Gardner,Ayers Group,Blue Cross,24988.105859077885,Emergency,2023-10-23,Ibuprofen,Abnormal,20,2023,10
49,Male,O-,Asthma,2024-04-01,Daniel Lopez,Cox Group,Aetna,30633.949983192408,Emergency,2024-04-18,Aspirin,Normal,17,2024,4
18,Female,O+,Asthma,2021-01-09,Javier Allen,Reid-Brooks,UnitedHealthcare,12366.439351726722,Elective,2021-01-27,Lipitor,Normal,18,2021,1
71,Male,O-,Asthma,2022-03-08,Dr. Stephen Thompson,"Rodgers and Perkins, Anderson",Medicare,19389.10179733756,Emergency,2022-03-21,Ibuprofen,Normal,13,2022,3
60,Male,O-,Diabetes,2023-05-15,Mr. Christopher Zimmerman MD,"Valenzuela Johnson and Peters,",UnitedHealthcare,40997.02802303733,Urgent,2023-05-24,Ibuprofen,Inconclusive,9,2023,5
48,Female,A-,Obesity,2021-12-13,Jennifer Bowman,Gill PLC,Cigna,28936.32445374518,Urgent,2022-01-08,Lipitor,Inconclusive,26,2021,12
66,Female,A+,Asthma,2020-08-01,Mrs. Vanessa Jordan,Mcdonald-Carey,Cigna,34207.24357404425,Emergency,2020-08-06,Lipitor,Abnormal,5,2020,8
27,Female,AB+,Diabetes,2023-07-18,Stephanie Owens,"and Burke, Fowler Hoffman",Blue Cross,22240.221592894504,Elective,2023-08-02,Aspirin,Normal,15,2023,7
32,Male,AB+,Arthritis,2019-11-22,Katie Burgess,Inc Stephens,Cigna,18391.520575061768,Elective,2019-12-18,Lipitor,Inconclusive,26,2019,11
59,Male,AB-,Arthritis,2023-07-24,Eric Mendoza,Wilson Group,Medicare,5839.393702995724,Emergency,2023-08-06,Penicillin,Inconclusive,13,2023,7
48,Male,O+,Obesity,2023-08-02,Robert King,LLC Stewart,Medicare,29146.46686724807,Elective,2023-08-30,Lipitor,Inconclusive,28,2023,8
34,Female,AB-,Hypertension,2022-05-16,Sean Gomez,Parsons-Hughes,Aetna,29894.6636726313,Elective,2022-06-01,Paracetamol,Abnormal,16,2022,5
79,Female,O-,Hypertension,2021-12-19,Randy Sims,Flores Inc,Cigna,25268.095625553506,Emergency,2021-12-20,Paracetamol,Normal,1,2021,12
27,Female,AB-,Obesity,2020-11-10,Lauren Dawson,Collins-Frazier,Cigna,35640.09482905073,Emergency,2020-12-02,Aspirin,Abnormal,22,2020,11
47,Female,B-,Arthritis,2023-05-25,Joseph Alvarado,Allen Group,Aetna,32373.12915151614,Emergency,2023-06-17,Aspirin,Normal,23,2023,5
39,Male,A-,Asthma,2020-12-02,Marie Stuart,Sons and Smith,Cigna,18895.400957303154,Emergency,2020-12-23,Lipitor,Normal,21,2020,12
75,Female,AB+,Asthma,2022-08-17,Jennifer Mcpherson,and Webb Sons,Blue Cross,43960.42474541329,Emergency,2022-09-16,Penicillin,Inconclusive,30,2022,8
18,Female,B-,Diabetes,2019-06-03,Emily Jones,Smith Ltd,UnitedHealthcare,25046.642297062728,Elective,2019-06-15,Penicillin,Normal,12,2019,6
56,Male,AB+,Arthritis,2019-11-30,Diane White,"Rodriguez, and Dawson Jimenez",Medicare,36674.12084660964,Urgent,2019-12-03,Aspirin,Inconclusive,3,2019,11
38,Male,A-,Cancer,2022-08-21,Hayden Cole,Mata-Clark,Blue Cross,16550.085601046172,Elective,2022-09-10,Penicillin,Inconclusive,20,2022,8
64,Male,O-,Diabetes,2022-04-30,Leslie Cantrell,"and Cole Fields, Brennan",UnitedHealthcare,47655.04375293965,Elective,2022-05-05,Lipitor,Inconclusive,5,2022,4
43,Female,O+,Hypertension,2023-08-28,Mark Bell Jr.,"Garner, and King Smith",UnitedHealthcare,41738.70742935922,Emergency,2023-09-18,Ibuprofen,Abnormal,21,2023,8
27,Female,AB+,Obesity,2023-12-03,Melissa Thomas,"Phillips Jennings and Glass,",Medicare,10454.339694129316,Elective,2023-12-11,Ibuprofen,Normal,8,2023,12
83,Male,AB+,Asthma,2022-01-14,Michelle Taylor,Butler LLC,Cigna,46063.15379405624,Emergency,2022-01-28,Penicillin,Normal,14,2022,1
53,Male,O+,Diabetes,2021-12-17,Lance Garcia,"and Hicks Ray, Lloyd",UnitedHealthcare,21913.87705249128,Elective,2022-01-13,Ibuprofen,Abnormal,27,2021,12
27,Male,B-,Arthritis,2023-01-02,Rebecca Williams,"Oliver, Watson Golden and",Cigna,30144.173239716016,Urgent,2023-01-17,Paracetamol,Abnormal,15,2023,1
32,Female,AB-,Hypertension,2021-01-24,Michael Espinoza,"Terry Stevens, and Ramos",Blue Cross,42499.90817863381,Urgent,2021-02-08,Ibuprofen,Abnormal,15,2021,1
36,Male,A-,Arthritis,2019-09-19,Robin Gordon,"Patel and White, Lucas",Cigna,24625.4988982101,Emergency,2019-09-25,Paracetamol,Normal,6,2019,9
81,Male,B-,Cancer,2020-04-26,James Richards,"Young and Hanson Long,",Aetna,18056.17153036976,Elective,2020-05-24,Aspirin,Normal,28,2020,4
24,Female,O+,Cancer,2023-07-02,Mitchell Bell,Rocha Inc,Blue Cross,45690.96380309157,Emergency,2023-08-01,Lipitor,Abnormal,30,2023,7
63,Male,B+,Diabetes,2022-11-09,Nicholas Holmes,Sawyer Inc,Cigna,41225.915169468586,Urgent,2022-11-17,Paracetamol,Abnormal,8,2022,11
78,Female,B-,Obesity,2022-02-24,Robert Brady,"Phillips Michael and Daniel,",UnitedHealthcare,13449.375033830967,Emergency,2022-02-26,Aspirin,Inconclusive,2,2022,2
50,Female,AB-,Diabetes,2021-07-05,Troy Smith,"Wells, and Davidson Reyes",Medicare,1137.9831683763855,Urgent,2021-07-18,Penicillin,Normal,13,2021,7
32,Female,A+,Hypertension,2020-12-04,Taylor Bell,LLC Drake,Cigna,29560.221565136657,Emergency,2020-12-05,Penicillin,Abnormal,1,2020,12
38,Male,A+,Hypertension,2021-12-24,Luis Baldwin,LLC Tate,Cigna,10891.930256165571,Urgent,2022-01-13,Ibuprofen,Normal,20,2021,12
55,Female,O+,Cancer,2020-07-10,Grant Dawson,"Lester, Robles and Jackson",Aetna,5803.427261826771,Elective,2020-07-15,Paracetamol,Inconclusive,5,2020,7
35,Female,AB-,Hypertension,2022-04-10,Meredith Mejia,Cox-Neal,Medicare,34508.51121379354,Urgent,2022-04-20,Paracetamol,Normal,10,2022,4
61,Female,AB+,Hypertension,2019-09-08,Cathy Jackson,Park Sons and,Aetna,45268.23331633351,Urgent,2019-09-10,Paracetamol,Inconclusive,2,2019,9
80,Male,B-,Arthritis,2023-07-21,Alex Johnson,Burns-Rose,Medicare,51257.62079323422,Elective,2023-07-23,Penicillin,Abnormal,2,2023,7
71,Female,B+,Obesity,2020-09-25,Charles Gross,"and Johnston Gill Mathis,",Medicare,22832.1527342854,Emergency,2020-10-21,Penicillin,Abnormal,26,2020,9
70,Female,O-,Hypertension,2021-05-06,Renee Sanchez,Ltd Byrd,Medicare,35610.61941931063,Emergency,2021-05-26,Lipitor,Inconclusive,20,2021,5
30,Female,O+,Asthma,2021-06-08,Katherine Chavez,"Montes, Medina and Wilson",UnitedHealthcare,36769.46788709695,Emergency,2021-06-30,Paracetamol,Inconclusive,22,2021,6
33,Female,O-,Obesity,2022-04-02,Maxwell Scott,Shaw Sons and,Blue Cross,49494.55508832604,Urgent,2022-04-29,Paracetamol,Abnormal,27,2022,4
68,Female,O+,Arthritis,2021-11-21,Tamara Mendoza,Newman Ltd,UnitedHealthcare,1120.3620558847592,Emergency,2021-12-01,Penicillin,Normal,10,2021,11
67,Male,B+,Obesity,2022-11-13,Amber Gonzalez,Brown Group,Cigna,27544.72464192569,Urgent,2022-11-22,Paracetamol,Inconclusive,9,2022,11
51,Male,O+,Obesity,2023-01-17,Misty Nguyen,Thompson Group,Blue Cross,2757.368263208007,Urgent,2023-02-13,Penicillin,Normal,27,2023,1
42,Male,AB-,Hypertension,2022-05-25,Diana Johnson,Ayers-Bowers,UnitedHealthcare,10487.865997908935,Elective,2022-06-02,Paracetamol,Normal,8,2022,5
